season,athlete_id,athlete_display_name,athlete_position_abbreviation,team_id,team_short_display_name,games_played,games_started,minutes_total,pts_total,fgm_total,fga_total,fg3m_total,fg3a_total,ftm_total,fta_total,oreb_total,dreb_total,reb_total,ast_total,stl_total,blk_total,tov_total,pf_total,team_minutes_total,team_fgm_total,team_fga_total,team_fg3a_total,team_ftm_total,team_fta_total,team_oreb_total,team_dreb_total,team_reb_total,team_tov_total,opp_oreb_total,opp_dreb_total,opp_reb_total,mpg,ppg,rpg,apg,spg,bpg,tovpg,oreb_pg,dreb_pg,fg_pct,fg3_pct,ft_pct,efg_pct,ts_pct,pts_per_36,reb_per_36,ast_per_36,stl_per_36,blk_per_36,tov_per_36,oreb_per_36,dreb_per_36,usg_weight,usage,ast_denom,ast_pct,tov_denom,tov_pct,oreb_chances,oreb_pct,dreb_chances,dreb_pct,threepar,fta_rate,ts_weight,efg_weight,ast_weight,stl_weight,tov_weight,oreb_weight,dreb_weight,fg3_weight,ft_weight,threepar_weight,fta_rate_weight,usage_pctile_pos,ts_pctile_pos,efg_pctile_pos,ast_pctile_pos,stl_pctile_pos,tov_pctile_pos,oreb_pctile_pos,dreb_pctile_pos,fg3_pctile_pos,ft_pctile_pos,threepar_pctile_pos,fta_rate_pctile_pos,usage_pos_avg,ts_pos_avg,efg_pos_avg,ast_pos_avg,stl_pos_avg,tov_pos_avg,oreb_pos_avg,dreb_pos_avg,fg3_pos_avg,ft_pos_avg,threepar_pos_avg,fta_rate_pos_avg,usage_pos_avg_pctile,ts_pos_avg_pctile,efg_pos_avg_pctile,ast_pos_avg_pctile,stl_pos_avg_pctile,tov_pos_avg_pctile,oreb_pos_avg_pctile,dreb_pos_avg_pctile,fg3_pos_avg_pctile,ft_pos_avg_pctile,threepar_pos_avg_pctile,fta_rate_pos_avg_pctile,headshot_url
2026,869,DeWanna Bonner,F,11,Mercury,11,6,279,86,30,89,6,43,20,21,8,44,52,11,10,6,10,20,2198,296,718,267,228,282,89,267,356,139,79,301,380,25.363636363636363,7.818181818181818,4.7272727272727275,1,0.9090909090909091,0.5454545454545454,0.9090909090909091,0.7272727272727273,4,0.33707865168539325,0.13953488372093023,0.9523809523809523,0.3707865168539326,0.4377035830618893,11.096774193548388,6.709677419354839,1.4193548387096775,1.2903225806451613,0.7741935483870968,1.2903225806451613,1.032258064516129,5.67741935483871,108.24,0.17383484779336883,157.86169244767967,0.0696812496397487,108.24,0.09238728750923873,247.5204731574158,0.03232055877217168,219.59508644222018,0.20036878198354985,0.48314606741573035,0.23595505617977527,98.24,89,157.86169244767967,279,108.24,247.5204731574158,219.59508644222018,43,21,89,89,0.3490578949769606,0.09662800687285224,0.10141364474492932,0.20246721168923154,0.5824870664878329,0.1423422601396049,0.15842786681176063,0.6395995205631696,0.08716026241799438,0.9644859813084112,0.7624462200368777,0.3337430854333128,0.20098584361301935,0.5537210051546392,0.512138905961893,0.12475397702274563,0.8699373501251256,0.15032620101281993,0.07774783134386844,0.1844192974153495,0.3270852858481724,0.7401869158878505,0.3279041180086048,0.3288260602335587,0.5208236385479872,0.49686569301260025,0.5184921122720754,0.6507351915172096,0.5044925592386792,0.5921801785361254,0.599145201099469,0.5291608678754232,0.42575445173383314,0.4660934579439253,0.44784265519360783,0.5245564433517722,https://a.espncdn.com/i/headshots/wnba/players/full/869.png
2026,924,Alysha Clark,F,3,Wings,7,0,68,20,5,11,4,10,6,8,3,8,11,2,2,1,3,12,1798,287,635,221,138,177,81,220,301,90,61,234,295,9.714285714285714,2.857142857142857,1.5714285714285714,0.2857142857142857,0.2857142857142857,0.14285714285714285,0.42857142857142855,0.42857142857142855,1.1428571428571428,0.45454545454545453,0.4,0.75,0.6363636363636364,0.6887052341597797,10.588235294117647,5.823529411764706,1.0588235294117647,1.0588235294117647,0.5294117647058824,1.588235294117647,1.588235294117647,4.235294117647059,17.52,0.11539692401472347,49.27141268075639,0.04059148888136359,17.52,0.17123287671232876,59.566184649610676,0.050364145658263304,53.13681868743048,0.15055474146954156,0.9090909090909091,0.7272727272727273,14.52,11,49.27141268075639,68,17.52,59.566184649610676,53.13681868743048,10,8,11,11,0.0405584196359323,0.9550794673539519,0.923478795328826,0.08553719119952201,0.09724085073768922,0.6930060677950636,0.36554438280598073,0.3008034775783559,0.7132146204311153,0.4953271028037383,0.9984634296250768,0.9895513214505224,0.20098584361301935,0.5537210051546392,0.512138905961893,0.12475397702274563,0.8699373501251256,0.15032620101281993,0.07774783134386844,0.1844192974153495,0.3270852858481724,0.7401869158878505,0.3279041180086048,0.3288260602335587,0.5208236385479872,0.49686569301260025,0.5184921122720754,0.6507351915172096,0.5044925592386792,0.5921801785361254,0.599145201099469,0.5291608678754232,0.42575445173383314,0.4660934579439253,0.44784265519360783,0.5245564433517722,https://a.espncdn.com/i/headshots/wnba/players/full/924.png
2026,1054,Tiffany Hayes,G,129689,Valkyries,8,1,118,59,19,41,4,11,17,20,1,10,11,16,4,0,5,16,2000,292,717,319,157,204,98,237,335,97,88,269,357,14.75,7.375,1.375,2,0.5,0,0.625,0.125,1.25,0.4634146341463415,0.36363636363636365,0.85,0.5121951219512195,0.5923694779116466,18,3.3559322033898304,4.88135593220339,1.2203389830508475,0,1.5254237288135593,0.3050847457627119,3.0508474576271185,54.8,0.20554429479552844,67.14,0.23830801310694072,54.8,0.09124087591240876,108.265,0.0092365953909389,95.875,0.10430247718383312,0.2682926829268293,0.4878048780487805,49.8,41,67.14,118,54.8,108.265,95.875,11,20,41,41,0.4632497189587145,0.7018235168102412,0.598158379373849,0.6211886004271454,0.20369410239792612,0.08806511340842463,0.20734251900582523,0.4976759623103653,0.6499125874125874,0.6602525556223692,0.16795580110497238,0.920073664825046,0.22213637643936943,0.5456268704192985,0.49281767955801103,0.20159915392003824,0.9192844120306856,0.1511285736328168,0.026978910525859517,0.1102015928408422,0.3339160839160839,0.82501503307276,0.42136279926335174,0.30626151012891345,0.5414786656878927,0.4817975854439699,0.49520620570344326,0.5353616282620299,0.5497659681716713,0.5460117297025181,0.541234652214206,0.5142351181195609,0.5703803771985589,0.423799024520612,0.5663039232100006,0.51635321911565,https://a.espncdn.com/i/headshots/wnba/players/full/1054.png
2026,1068,Nneka Ogwumike,F,6,Sparks,8,8,256,122,44,87,11,22,23,30,13,46,59,16,9,3,13,16,1802,275,585,219,165,209,69,194,263,142,84,212,296,32,15.25,7.375,2,1.125,0.375,1.625,1.625,5.75,0.5057471264367817,0.5,0.7666666666666667,0.5689655172413793,0.6087824351297405,17.15625,8.296875,2.25,1.265625,0.421875,1.828125,1.828125,6.46875,113.2,0.19459360042004492,151.33851276359604,0.10572325383554809,113.2,0.11484098939929328,199.6004439511654,0.06513011565836298,197.46947835738072,0.2329473920863309,0.25287356321839083,0.3448275862068966,100.2,87,151.33851276359604,256,113.2,199.6004439511654,197.46947835738072,22,30,87,87,0.4723116930516903,0.7705326460481099,0.7728948985863553,0.5479224161021353,0.8042728492048286,0.2915735206898125,0.5407128113291644,0.8207518374262617,0.9475164011246485,0.6401869158878505,0.4167178856791641,0.5792870313460357,0.20098584361301935,0.5537210051546392,0.512138905961893,0.12475397702274563,0.8699373501251256,0.15032620101281993,0.07774783134386844,0.1844192974153495,0.3270852858481724,0.7401869158878505,0.3279041180086048,0.3288260602335587,0.5208236385479872,0.49686569301260025,0.5184921122720754,0.6507351915172096,0.5044925592386792,0.5921801785361254,0.599145201099469,0.5291608678754232,0.42575445173383314,0.4660934579439253,0.44784265519360783,0.5245564433517722,https://a.espncdn.com/i/headshots/wnba/players/full/1068.png
2026,2284331,Emma Cannon,F,6,Sparks,2,0,3,3,1,1,1,1,0,0,0,0,0,0,0,0,2,2,1802,275,585,219,165,209,69,194,263,142,84,212,296,1.5,1.5,0,0,0,0,1,0,0,1,1,NA,1.5,1.5,36,0,0,0,0,24,0,0,3,0.4400703331054019,1.289123196448391,0,3,0.6666666666666666,2.3390677025527196,0,2.314095449500555,0,1,0,1,1,1.289123196448391,3,3,2.3390677025527196,2.314095449500555,1,0,1,1,1,1,1,2.0539367257881347e-4,2.8741138149070703e-4,1,2.6981816207709e-4,2.6976223574522737e-4,1,NA,0.9987707437000615,3.0731407498463427e-4,0.20098584361301935,0.5537210051546392,0.512138905961893,0.12475397702274563,0.8699373501251256,0.15032620101281993,0.07774783134386844,0.1844192974153495,0.3270852858481724,0.7401869158878505,0.3279041180086048,0.3288260602335587,0.5208236385479872,0.49686569301260025,0.5184921122720754,0.6507351915172096,0.5044925592386792,0.5921801785361254,0.599145201099469,0.5291608678754232,0.42575445173383314,0.4660934579439253,0.44784265519360783,0.5245564433517722,https://a.espncdn.com/i/headshots/wnba/players/full/2284331.png
2026,2327695,Rebekah Gardner,G,9,Liberty,10,0,189,68,26,45,5,14,11,13,7,16,23,16,3,2,9,15,2024,297,649,285,177,204,71,273,344,140,87,229,316,18.9,6.8,2.3,1.6,0.3,0.2,0.9,0.7,1.6,0.5777777777777777,0.35714285714285715,0.8461538461538461,0.6333333333333333,0.6703470031545742,12.952380952380953,4.380952380952381,3.0476190476190474,0.5714285714285714,0.38095238095238093,1.7142857142857142,1.3333333333333333,3.0476190476190474,59.72,0.14555536529226729,112.66847826086956,0.14200955091409,59.72,0.1507032819825854,140.0691699604743,0.04997530864197531,168.08300395256916,0.09519106407995298,0.3111111111111111,0.28888888888888886,50.72,45,112.66847826086956,189,59.72,140.0691699604743,168.08300395256916,14,13,45,45,0.05361275817223973,0.9224567166310705,0.9278084714548803,0.3171689318368215,0.08139987038237201,0.5413791963321356,0.9135182745202456,0.420767418313994,0.6280594405594405,0.640408899579074,0.2587476979742173,0.43388581952117866,0.22213637643936943,0.5456268704192985,0.49281767955801103,0.20159915392003824,0.9192844120306856,0.1511285736328168,0.026978910525859517,0.1102015928408422,0.3339160839160839,0.82501503307276,0.42136279926335174,0.30626151012891345,0.5414786656878927,0.4817975854439699,0.49520620570344326,0.5353616282620299,0.5497659681716713,0.5460117297025181,0.541234652214206,0.5142351181195609,0.5703803771985589,0.423799024520612,0.5663039232100006,0.51635321911565,https://a.espncdn.com/i/headshots/wnba/players/full/2327695.png
2026,2490553,Brittney Griner,C,18,Sun,5,5,126,61,24,47,0,2,13,18,10,13,23,10,4,6,9,12,2200,307,745,218,160,237,107,260,367,163,84,275,359,25.2,12.2,4.6,2,0.8,1.2,1.8,2,2.6,0.5106382978723404,0,0.7222222222222222,0.5106382978723404,0.5553532410779315,17.428571428571427,6.571428571428571,2.857142857142857,1.1428571428571428,1.7142857142857142,2.5714285714285716,2.857142857142857,3.7142857142857144,63.92,0.22050489826204056,63.91363636363637,0.15646113363203185,63.92,0.14080100125156444,109.39090909090909,0.09141527466134795,98.50909090909092,0.13196751568844592,0.0425531914893617,0.3829787234042553,54.92,47,63.91363636363637,126,63.92,109.39090909090909,98.50909090909092,2,18,47,47,0.5913461538461539,0.32025872300023733,0.4883116883116883,0.7873983318862678,0.6342740762292697,0.5247033551554828,0.6230488572759622,0.038391445368630574,0.008032128514056224,0.32801822323462415,0.21904761904761905,0.6458874458874458,0.22272243313641205,0.5655856871587942,0.5207792207792208,0.12336122254069086,0.6729113950091548,0.13809328968903437,0.07540553458344665,0.21911445418178252,0.3493975903614458,0.7334851936218679,0.21558441558441557,0.3800865800865801,0.6070636094674556,0.4441997297741423,0.532967032967033,0.5465561525233654,0.503424274300038,0.503690356288556,0.5337923887319408,0.4851744951134827,0.30491195551436523,0.3538636761871386,0.5770895770895771,0.6203796203796204,https://a.espncdn.com/i/headshots/wnba/players/full/2490553.png
2026,2491205,Skylar Diggins,G,19,Sky,8,8,237,113,38,93,8,27,29,38,6,27,33,40,8,8,12,21,1803,256,622,206,169,223,73,233,306,106,90,267,357,29.625,14.125,4.125,5,1,1,1.5,0.75,3.375,0.40860215053763443,0.2962962962962963,0.7631578947368421,0.45161290322580644,0.514947138169887,17.164556962025316,5.012658227848101,6.075949367088608,1.2151898734177216,1.2151898734177216,1.8227848101265822,0.9113924050632911,4.10126582278481,121.72,0.2241796484036708,130.25291181364392,0.30709486216499327,121.72,0.0985869208018403,223.46089850249584,0.026850335070737155,212.28785357737104,0.12718579770349178,0.2903225806451613,0.40860215053763443,109.72,93,130.25291181364392,237,121.72,223.46089850249584,212.28785357737104,27,38,93,93,0.573004606872837,0.33331602214965955,0.3432780847145488,0.8345645828207586,0.5605314322747894,0.18780170608592148,0.5365533731551673,0.6822696499824664,0.30856643356643354,0.19542994588093807,0.20883977900552486,0.7935543278084715,0.22213637643936943,0.5456268704192985,0.49281767955801103,0.20159915392003824,0.9192844120306856,0.1511285736328168,0.026978910525859517,0.1102015928408422,0.3339160839160839,0.82501503307276,0.42136279926335174,0.30626151012891345,0.5414786656878927,0.4817975854439699,0.49520620570344326,0.5353616282620299,0.5497659681716713,0.5460117297025181,0.541234652214206,0.5142351181195609,0.5703803771985589,0.423799024520612,0.5663039232100006,0.51635321911565,https://a.espncdn.com/i/headshots/wnba/players/full/2491205.png
2026,2491214,Erica Wheeler,G,6,Sparks,9,7,253,77,28,75,8,31,13,17,4,15,19,44,11,1,21,28,1802,275,585,219,165,209,69,194,263,142,84,212,296,28.11111111111111,8.555555555555555,2.111111111111111,4.888888888888889,1.2222222222222223,0.1111111111111111,2.3333333333333335,0.4444444444444444,1.6666666666666667,0.37333333333333335,0.25806451612903225,0.7647058823529411,0.4266666666666667,0.46677982541222113,10.956521739130435,2.7035573122529644,6.260869565217392,1.565217391304348,0.1422924901185771,2.9881422924901186,0.5691699604743083,2.1343873517786562,103.48,0.17999398446540313,165.0493895671476,0.26658686902988715,103.48,0.20293776575183609,197.26137624861266,0.02027766446766911,195.15538290788012,0.07686183069354793,0.41333333333333333,0.22666666666666666,82.48,75,165.0493895671476,253,103.48,197.26137624861266,195.15538290788012,31,17,75,75,0.29216721405426854,0.2388359094538538,0.2440147329650092,0.7494149591947805,0.7886584575502268,0.855539268631384,0.4441928399843991,0.21424504338579675,0.20673076923076922,0.20565243535778713,0.5397790055248619,0.2885819521178637,0.22213637643936943,0.5456268704192985,0.49281767955801103,0.20159915392003824,0.9192844120306856,0.1511285736328168,0.026978910525859517,0.1102015928408422,0.3339160839160839,0.82501503307276,0.42136279926335174,0.30626151012891345,0.5414786656878927,0.4817975854439699,0.49520620570344326,0.5353616282620299,0.5497659681716713,0.5460117297025181,0.541234652214206,0.5142351181195609,0.5703803771985589,0.423799024520612,0.5663039232100006,0.51635321911565,https://a.espncdn.com/i/headshots/wnba/players/full/2491214.png
2026,2529047,Odyssey Sims,G,3,Wings,9,7,165,60,23,47,5,12,9,12,0,8,8,27,8,0,14,13,1798,287,635,221,138,177,81,220,301,90,61,234,295,18.333333333333332,6.666666666666667,0.8888888888888888,3,0.8888888888888888,0,1.5555555555555556,0,0.8888888888888888,0.48936170212765956,0.4166666666666667,0.75,0.5425531914893617,0.5738332058148431,13.090909090909092,1.7454545454545454,5.890909090909091,1.7454545454545454,0,3.0545454545454547,0,1.7454545454545454,66.28,0.17991509354203652,108.68798665183536,0.2484175190997897,66.28,0.2112251056125528,144.53559510567297,0,128.9349276974416,0.06204680254502319,0.2553191489361702,0.2553191489361702,52.28,47,108.68798665183536,165,66.28,144.53559510567297,128.9349276974416,12,12,47,47,0.2779112570811383,0.6318170900333023,0.6996316758747698,0.6550631253231908,0.5274789371354505,0.8800835408997729,0.011269979445542803,0.13673116777771632,0.8068181818181818,0.153337342152736,0.1406998158379374,0.3447513812154696,0.22213637643936943,0.5456268704192985,0.49281767955801103,0.20159915392003824,0.9192844120306856,0.1511285736328168,0.026978910525859517,0.1102015928408422,0.3339160839160839,0.82501503307276,0.42136279926335174,0.30626151012891345,0.5414786656878927,0.4817975854439699,0.49520620570344326,0.5353616282620299,0.5497659681716713,0.5460117297025181,0.541234652214206,0.5142351181195609,0.5703803771985589,0.423799024520612,0.5663039232100006,0.51635321911565,https://a.espncdn.com/i/headshots/wnba/players/full/2529047.png
2026,2529122,Chelsea Gray,G,17,Aces,9,9,285,97,36,85,15,40,10,10,1,32,33,65,9,7,29,18,1797,311,639,190,119,165,74,262,336,120,81,234,315,31.666666666666668,10.777777777777779,3.6666666666666665,7.222222222222222,1,0.7777777777777778,3.2222222222222223,0.1111111111111111,3.5555555555555554,0.4235294117647059,0.375,1,0.5117647058823529,0.5425055928411633,12.25263157894737,4.168421052631579,8.210526315789474,1.1368421052631579,0.8842105263157894,3.663157894736842,0.12631578947368421,4.042105263157895,118.4,0.17954380901749323,210.61936560934893,0.3086135969118824,118.4,0.24493243243243243,244.24040066777965,0.004094326725905673,271.9949916527546,0.11764922510357526,0.47058823529411764,0.11764705882352941,89.4,85,210.61936560934893,285,118.4,244.24040066777965,271.9949916527546,40,10,85,85,0.24596072034738908,0.4756139519484819,0.5906077348066299,0.8575660378077683,0.57900194426442,0.9511814755218551,0.10041348164025071,0.5783568326906611,0.6756993006993007,0.9591100420926038,0.7443830570902394,0.13738489871086557,0.22213637643936943,0.5456268704192985,0.49281767955801103,0.20159915392003824,0.9192844120306856,0.1511285736328168,0.026978910525859517,0.1102015928408422,0.3339160839160839,0.82501503307276,0.42136279926335174,0.30626151012891345,0.5414786656878927,0.4817975854439699,0.49520620570344326,0.5353616282620299,0.5497659681716713,0.5460117297025181,0.541234652214206,0.5142351181195609,0.5703803771985589,0.423799024520612,0.5663039232100006,0.51635321911565,https://a.espncdn.com/i/headshots/wnba/players/full/2529122.png
2026,2529130,Natasha Howard,F,8,Lynx,10,10,283,161,70,112,0,3,21,38,35,44,79,34,13,6,37,36,2004,345,688,202,138,178,91,288,379,145,101,217,318,28.3,16.1,7.9,3.4,1.3,0.6,3.7,3.5,4.4,0.625,0,0.5526315789473685,0.625,0.6253884400248602,20.480565371024735,10.049469964664311,4.3250883392226145,1.6537102473498233,0.7632508833922261,4.706713780918728,4.4522968197879855,5.597173144876325,165.72,0.25754036121098905,173.6002994011976,0.1958521967835123,165.72,0.22326816316678735,217.4750499001996,0.16093800192740124,274.66816367265466,0.16019330166141327,0.026785714285714284,0.3392857142857143,128.72,112,173.6002994011976,283,165.72,217.4750499001996,274.66816367265466,3,38,112,112,0.9107714768009488,0.8222830756013746,0.915181315304241,0.8879680561247663,0.8420195439739414,0.8894566357954286,0.9707602304786602,0.3943721264107568,0.0028116213683223993,0.13177570093457944,0.08912108174554395,0.5525507068223725,0.20098584361301935,0.5537210051546392,0.512138905961893,0.12475397702274563,0.8699373501251256,0.15032620101281993,0.07774783134386844,0.1844192974153495,0.3270852858481724,0.7401869158878505,0.3279041180086048,0.3288260602335587,0.5208236385479872,0.49686569301260025,0.5184921122720754,0.6507351915172096,0.5044925592386792,0.5921801785361254,0.599145201099469,0.5291608678754232,0.42575445173383314,0.4660934579439253,0.44784265519360783,0.5245564433517722,https://a.espncdn.com/i/headshots/wnba/players/full/2529130.png
2026,2529137,Natasha Cloud,G,19,Sky,8,6,226,76,27,61,6,24,16,22,2,30,32,34,7,3,24,34,1803,256,622,206,169,223,73,233,306,106,90,267,357,28.25,9.5,4,4.25,0.875,0.375,3,0.25,3.75,0.4426229508196721,0.25,0.7272727272727273,0.4918032786885246,0.5376344086021505,12.106194690265486,5.097345132743363,5.415929203539823,1.1150442477876106,0.4778761061946903,3.8230088495575223,0.3185840707964602,4.778761061946903,94.68,0.18286576035794158,133.44370493621742,0.25478908889895635,94.68,0.25348542458808615,213.08929561841376,0.009385736595523164,202.43483083749305,0.14819584098194472,0.39344262295081966,0.36065573770491804,70.68,61,133.44370493621742,226,94.68,213.08929561841376,202.43483083749305,24,22,61,61,0.33090131593448985,0.45539232551949776,0.4900552486187845,0.7313901394267656,0.5167854828256643,0.9653272202261556,0.22395788617492238,0.8085525305245688,0.1687062937062937,0.1190619362597715,0.4996316758747698,0.65451197053407,0.22213637643936943,0.5456268704192985,0.49281767955801103,0.20159915392003824,0.9192844120306856,0.1511285736328168,0.026978910525859517,0.1102015928408422,0.3339160839160839,0.82501503307276,0.42136279926335174,0.30626151012891345,0.5414786656878927,0.4817975854439699,0.49520620570344326,0.5353616282620299,0.5497659681716713,0.5460117297025181,0.541234652214206,0.5142351181195609,0.5703803771985589,0.423799024520612,0.5663039232100006,0.51635321911565,https://a.espncdn.com/i/headshots/wnba/players/full/2529137.png
2026,2529140,Alyssa Thomas,F,11,Mercury,11,11,364,165,57,117,0,0,51,71,17,60,77,83,20,2,38,29,2198,296,718,267,228,282,89,267,356,139,79,301,380,33.09090909090909,15,7,7.545454545454546,1.8181818181818181,0.18181818181818182,3.4545454545454546,1.5454545454545454,5.454545454545454,0.48717948717948717,NA,0.7183098591549296,0.48717948717948717,0.5565299514301133,16.318681318681318,7.615384615384615,8.208791208791208,1.978021978021978,0.1978021978021978,3.758241758241758,1.6813186813186813,5.934065934065934,186.24,0.22925818015311228,188.09554140127386,0.441265111239037,186.24,0.20403780068728522,322.92993630573244,0.05264299802761342,286.49681528662416,0.2094264117385505,0,0.6068376068376068,148.24,117,188.09554140127386,364,186.24,322.92993630573244,286.49681528662416,0,71,117,117,0.7080888726675486,0.5532753436426117,0.4446834665027658,0.9991225114829196,0.9717378808200805,0.8103928098909621,0.40279527631307904,0.719367124597003,NA,0.4130841121495327,0.035955746773202214,0.968039336201598,0.20098584361301935,0.5537210051546392,0.512138905961893,0.12475397702274563,0.8699373501251256,0.15032620101281993,0.07774783134386844,0.1844192974153495,0.3270852858481724,0.7401869158878505,0.3279041180086048,0.3288260602335587,0.5208236385479872,0.49686569301260025,0.5184921122720754,0.6507351915172096,0.5044925592386792,0.5921801785361254,0.599145201099469,0.5291608678754232,0.42575445173383314,0.4660934579439253,0.44784265519360783,0.5245564433517722,https://a.espncdn.com/i/headshots/wnba/players/full/2529140.png
2026,2529183,Stefanie Dolson,C,14,Storm,11,11,267,67,21,43,7,20,18,20,6,32,38,17,6,12,14,38,2203,283,703,265,182,229,71,275,346,157,111,299,410,24.272727272727273,6.090909090909091,3.4545454545454546,1.5454545454545454,0.5454545454545454,1.0909090909090908,1.2727272727272727,0.5454545454545454,2.909090909090909,0.4883720930232558,0.35,0.9,0.5697674418604651,0.6467181467181468,9.03370786516854,5.123595505617978,2.292134831460674,0.8089887640449438,1.6179775280898876,1.8876404494382022,0.8089887640449438,4.314606741573034,65.8,0.1130171136364735,150.49568769859283,0.1129600472941588,65.8,0.2127659574468085,224.21697684975035,0.026759793501366532,233.91284611892874,0.13680308940249558,0.46511627906976744,0.46511627906976744,51.8,43,150.49568769859283,267,65.8,224.21697684975035,233.91284611892874,20,20,43,43,0.06996726677577741,0.9048777593164016,0.8692640692640693,0.45294356901713423,0.34070410241489674,0.9378835924713583,0.09413271810273394,0.11936093289383808,0.357429718875502,0.9954441913439636,0.8961038961038961,0.8329004329004329,0.22272243313641205,0.5655856871587942,0.5207792207792208,0.12336122254069086,0.6729113950091548,0.13809328968903437,0.07540553458344665,0.21911445418178252,0.3493975903614458,0.7334851936218679,0.21558441558441557,0.3800865800865801,0.6070636094674556,0.4441997297741423,0.532967032967033,0.5465561525233654,0.503424274300038,0.503690356288556,0.5337923887319408,0.4851744951134827,0.30491195551436523,0.3538636761871386,0.5770895770895771,0.6203796203796204,https://a.espncdn.com/i/headshots/wnba/players/full/2529183.png
2026,2529205,Kayla McBride,G,8,Lynx,10,10,317,133,43,107,15,48,32,38,7,37,44,23,18,3,14,15,2004,345,688,202,138,178,91,288,379,145,101,217,318,31.7,13.3,4.4,2.3,1.8,0.3,1.4,0.7,3.7,0.40186915887850466,0.3125,0.8421052631578947,0.4719626168224299,0.5375040413837698,15.10410094637224,4.996845425867508,2.6119873817034702,2.0441640378548898,0.34069400630914826,1.5899053627760253,0.7949526813880127,4.201892744479495,137.72,0.19107090612556182,229.86676646706587,0.10005796119855943,137.72,0.10165553296543713,243.60279441117763,0.028735302552337253,307.6671656686627,0.12025982662006439,0.4485981308411215,0.35514018691588783,123.72,107,229.86676646706587,317,137.72,243.60279441117763,307.6671656686627,48,38,107,107,0.3908182158837922,0.44392150243763107,0.4171270718232044,0.1872294742441455,0.9432274789371354,0.20677474816496572,0.5747713983395476,0.6114596208417251,0.42963286713286714,0.5670475045099218,0.6712707182320442,0.6432780847145488,0.22213637643936943,0.5456268704192985,0.49281767955801103,0.20159915392003824,0.9192844120306856,0.1511285736328168,0.026978910525859517,0.1102015928408422,0.3339160839160839,0.82501503307276,0.42136279926335174,0.30626151012891345,0.5414786656878927,0.4817975854439699,0.49520620570344326,0.5353616282620299,0.5497659681716713,0.5460117297025181,0.541234652214206,0.5142351181195609,0.5703803771985589,0.423799024520612,0.5663039232100006,0.51635321911565,https://a.espncdn.com/i/headshots/wnba/players/full/2529205.png
2026,2529458,Cheyenne Parker-Tyus,F,17,Aces,7,0,72,34,13,24,1,3,7,9,5,13,18,5,2,7,5,14,1797,311,639,190,119,165,74,262,336,120,81,234,315,10.285714285714286,4.857142857142857,2.5714285714285716,0.7142857142857143,0.2857142857142857,1,0.7142857142857143,0.7142857142857143,1.8571428571428572,0.5416666666666666,0.3333333333333333,0.7777777777777778,0.5625,0.6080114449213162,17,9,2.5,1,3.5,2.5,2.5,6.5,32.96,0.19784191117524447,49.30383973288815,0.10141197981918532,32.96,0.15169902912621358,61.70283806343907,0.08103354978354978,68.71452420701169,0.18918853255587947,0.125,0.375,27.96,24,49.30383973288815,72,32.96,61.70283806343907,68.71452420701169,3,9,24,24,0.47983028422829505,0.7436318728522336,0.7212661339889367,0.4777315186135778,0.10413872389346618,0.6047173684930882,0.6168495096385446,0.537598161513497,0.4208059981255858,0.6766355140186916,0.24001229256299939,0.648740012292563,0.20098584361301935,0.5537210051546392,0.512138905961893,0.12475397702274563,0.8699373501251256,0.15032620101281993,0.07774783134386844,0.1844192974153495,0.3270852858481724,0.7401869158878505,0.3279041180086048,0.3288260602335587,0.5208236385479872,0.49686569301260025,0.5184921122720754,0.6507351915172096,0.5044925592386792,0.5921801785361254,0.599145201099469,0.5291608678754232,0.42575445173383314,0.4660934579439253,0.44784265519360783,0.5245564433517722,https://a.espncdn.com/i/headshots/wnba/players/full/2529458.png
2026,2529622,Kayla Thornton,F,129689,Valkyries,10,10,254,98,34,88,18,48,12,13,16,36,52,4,8,4,8,23,2000,292,717,319,157,204,98,237,335,97,88,269,357,25.4,9.8,5.2,0.4,0.8,0.4,0.8,1.6,3.6,0.38636363636363635,0.375,0.9230769230769231,0.48863636363636365,0.5228339735381989,13.88976377952756,7.3700787401574805,0.5669291338582677,1.1338582677165354,0.5669291338582677,1.1338582677165354,2.267716535433071,5.102362204724409,101.72,0.17724725190089488,151.42000000000002,0.02641658961828028,101.72,0.07864726700747149,233.04500000000002,0.06865626810272693,206.375,0.17443973349485162,0.5454545454545454,0.14772727272727273,93.72,88,151.42000000000002,254,101.72,233.04500000000002,206.375,48,13,88,88,0.3798804689994981,0.4002577319587629,0.47172710510141364,0.04652944870715957,0.4204828511209044,0.10231306172726858,0.5675952198685291,0.46055108224285635,0.563261480787254,0.9317757009345794,0.8106945298094653,0.1398279041180086,0.20098584361301935,0.5537210051546392,0.512138905961893,0.12475397702274563,0.8699373501251256,0.15032620101281993,0.07774783134386844,0.1844192974153495,0.3270852858481724,0.7401869158878505,0.3279041180086048,0.3288260602335587,0.5208236385479872,0.49686569301260025,0.5184921122720754,0.6507351915172096,0.5044925592386792,0.5921801785361254,0.599145201099469,0.5291608678754232,0.42575445173383314,0.4660934579439253,0.44784265519360783,0.5245564433517722,https://a.espncdn.com/i/headshots/wnba/players/full/2529622.png
2026,2566081,Elizabeth Williams,C,19,Sky,9,0,160,45,18,42,0,0,9,26,17,28,45,12,5,9,8,11,1803,256,622,206,169,223,73,233,306,106,90,267,357,17.77777777777778,5,5,1.3333333333333333,0.5555555555555556,1,0.8888888888888888,1.8888888888888888,3.111111111111111,0.42857142857142855,NA,0.34615384615384615,0.42857142857142855,0.42103293413173654,10.125,10.125,2.7,1.125,2.025,1.8,3.825,6.3,61.44,0.16761535854355297,95.58846367165835,0.12553816160514314,61.44,0.13020833333333334,150.85967831392125,0.1126875,143.31669439822517,0.1953715170278638,0,0.6190476190476191,53.44,42,95.58846367165835,160,61.44,150.85967831392125,143.31669439822517,0,26,42,42,0.2499488543371522,0.10945288393069072,0.13073593073593073,0.5775513558714759,0.45272039569391914,0.48383797054009814,0.8680504144552691,0.41498984876603723,NA,0.05922551252847381,0.03636363636363636,0.9471861471861471,0.22272243313641205,0.5655856871587942,0.5207792207792208,0.12336122254069086,0.6729113950091548,0.13809328968903437,0.07540553458344665,0.21911445418178252,0.3493975903614458,0.7334851936218679,0.21558441558441557,0.3800865800865801,0.6070636094674556,0.4441997297741423,0.532967032967033,0.5465561525233654,0.503424274300038,0.503690356288556,0.5337923887319408,0.4851744951134827,0.30491195551436523,0.3538636761871386,0.5770895770895771,0.6203796203796204,https://a.espncdn.com/i/headshots/wnba/players/full/2566081.png
2026,2566106,Dearica Hamby,F,6,Sparks,9,9,269,138,46,92,4,14,42,55,22,47,69,29,12,3,16,29,1802,275,585,219,165,209,69,194,263,142,84,212,296,29.88888888888889,15.333333333333334,7.666666666666667,3.2222222222222223,1.3333333333333333,0.3333333333333333,1.7777777777777777,2.4444444444444446,5.222222222222222,0.5,0.2857142857142857,0.7636363636363637,0.5217391304347826,0.5938037865748709,18.46840148698885,9.234200743494425,3.8810408921933086,1.6059479553903346,0.40148698884758366,2.141263940520446,2.9442379182156135,6.289962825278811,132.2,0.21627248340719005,159.25804661487237,0.18209440977340122,132.2,0.12102874432677763,209.7364039955605,0.10489356917011734,207.49722530521643,0.2265090529806638,0.15217391304347827,0.5978260869565217,116.2,92,159.25804661487237,269,132.2,209.7364039955605,207.49722530521643,14,55,92,92,0.5972079018203384,0.6765141752577319,0.5590043023970498,0.8117797053285243,0.8677907645142747,0.35783566768556957,0.7335396244532288,0.7615913596964109,0.302717900656045,0.6121495327102804,0.2931776275353411,0.9320835894283959,0.20098584361301935,0.5537210051546392,0.512138905961893,0.12475397702274563,0.8699373501251256,0.15032620101281993,0.07774783134386844,0.1844192974153495,0.3270852858481724,0.7401869158878505,0.3279041180086048,0.3288260602335587,0.5208236385479872,0.49686569301260025,0.5184921122720754,0.6507351915172096,0.5044925592386792,0.5921801785361254,0.599145201099469,0.5291608678754232,0.42575445173383314,0.4660934579439253,0.44784265519360783,0.5245564433517722,https://a.espncdn.com/i/headshots/wnba/players/full/2566106.png
2026,2566110,Julie Vanloo,G,9,Liberty,5,0,81,29,9,17,7,14,4,4,1,9,10,27,2,0,12,11,2024,297,649,285,177,204,71,273,344,140,87,229,316,16.2,5.8,2,5.4,0.4,0,2.4,0.2,1.8,0.5294117647058824,0.5,1,0.7352941176470589,0.7729211087420041,12.88888888888889,4.444444444444445,12,0.8888888888888888,0,5.333333333333333,0.4444444444444444,4,30.76,0.1749329161349129,50.42934782608695,0.5354025218234724,30.76,0.39011703511053314,60.029644268774696,0.01665843621399177,72.03557312252964,0.12493827160493828,0.8235294117647058,0.23529411764705882,18.76,17,50.42934782608695,81,30.76,60.029644268774696,72.03557312252964,14,4,17,17,0.16966627724998345,0.9996948903877488,0.9998158379373849,0.9993276610789366,0.11542449773169151,0.9950018736085702,0.30808844462554624,0.6479532115533151,0.9493006993006993,0.9615153337342153,0.9972375690607734,0.3125230202578269,0.22213637643936943,0.5456268704192985,0.49281767955801103,0.20159915392003824,0.9192844120306856,0.1511285736328168,0.026978910525859517,0.1102015928408422,0.3339160839160839,0.82501503307276,0.42136279926335174,0.30626151012891345,0.5414786656878927,0.4817975854439699,0.49520620570344326,0.5353616282620299,0.5497659681716713,0.5460117297025181,0.541234652214206,0.5142351181195609,0.5703803771985589,0.423799024520612,0.5663039232100006,0.51635321911565,https://a.espncdn.com/i/headshots/wnba/players/full/2566110.png
2026,2566186,Rachel Banham,G,19,Sky,9,0,152,50,17,50,11,37,5,6,1,8,9,10,2,2,10,14,1803,256,622,206,169,223,73,233,306,106,90,267,357,16.88888888888889,5.555555555555555,1,1.1111111111111112,0.2222222222222222,0.2222222222222222,1.1111111111111112,0.1111111111111111,0.8888888888888888,0.34,0.2972972972972973,0.8333333333333334,0.45,0.4749240121580547,11.842105263157896,2.1315789473684212,2.3684210526315788,0.47368421052631576,0.47368421052631576,2.3684210526315788,0.23684210526315788,1.894736842105263,62.64,0.1798832589632703,90.90904048807542,0.11000006100946258,62.64,0.15964240102171137,143.31669439822517,0.006977554179566564,136.1508596783139,0.0587583509858237,0.74,0.12,52.64,50,90.90904048807542,152,62.64,143.31669439822517,136.1508596783139,37,6,50,50,0.26878017060859216,0.2758190894750167,0.3132596685082873,0.21613894379006443,0.054115359688917695,0.6217735358300085,0.15292244285053574,0.11132842381054792,0.33653846153846156,0.47083583884546,0.958195211786372,0.14659300184162063,0.22213637643936943,0.5456268704192985,0.49281767955801103,0.20159915392003824,0.9192844120306856,0.1511285736328168,0.026978910525859517,0.1102015928408422,0.3339160839160839,0.82501503307276,0.42136279926335174,0.30626151012891345,0.5414786656878927,0.4817975854439699,0.49520620570344326,0.5353616282620299,0.5497659681716713,0.5460117297025181,0.541234652214206,0.5142351181195609,0.5703803771985589,0.423799024520612,0.5663039232100006,0.51635321911565,https://a.espncdn.com/i/headshots/wnba/players/full/2566186.png
2026,2569044,Temi Fagbenle,C,131935,Tempo,1,1,16,2,0,2,0,1,2,2,0,1,1,1,1,0,4,4,2000,292,674,287,206,240,88,225,313,126,85,247,332,16,2,1,1,1,0,4,0,1,0,0,1,0,0.3472222222222222,4.5,2.25,2.25,2.25,0,9,0,2.25,6.88,0.18992932862190812,11.68,0.08561643835616438,6.88,0.5813953488372093,13.4,0,12.4,0.08064516129032258,0.5,1,2.88,2,11.68,16,6.88,13.4,12.4,1,2,2,2,0.32592573649754497,0.0021362449560882978,0.0017316017316017316,0.2132469666854088,0.7026476578411406,1,0.004743822363465658,0.0042922894658042705,0.012048192771084338,1,0.8978354978354979,0.9705627705627705,0.22272243313641205,0.5655856871587942,0.5207792207792208,0.12336122254069086,0.6729113950091548,0.13809328968903437,0.07540553458344665,0.21911445418178252,0.3493975903614458,0.7334851936218679,0.21558441558441557,0.3800865800865801,0.6070636094674556,0.4441997297741423,0.532967032967033,0.5465561525233654,0.503424274300038,0.503690356288556,0.5337923887319408,0.4851744951134827,0.30491195551436523,0.3538636761871386,0.5770895770895771,0.6203796203796204,https://a.espncdn.com/i/headshots/wnba/players/full/2569044.png
2026,2590093,Kiah Stokes,C,129689,Valkyries,10,10,219,40,16,38,5,14,3,6,9,39,48,14,8,20,3,27,2000,292,717,319,157,204,98,237,335,97,88,269,357,21.9,4,4.8,1.4,0.8,2,0.3,0.9,3.9,0.42105263157894735,0.35714285714285715,0.5,0.4868421052631579,0.4921259842519685,6.575342465753424,7.890410958904109,2.3013698630136985,1.3150684931506849,3.287671232876712,0.4931506849315068,1.4794520547945205,6.410958904109589,43.64,0.08819571850610519,143.87,0.09731007159240981,43.64,0.06874427131072411,200.9325,0.04479116121085439,177.9375,0.2191780821917808,0.3684210526315789,0.15789473684210525,40.64,38,143.87,219,43.64,200.9325,177.9375,14,6,38,38,0.02789995908346972,0.20816520294327082,0.24415584415584415,0.37098767333655247,0.697992435263311,0.1552015139116203,0.28703844771155884,0.5261749633713726,0.41365461847389556,0.11617312072892938,0.7324675324675325,0.18961038961038962,0.22272243313641205,0.5655856871587942,0.5207792207792208,0.12336122254069086,0.6729113950091548,0.13809328968903437,0.07540553458344665,0.21911445418178252,0.3493975903614458,0.7334851936218679,0.21558441558441557,0.3800865800865801,0.6070636094674556,0.4441997297741423,0.532967032967033,0.5465561525233654,0.503424274300038,0.503690356288556,0.5337923887319408,0.4851744951134827,0.30491195551436523,0.3538636761871386,0.5770895770895771,0.6203796203796204,https://a.espncdn.com/i/headshots/wnba/players/full/2590093.png
2026,2593770,Betnijah Laney-Hamilton,G,9,Liberty,7,4,140,54,15,34,7,22,17,20,1,11,12,16,5,1,9,8,2024,297,649,285,177,204,71,273,344,140,87,229,316,20,7.714285714285714,1.7142857142857142,2.2857142857142856,0.7142857142857143,0.14285714285714285,1.2857142857142858,0.14285714285714285,1.5714285714285714,0.4411764705882353,0.3181818181818182,0.85,0.5441176470588235,0.6308411214953271,13.885714285714286,3.085714285714286,4.114285714285714,1.2857142857142858,0.2571428571428571,2.3142857142857145,0.2571428571428571,2.8285714285714287,51.8,0.17044016568801493,87.71739130434783,0.18240396530359354,51.8,0.17374517374517376,103.75494071146245,0.009638095238095237,124.50592885375494,0.08834920634920636,0.6470588235294118,0.5882352941176471,42.8,34,87.71739130434783,140,51.8,103.75494071146245,124.50592885375494,22,20,34,34,0.1339630127625807,0.8425699317722973,0.7058931860036832,0.5233843519561974,0.40090732339598184,0.6579562236868208,0.23204804589188888,0.3456284037344445,0.4392482517482518,0.672279013830427,0.9178637200736648,0.9353591160220994,0.22213637643936943,0.5456268704192985,0.49281767955801103,0.20159915392003824,0.9192844120306856,0.1511285736328168,0.026978910525859517,0.1102015928408422,0.3339160839160839,0.82501503307276,0.42136279926335174,0.30626151012891345,0.5414786656878927,0.4817975854439699,0.49520620570344326,0.5353616282620299,0.5497659681716713,0.5460117297025181,0.541234652214206,0.5142351181195609,0.5703803771985589,0.423799024520612,0.5663039232100006,0.51635321911565,https://a.espncdn.com/i/headshots/wnba/players/full/2593770.png
2026,2955898,Damiris Dantas,C,5,Fever,4,0,37,16,6,11,4,9,0,0,0,4,4,1,1,2,3,11,1825,279,618,246,177,210,68,225,293,132,56,211,267,9.25,4,1,0.25,0.25,0.5,0.75,0,1,0.5454545454545454,0.4444444444444444,NA,0.7272727272727273,0.7272727272727273,15.567567567567568,3.891891891891892,0.972972972972973,0.972972972972973,1.945945945945946,2.918918918918919,0,3.891891891891892,14,0.16394599727933062,22.28219178082192,0.044878888479036025,14,0.21428571428571427,28.28219178082192,0,28.484931506849314,0.14042512263152834,0.8181818181818182,0,11,11,22.28219178082192,37,14,28.28219178082192,28.484931506849314,9,0,11,11,0.1582702536824877,1,1,0.059294678662965866,0.14169333721268548,0.9468340834697218,0.014756187576725928,0.1292210596229514,0.9196787148594378,NA,1,0.009523809523809525,0.22272243313641205,0.5655856871587942,0.5207792207792208,0.12336122254069086,0.6729113950091548,0.13809328968903437,0.07540553458344665,0.21911445418178252,0.3493975903614458,0.7334851936218679,0.21558441558441557,0.3800865800865801,0.6070636094674556,0.4441997297741423,0.532967032967033,0.5465561525233654,0.503424274300038,0.503690356288556,0.5337923887319408,0.4851744951134827,0.30491195551436523,0.3538636761871386,0.5770895770895771,0.6203796203796204,https://a.espncdn.com/i/headshots/wnba/players/full/2955898.png
2026,2987869,Jewell Loyd,G,17,Aces,7,0,191,51,18,56,11,40,4,8,0,18,18,11,4,3,6,17,1797,311,639,190,119,165,74,262,336,120,81,234,315,27.285714285714285,7.285714285714286,2.5714285714285716,1.5714285714285714,0.5714285714285714,0.42857142857142855,0.8571428571428571,0,2.5714285714285716,0.32142857142857145,0.275,0.5,0.41964285714285715,0.4284274193548387,9.612565445026178,3.392670157068063,2.073298429319372,0.7539267015706806,0.5654450261780105,1.130890052356021,0,3.392670157068063,65.52000000000001,0.14825321275583056,147.27824151363384,0.07468856150744921,65.52000000000001,0.09157509157509156,163.683917640512,0,182.2843628269338,0.09874681360951261,0.7142857142857143,0.14285714285714285,59.52,56,147.27824151363384,191,65.52000000000001,163.683917640512,182.2843628269338,40,8,56,56,0.06291467366147199,0.06747466616464233,0.2176795580110497,0.09207386918125922,0.3001296176279974,0.09709149822558247,0.024033025019373818,0.45755705066507035,0.2526223776223776,0.019242333132892364,0.9441988950276243,0.17200736648250461,0.22213637643936943,0.5456268704192985,0.49281767955801103,0.20159915392003824,0.9192844120306856,0.1511285736328168,0.026978910525859517,0.1102015928408422,0.3339160839160839,0.82501503307276,0.42136279926335174,0.30626151012891345,0.5414786656878927,0.4817975854439699,0.49520620570344326,0.5353616282620299,0.5497659681716713,0.5460117297025181,0.541234652214206,0.5142351181195609,0.5703803771985589,0.423799024520612,0.5663039232100006,0.51635321911565,https://a.espncdn.com/i/headshots/wnba/players/full/2987869.png
2026,2987891,Courtney Williams,G,8,Lynx,10,10,310,177,77,156,16,39,7,9,6,48,54,40,13,5,19,21,2004,345,688,202,138,178,91,288,379,145,101,217,318,31,17.7,5.4,4,1.3,0.5,1.9,0.6,4.8,0.4935897435897436,0.41025641025641024,0.7777777777777778,0.5448717948717948,0.5532633158289572,20.55483870967742,6.2709677419354835,4.645161290322581,1.5096774193548388,0.5806451612903226,2.206451612903226,0.6967741935483871,5.574193548387097,178.96,0.25389321126533226,189.84131736526945,0.21070228839087168,178.96,0.10616897630755476,238.2235528942116,0.025186426476749055,300.873253493014,0.1595356165519529,0.25,0.057692307692307696,159.96,156,189.84131736526945,310,178.96,238.2235528942116,300.873253493014,39,9,156,156,0.7117067471950977,0.5533000525827204,0.7346224677716391,0.5513527329331461,0.8390797148412185,0.24072012696453368,0.5191292934247423,0.8749739330618478,0.8015734265734266,0.2110643415514131,0.09042357274401473,0.05561694290976059,0.22213637643936943,0.5456268704192985,0.49281767955801103,0.20159915392003824,0.9192844120306856,0.1511285736328168,0.026978910525859517,0.1102015928408422,0.3339160839160839,0.82501503307276,0.42136279926335174,0.30626151012891345,0.5414786656878927,0.4817975854439699,0.49520620570344326,0.5353616282620299,0.5497659681716713,0.5460117297025181,0.541234652214206,0.5142351181195609,0.5703803771985589,0.423799024520612,0.5663039232100006,0.51635321911565,https://a.espncdn.com/i/headshots/wnba/players/full/2987891.png
2026,2988756,Brittney Sykes,G,131935,Tempo,10,10,321,196,59,151,11,45,67,73,10,30,40,38,16,4,23,25,2000,292,674,287,206,240,88,225,313,126,85,247,332,32.1,19.6,4,3.8,1.6,0.4,2.3,1,3,0.39072847682119205,0.24444444444444444,0.9178082191780822,0.4271523178807947,0.5351681957186544,21.981308411214954,4.485981308411215,4.261682242990654,1.794392523364486,0.4485981308411215,2.5794392523364484,1.1214953271028036,3.364485981308411,206.12,0.2836211926070253,175.32999999999998,0.2167341584440769,206.12,0.1115854841839705,268.8375,0.0371971916120333,248.775,0.12059089538739824,0.2980132450331126,0.48344370860927155,183.12,151,175.32999999999998,321,206.12,268.8375,248.775,45,73,151,151,0.8446062115634713,0.42384269327395596,0.2718232044198895,0.5715366742264839,0.916202203499676,0.32610157162695347,0.7846776884181125,0.630820779922926,0.15821678321678323,0.8749248346361996,0.23664825046040516,0.9125230202578268,0.22213637643936943,0.5456268704192985,0.49281767955801103,0.20159915392003824,0.9192844120306856,0.1511285736328168,0.026978910525859517,0.1102015928408422,0.3339160839160839,0.82501503307276,0.42136279926335174,0.30626151012891345,0.5414786656878927,0.4817975854439699,0.49520620570344326,0.5353616282620299,0.5497659681716713,0.5460117297025181,0.541234652214206,0.5142351181195609,0.5703803771985589,0.423799024520612,0.5663039232100006,0.51635321911565,https://a.espncdn.com/i/headshots/wnba/players/full/2988756.png
2026,2998928,Breanna Stewart,F,9,Liberty,10,10,323,188,62,144,6,32,58,64,12,74,86,26,11,11,25,25,2024,297,649,285,177,204,71,273,344,140,87,229,316,32.3,18.8,8.6,2.6,1.1,1.1,2.5,1.2,7.4,0.4305555555555556,0.1875,0.90625,0.4513888888888889,0.546003717472119,20.953560371517028,9.58513931888545,2.8978328173374615,1.2260061919504643,1.2260061919504643,2.7863777089783284,1.3374613003095974,8.24767801857585,197.16,0.28118134940213396,174.9836956521739,0.14858527191974408,197.16,0.12680056806654494,239.37747035573122,0.050130030959752325,287.2529644268775,0.25761265909872716,0.2222222222222222,0.4444444444444444,172.16,144,174.9836956521739,323,197.16,239.37747035573122,287.2529644268775,32,64,144,144,0.9701537478899585,0.456164089347079,0.2618315918869084,0.7631960910821458,0.7602031040429201,0.4733792600027373,0.3586732527200228,0.8984278963965104,0.1949390815370197,0.8869158878504673,0.3887523048555624,0.7732022126613399,0.20098584361301935,0.5537210051546392,0.512138905961893,0.12475397702274563,0.8699373501251256,0.15032620101281993,0.07774783134386844,0.1844192974153495,0.3270852858481724,0.7401869158878505,0.3279041180086048,0.3288260602335587,0.5208236385479872,0.49686569301260025,0.5184921122720754,0.6507351915172096,0.5044925592386792,0.5921801785361254,0.599145201099469,0.5291608678754232,0.42575445173383314,0.4660934579439253,0.44784265519360783,0.5245564433517722,https://a.espncdn.com/i/headshots/wnba/players/full/2998928.png
2026,2998938,Kahleah Copper,G,11,Mercury,11,11,369,200,61,183,14,69,64,78,3,28,31,21,9,1,30,23,2198,296,718,267,228,282,89,267,356,139,79,301,380,33.54545454545455,18.181818181818183,2.8181818181818183,1.9090909090909092,0.8181818181818182,0.09090909090909091,2.727272727272727,0.2727272727272727,2.5454545454545454,0.3333333333333333,0.2028985507246377,0.8205128205128205,0.37158469945355194,0.4601509295048776,19.51219512195122,3.024390243902439,2.048780487804878,0.8780487804878049,0.0975609756097561,2.926829268292683,0.2926829268292683,2.731707317073171,247.32,0.30032129847942585,187.46223839854412,0.11202256080690805,247.32,0.121300339640951,327.36578707916283,0.009164060871377945,290.4322111010009,0.09640803922490092,0.3770491803278688,0.4262295081967213,217.32,183,187.46223839854412,369,247.32,327.36578707916283,290.4322111010009,69,78,183,183,0.8939978398395309,0.21401167206559207,0.12117863720073664,0.23661144035187537,0.4760855476344783,0.40738863050234747,0.19890069314431605,0.44337059082502367,0.08828671328671328,0.41791942273000604,0.4609576427255985,0.8675874769797421,0.22213637643936943,0.5456268704192985,0.49281767955801103,0.20159915392003824,0.9192844120306856,0.1511285736328168,0.026978910525859517,0.1102015928408422,0.3339160839160839,0.82501503307276,0.42136279926335174,0.30626151012891345,0.5414786656878927,0.4817975854439699,0.49520620570344326,0.5353616282620299,0.5497659681716713,0.5460117297025181,0.541234652214206,0.5142351181195609,0.5703803771985589,0.423799024520612,0.5663039232100006,0.51635321911565,https://a.espncdn.com/i/headshots/wnba/players/full/2998938.png
2026,2999101,Jonquel Jones,C,9,Liberty,10,10,294,136,44,103,15,42,33,37,22,71,93,26,7,11,21,30,2024,297,649,285,177,204,71,273,344,140,87,229,316,29.4,13.6,9.3,2.6,0.7,1.1,2.1,2.2,7.1,0.42718446601941745,0.35714285714285715,0.8918918918918919,0.5,0.5700871898054997,16.653061224489797,11.387755102040817,3.183673469387755,0.8571428571428571,1.346938775510204,2.5714285714285716,2.693877551020408,8.693877551020408,140.28,0.2197954260223822,171.70652173913044,0.1514211559156802,140.28,0.1497005988023952,217.88537549407116,0.1009705215419501,261.4624505928854,0.2715495086923658,0.4077669902912621,0.3592233009708738,119.28,103,171.70652173913044,294,140.28,217.88537549407116,261.4624505928854,42,37,103,103,0.5504807692307692,0.510443864229765,0.3333333333333333,0.6735587020172663,0.5691009601396567,0.7316898527004909,0.8146435849231187,0.772483921406719,0.5823293172690763,0.9498861047835991,0.8216450216450216,0.43203463203463205,0.22272243313641205,0.5655856871587942,0.5207792207792208,0.12336122254069086,0.6729113950091548,0.13809328968903437,0.07540553458344665,0.21911445418178252,0.3493975903614458,0.7334851936218679,0.21558441558441557,0.3800865800865801,0.6070636094674556,0.4441997297741423,0.532967032967033,0.5465561525233654,0.503424274300038,0.503690356288556,0.5337923887319408,0.4851744951134827,0.30491195551436523,0.3538636761871386,0.5770895770895771,0.6203796203796204,https://a.espncdn.com/i/headshots/wnba/players/full/2999101.png
2026,3054590,Nia Coffey,F,8,Lynx,10,10,271,92,36,69,19,42,1,1,8,51,59,18,6,12,11,27,2004,345,688,202,138,178,91,288,379,145,101,217,318,27.1,9.2,5.9,1.8,0.6,1.2,1.1,0.8,5.1,0.5217391304347826,0.4523809523809524,1,0.6594202898550725,0.6624423963133641,12.22140221402214,7.837638376383764,2.3911439114391144,0.7970479704797048,1.5940959409594095,1.4612546125461254,1.062730627306273,6.7749077490774905,80.44,0.13054480156354037,197.2709580838323,0.09124505793879055,80.44,0.13674788662357037,208.25349301397205,0.03841472180955576,263.02145708582833,0.19390053026494275,0.6086956521739131,0.014492753623188406,69.44,69,197.2709580838323,271,80.44,208.25349301397205,263.02145708582833,42,1,69,69,0.08284137050047904,0.9315936426116838,0.9446834665027658,0.38783411253704003,0.2971833684613911,0.5181440759158721,0.2082446497258435,0.5949139506161281,0.8959700093720713,0.9654205607476636,0.9287031346035648,0.0313460356484327,0.20098584361301935,0.5537210051546392,0.512138905961893,0.12475397702274563,0.8699373501251256,0.15032620101281993,0.07774783134386844,0.1844192974153495,0.3270852858481724,0.7401869158878505,0.3279041180086048,0.3288260602335587,0.5208236385479872,0.49686569301260025,0.5184921122720754,0.6507351915172096,0.5044925592386792,0.5921801785361254,0.599145201099469,0.5291608678754232,0.42575445173383314,0.4660934579439253,0.44784265519360783,0.5245564433517722,https://a.espncdn.com/i/headshots/wnba/players/full/3054590.png
2026,3056730,Karlie Samuelson,G,132052,Fire,4,0,56,4,2,12,0,10,0,0,1,3,4,4,2,1,2,5,2205,327,715,276,162,201,74,225,299,162,99,250,349,14,1,1,1,0.5,0.25,0.5,0.25,0.75,0.16666666666666666,0,NA,0.16666666666666666,0.16666666666666666,2.5714285714285716,2.5714285714285716,2.5714285714285716,1.2857142857142858,0.6428571428571429,1.2857142857142858,0.6428571428571429,1.9285714285714286,14,0.11419663573085848,39.52380952380952,0.10120481927710845,14,0.14285714285714285,41.14285714285714,0.02430555555555556,41.14285714285714,0.07291666666666667,0.8333333333333334,0,12,12,39.52380952380952,56,14,41.14285714285714,41.14285714285714,10,0,12,12,0.011032248109859588,0.0029212622449575768,0.003683241252302026,0.19154581582577968,0.20732339598185354,0.46030705138095973,0.5005541144690046,0.19905688374744024,0.004370629370629371,NA,0.9994475138121547,0.0022099447513812156,0.22213637643936943,0.5456268704192985,0.49281767955801103,0.20159915392003824,0.9192844120306856,0.1511285736328168,0.026978910525859517,0.1102015928408422,0.3339160839160839,0.82501503307276,0.42136279926335174,0.30626151012891345,0.5414786656878927,0.4817975854439699,0.49520620570344326,0.5353616282620299,0.5497659681716713,0.5460117297025181,0.541234652214206,0.5142351181195609,0.5703803771985589,0.423799024520612,0.5663039232100006,0.51635321911565,https://a.espncdn.com/i/headshots/wnba/players/full/3056730.png
2026,3058892,Lexie Brown,G,14,Storm,10,0,149,38,12,26,9,20,5,6,1,12,13,11,5,1,10,13,2203,283,703,265,182,229,71,275,346,157,111,299,410,14.9,3.8,1.3,1.1,0.5,0.1,1,0.1,1.2,0.46153846153846156,0.45,0.8333333333333334,0.6346153846153846,0.6634078212290503,9.181208053691275,3.140939597315436,2.6577181208053693,1.2080536912751678,0.24161073825503357,2.4161073825503356,0.24161073825503357,2.8993288590604025,38.64,0.11892699040552628,83.70358601906491,0.1314161139702493,38.64,0.2587991718426501,125.12482977757602,0.007992018864502086,130.53563322741715,0.0919289216538582,0.7692307692307693,0.23076923076923078,28.64,26,83.70358601906491,149,38.64,125.12482977757602,130.53563322741715,20,6,26,26,0.01661449952608724,0.8988399343040578,0.932596685082873,0.2862215274225927,0.2169799092676604,0.9706504728106333,0.17337476170259258,0.37155798631886894,0.8994755244755245,0.4744437763078773,0.9755064456721916,0.30939226519337015,0.22213637643936943,0.5456268704192985,0.49281767955801103,0.20159915392003824,0.9192844120306856,0.1511285736328168,0.026978910525859517,0.1102015928408422,0.3339160839160839,0.82501503307276,0.42136279926335174,0.30626151012891345,0.5414786656878927,0.4817975854439699,0.49520620570344326,0.5353616282620299,0.5497659681716713,0.5460117297025181,0.541234652214206,0.5142351181195609,0.5703803771985589,0.423799024520612,0.5663039232100006,0.51635321911565,https://a.espncdn.com/i/headshots/wnba/players/full/3058892.png
2026,3058893,Shatori Walker-Kimbrough,G,5,Fever,2,0,6,0,0,1,0,0,0,0,0,0,0,0,0,0,1,0,1825,279,618,246,177,210,68,225,293,132,56,211,267,3,0,0,0,0,0,0.5,0,0,0,NA,NA,0,0,0,0,0,0,0,6,0,0,2,0.1444286166508389,4.586301369863013,0,2,0.5,4.586301369863013,0,4.61917808219178,0,0,0,1,1,4.586301369863013,6,2,4.586301369863013,4.61917808219178,0,0,1,1,0.04538541230409769,1.622923469420876e-4,1.8416206261510129e-4,5.008637463633238e-4,3.888528839922229e-4,0.9965889302797187,0.024390636043368507,3.5949207787644135e-4,NA,NA,1.8416206261510129e-4,0.0023941068139963165,0.22213637643936943,0.5456268704192985,0.49281767955801103,0.20159915392003824,0.9192844120306856,0.1511285736328168,0.026978910525859517,0.1102015928408422,0.3339160839160839,0.82501503307276,0.42136279926335174,0.30626151012891345,0.5414786656878927,0.4817975854439699,0.49520620570344326,0.5353616282620299,0.5497659681716713,0.5460117297025181,0.541234652214206,0.5142351181195609,0.5703803771985589,0.423799024520612,0.5663039232100006,0.51635321911565,https://a.espncdn.com/i/headshots/wnba/players/full/3058893.png
2026,3058901,Allisha Gray,G,20,Dream,9,9,307,182,62,143,19,58,39,47,5,32,37,13,11,5,17,20,1799,262,613,245,147,196,98,231,329,128,59,210,269,34.111111111111114,20.22222222222222,4.111111111111111,1.4444444444444444,1.2222222222222223,0.5555555555555556,1.8888888888888888,0.5555555555555556,3.5555555555555554,0.43356643356643354,0.3275862068965517,0.8297872340425532,0.5,0.5559628543499511,21.34201954397394,4.3387622149837135,1.52442996742671,1.289902280130293,0.5863192182410424,1.993485342019544,0.5863192182410424,3.752442996742671,180.68,0.25597723256031163,161.55197331851028,0.08046945966032647,180.68,0.09408899712198361,262.80155642023345,0.019025762511104532,247.44302390216785,0.12932270021341122,0.40559440559440557,0.32867132867132864,163.68,143,161.55197331851028,307,180.68,262.80155642023345,247.44302390216785,58,47,143,143,0.7365981881103004,0.5798640639302013,0.516390423572744,0.12510907760343432,0.808554763447829,0.1323318711839002,0.41277132458498855,0.7390434733647252,0.5201048951048951,0.4672279013830427,0.5259668508287293,0.5858195211786372,0.22213637643936943,0.5456268704192985,0.49281767955801103,0.20159915392003824,0.9192844120306856,0.1511285736328168,0.026978910525859517,0.1102015928408422,0.3339160839160839,0.82501503307276,0.42136279926335174,0.30626151012891345,0.5414786656878927,0.4817975854439699,0.49520620570344326,0.5353616282620299,0.5497659681716713,0.5460117297025181,0.541234652214206,0.5142351181195609,0.5703803771985589,0.423799024520612,0.5663039232100006,0.51635321911565,https://a.espncdn.com/i/headshots/wnba/players/full/3058901.png
2026,3065570,Kelsey Plum,G,6,Sparks,6,6,212,161,56,95,20,41,29,35,1,10,11,38,7,0,20,20,1802,275,585,219,165,209,69,194,263,142,84,212,296,35.333333333333336,26.833333333333332,1.8333333333333333,6.333333333333333,1.1666666666666667,0,3.3333333333333335,0.16666666666666666,1.6666666666666667,0.5894736842105263,0.4878048780487805,0.8285714285714286,0.6947368421052632,0.7291666666666666,27.339622641509433,1.8679245283018868,6.452830188679245,1.1886792452830188,0,3.3962264150943398,0.16981132075471697,1.6981132075471699,130.4,0.2706847709289831,105.76470588235296,0.35928809788654054,130.4,0.15337423312883436,165.29411764705884,0.006049822064056939,163.52941176470588,0.06115107913669065,0.43157894736842106,0.3684210526315789,110.4,95,105.76470588235296,212,130.4,165.29411764705884,163.52941176470588,41,35,95,95,0.8015297462913571,0.9966502859591153,0.9813996316758747,0.9158468109222413,0.7385612443292288,0.5593437961513875,0.13043208294978287,0.12669668020350947,0.9431818181818182,0.43896572459410704,0.5880294659300184,0.7226519337016575,0.22213637643936943,0.5456268704192985,0.49281767955801103,0.20159915392003824,0.9192844120306856,0.1511285736328168,0.026978910525859517,0.1102015928408422,0.3339160839160839,0.82501503307276,0.42136279926335174,0.30626151012891345,0.5414786656878927,0.4817975854439699,0.49520620570344326,0.5353616282620299,0.5497659681716713,0.5460117297025181,0.541234652214206,0.5142351181195609,0.5703803771985589,0.423799024520612,0.5663039232100006,0.51635321911565,https://a.espncdn.com/i/headshots/wnba/players/full/3065570.png
2026,3099736,Stephanie Talbot,F,17,Aces,9,9,167,37,14,30,4,17,5,7,7,24,31,13,5,2,6,16,1797,311,639,190,119,165,74,262,336,120,81,234,315,18.555555555555557,4.111111111111111,3.4444444444444446,1.4444444444444444,0.5555555555555556,0.2222222222222222,0.6666666666666666,0.7777777777777778,2.6666666666666665,0.4666666666666667,0.23529411764705882,0.7142857142857143,0.5333333333333333,0.5592503022974608,7.976047904191617,6.682634730538922,2.802395209580838,1.0778443113772456,0.4311377245508982,1.2934131736526946,1.5089820359281436,5.173652694610778,39.08,0.10113504592546507,130.51029493600447,0.09960900024304237,39.08,0.1535312180143296,143.11630495269895,0.04891126837234621,159.37952142459656,0.15058396326879767,0.5666666666666667,0.23333333333333334,33.08,30,130.51029493600447,167,39.08,143.11630495269895,159.37952142459656,17,7,30,30,0.025758474382955428,0.5621563573883162,0.582360172095882,0.46987602680110035,0.25177237018585935,0.6345544960992746,0.3310603755794601,0.3193829082759025,0.24835988753514526,0.3336448598130841,0.835279655808236,0.3063921327596804,0.20098584361301935,0.5537210051546392,0.512138905961893,0.12475397702274563,0.8699373501251256,0.15032620101281993,0.07774783134386844,0.1844192974153495,0.3270852858481724,0.7401869158878505,0.3279041180086048,0.3288260602335587,0.5208236385479872,0.49686569301260025,0.5184921122720754,0.6507351915172096,0.5044925592386792,0.5921801785361254,0.599145201099469,0.5291608678754232,0.42575445173383314,0.4660934579439253,0.44784265519360783,0.5245564433517722,https://a.espncdn.com/i/headshots/wnba/players/full/3099736.png
2026,3102133,Rebecca Allen,G,9,Liberty,5,0,71,12,2,17,2,12,6,6,1,8,9,4,2,1,4,10,2024,297,649,285,177,204,71,273,344,140,87,229,316,14.2,2.4,1.8,0.8,0.4,0.2,0.8,0.2,1.6,0.11764705882352941,0.16666666666666666,1,0.17647058823529413,0.30549898167006106,6.084507042253521,4.563380281690141,2.028169014084507,1.0140845070422535,0.5070422535211268,2.028169014084507,0.5070422535211268,4.056338028169014,23.64,0.15337668507288438,50.09239130434782,0.07985244656612782,23.64,0.1692047377326565,52.61857707509881,0.019004694835680753,63.14229249011857,0.12669796557120502,0.7058823529411765,0.35294117647058826,19.64,17,50.09239130434782,71,23.64,52.61857707509881,63.14229249011857,12,6,17,17,0.0704091079418961,0.006108683938900177,0.006813996316758748,0.1033841765017974,0.12002592352559949,0.6508199792800934,0.3922797070222195,0.6528673225759375,0.039335664335664336,0.9651232711966325,0.9338858195211787,0.623572744014733,0.22213637643936943,0.5456268704192985,0.49281767955801103,0.20159915392003824,0.9192844120306856,0.1511285736328168,0.026978910525859517,0.1102015928408422,0.3339160839160839,0.82501503307276,0.42136279926335174,0.30626151012891345,0.5414786656878927,0.4817975854439699,0.49520620570344326,0.5353616282620299,0.5497659681716713,0.5460117297025181,0.541234652214206,0.5142351181195609,0.5703803771985589,0.423799024520612,0.5663039232100006,0.51635321911565,https://a.espncdn.com/i/headshots/wnba/players/full/3102133.png
2026,3142010,Azura Stevens,F,19,Sky,4,3,68,27,11,32,2,13,3,3,1,8,9,9,3,3,6,7,1803,256,622,206,169,223,73,233,306,106,90,267,357,17,6.75,2.25,2.25,0.75,0.75,1.5,0.25,2,0.34375,0.15384615384615385,1,0.375,0.40516206482593037,14.294117647058824,4.764705882352941,4.764705882352941,1.588235294117647,1.588235294117647,3.176470588235294,0.5294117647058824,4.235294117647059,39.32,0.25239873996371415,37.2750970604548,0.24144806344577202,39.32,0.1525940996948118,64.11536328341653,0.01559688581314879,60.9095951192457,0.13134219632125296,0.40625,0.09375,33.32,32,37.2750970604548,68,39.32,64.11536328341653,60.9095951192457,13,3,32,32,0.8021898809252246,0.07025343642611684,0.11124769514443761,0.9313691920665237,0.37717953630963785,0.619690679319312,0.044168439730475864,0.19067654911763077,0.10590440487347703,0.9682242990654205,0.6124769514443762,0.07406269207129687,0.20098584361301935,0.5537210051546392,0.512138905961893,0.12475397702274563,0.8699373501251256,0.15032620101281993,0.07774783134386844,0.1844192974153495,0.3270852858481724,0.7401869158878505,0.3279041180086048,0.3288260602335587,0.5208236385479872,0.49686569301260025,0.5184921122720754,0.6507351915172096,0.5044925592386792,0.5921801785361254,0.599145201099469,0.5291608678754232,0.42575445173383314,0.4660934579439253,0.44784265519360783,0.5245564433517722,https://a.espncdn.com/i/headshots/wnba/players/full/3142010.png
2026,3142055,Myisha Hines-Allen,F,5,Fever,9,2,161,45,18,37,1,7,8,9,7,24,31,23,8,5,17,23,1825,279,618,246,177,210,68,225,293,132,56,211,267,17.88888888888889,5,3.4444444444444446,2.5555555555555554,0.8888888888888888,0.5555555555555556,1.8888888888888888,0.7777777777777778,2.6666666666666665,0.4864864864864865,0.14285714285714285,0.8888888888888888,0.5,0.54931640625,10.062111801242237,6.931677018633541,5.142857142857143,1.7888198757763976,1.1180124223602483,3.801242236024845,1.565217391304348,5.366459627329193,57.96,0.155982905982906,105.06575342465754,0.2189105322172677,57.96,0.29330572808833677,123.06575342465754,0.05688016206950288,123.94794520547946,0.19362967219999558,0.1891891891891892,0.24324324324324326,40.96,37,105.06575342465754,161,57.96,123.06575342465754,123.94794520547946,7,9,37,37,0.1914320908800584,0.4776739690721649,0.4830977258758451,0.925430218117353,0.528070511592259,0.9733381997353894,0.44508945604454203,0.5642526153943014,0.09372071227741331,0.8177570093457944,0.30454824830977256,0.34511370620774434,0.20098584361301935,0.5537210051546392,0.512138905961893,0.12475397702274563,0.8699373501251256,0.15032620101281993,0.07774783134386844,0.1844192974153495,0.3270852858481724,0.7401869158878505,0.3279041180086048,0.3288260602335587,0.5208236385479872,0.49686569301260025,0.5184921122720754,0.6507351915172096,0.5044925592386792,0.5921801785361254,0.599145201099469,0.5291608678754232,0.42575445173383314,0.4660934579439253,0.44784265519360783,0.5245564433517722,https://a.espncdn.com/i/headshots/wnba/players/full/3142055.png
2026,3142086,Brianna Turner,F,17,Aces,8,0,96,10,4,7,0,0,2,2,8,15,23,3,3,6,5,9,1797,311,639,190,119,165,74,262,336,120,81,234,315,12,1.25,2.875,0.375,0.375,0.75,0.625,1,1.875,0.5714285714285714,NA,1,0.5714285714285714,0.6345177664974619,3.75,8.625,1.125,1.125,2.25,1.875,3,5.625,12.879999999999999,0.05798400673400672,79.07178631051754,0.03794020775272358,12.879999999999999,0.38819875776397517,82.2704507512521,0.09724025974025972,91.61936560934893,0.16372084548104954,0,0.2857142857142857,7.88,7,79.07178631051754,96,12.879999999999999,82.2704507512521,91.61936560934893,0,2,7,7,0.0029380902413431264,0.840539089347079,0.7750460971112477,0.07768686593074385,0.14159800728108832,0.9988594370181122,0.6767466690414349,0.41589468378686073,NA,0.9700934579439252,0.03810694529809465,0.4929317762753534,0.20098584361301935,0.5537210051546392,0.512138905961893,0.12475397702274563,0.8699373501251256,0.15032620101281993,0.07774783134386844,0.1844192974153495,0.3270852858481724,0.7401869158878505,0.3279041180086048,0.3288260602335587,0.5208236385479872,0.49686569301260025,0.5184921122720754,0.6507351915172096,0.5044925592386792,0.5921801785361254,0.599145201099469,0.5291608678754232,0.42575445173383314,0.4660934579439253,0.44784265519360783,0.5245564433517722,https://a.espncdn.com/i/headshots/wnba/players/full/3142086.png
2026,3142191,Kelsey Mitchell,G,5,Fever,9,9,282,190,68,140,18,48,36,44,5,2,7,22,7,0,14,22,1825,279,618,246,177,210,68,225,293,132,56,211,267,31.333333333333332,21.11111111111111,0.7777777777777778,2.4444444444444446,0.7777777777777778,0,1.5555555555555556,0.5555555555555556,0.2222222222222222,0.4857142857142857,0.375,0.8181818181818182,0.55,0.5961345381526104,24.25531914893617,0.8936170212765957,2.8085106382978724,0.8936170212765957,0,1.7872340425531914,0.6382978723404256,0.2553191489361702,173.36,0.2663632444956322,147.55616438356165,0.1490957703590924,173.36,0.08075680664513152,215.55616438356165,0.023195810773024225,217.1013698630137,0.009212286413770475,0.34285714285714286,0.3142857142857143,159.36,140,147.55616438356165,282,173.36,215.55616438356165,217.1013698630137,48,44,140,140,0.7835651464721053,0.7276864252189323,0.7815837937384899,0.3899414579270621,0.4341542449773169,0.06773094980933278,0.4973460524411566,0.019329829310852076,0.6966783216783217,0.35117257967528565,0.3585635359116022,0.549171270718232,0.22213637643936943,0.5456268704192985,0.49281767955801103,0.20159915392003824,0.9192844120306856,0.1511285736328168,0.026978910525859517,0.1102015928408422,0.3339160839160839,0.82501503307276,0.42136279926335174,0.30626151012891345,0.5414786656878927,0.4817975854439699,0.49520620570344326,0.5353616282620299,0.5497659681716713,0.5460117297025181,0.541234652214206,0.5142351181195609,0.5703803771985589,0.423799024520612,0.5663039232100006,0.51635321911565,https://a.espncdn.com/i/headshots/wnba/players/full/3142191.png
2026,3142250,Jordin Canada,G,20,Dream,9,9,276,105,37,77,9,28,22,27,5,30,35,62,21,1,23,24,1799,262,613,245,147,196,98,231,329,128,59,210,269,30.666666666666668,11.666666666666666,3.888888888888889,6.888888888888889,2.3333333333333335,0.1111111111111111,2.5555555555555554,0.5555555555555556,3.3333333333333335,0.4805194805194805,0.32142857142857145,0.8148148148148148,0.538961038961039,0.5906840684068407,13.695652173913043,4.565217391304348,8.08695652173913,2.739130434782609,0.13043478260869565,3,0.6521739130434783,3.9130434782608696,111.88,0.17630840181669236,163.97832128960533,0.3780987603263762,111.88,0.20557740436181624,236.2645914396887,0.021162714097496708,222.4569205113952,0.13485757121439282,0.36363636363636365,0.35064935064935066,88.88,77,163.97832128960533,276,111.88,236.2645914396887,222.4569205113952,28,27,77,77,0.2008343068750413,0.6919561421161624,0.69097605893186,0.9576094173752349,0.9813350615683732,0.8709524544272268,0.4626152714089082,0.7766333838877036,0.451486013986014,0.3084786530366807,0.3860036832412523,0.6204419889502762,0.22213637643936943,0.5456268704192985,0.49281767955801103,0.20159915392003824,0.9192844120306856,0.1511285736328168,0.026978910525859517,0.1102015928408422,0.3339160839160839,0.82501503307276,0.42136279926335174,0.30626151012891345,0.5414786656878927,0.4817975854439699,0.49520620570344326,0.5353616282620299,0.5497659681716713,0.5460117297025181,0.541234652214206,0.5142351181195609,0.5703803771985589,0.423799024520612,0.5663039232100006,0.51635321911565,https://a.espncdn.com/i/headshots/wnba/players/full/3142250.png
2026,3142255,Monique Billings,F,5,Fever,8,8,155,38,12,33,2,7,12,15,16,24,40,9,7,6,7,15,1825,279,618,246,177,210,68,225,293,132,56,211,267,19.375,4.75,5,1.125,0.875,0.75,0.875,2,3,0.36363636363636365,0.2857142857142857,0.8,0.3939393939393939,0.4797979797979798,8.825806451612904,9.290322580645162,2.0903225806451613,1.6258064516129032,1.3935483870967742,1.6258064516129032,3.7161290322580647,5.574193548387097,46.6,0.13026529424378885,106.4794520547945,0.08452335005789272,46.6,0.1502145922746781,118.4794520547945,0.13504451381662622,119.32876712328766,0.20112501434967284,0.21212121212121213,0.45454545454545453,39.6,33,106.4794520547945,155,46.6,118.4794520547945,119.32876712328766,7,15,33,33,0.06449199324786715,0.16645189003436425,0.13767670559311618,0.32290662997906405,0.5126461007855911,0.5866690998676947,0.8507739794721956,0.6535100941373267,0.30927835051546393,0.7074766355140187,0.3257529194837124,0.7833435771358328,0.20098584361301935,0.5537210051546392,0.512138905961893,0.12475397702274563,0.8699373501251256,0.15032620101281993,0.07774783134386844,0.1844192974153495,0.3270852858481724,0.7401869158878505,0.3279041180086048,0.3288260602335587,0.5208236385479872,0.49686569301260025,0.5184921122720754,0.6507351915172096,0.5044925592386792,0.5921801785361254,0.599145201099469,0.5291608678754232,0.42575445173383314,0.4660934579439253,0.44784265519360783,0.5245564433517722,https://a.espncdn.com/i/headshots/wnba/players/full/3142255.png
2026,3142327,Kia Nurse,G,131935,Tempo,10,0,112,43,12,35,8,26,11,12,2,11,13,5,3,0,3,10,2000,292,674,287,206,240,88,225,313,126,85,247,332,11.2,4.3,1.3,0.5,0.3,0,0.3,0.2,1.1,0.34285714285714286,0.3076923076923077,0.9166666666666666,0.45714285714285713,0.5337636544190665,13.821428571428571,4.178571428571429,1.6071428571428572,0.9642857142857143,0,0.9642857142857143,0.6428571428571429,3.5357142857142856,43.28,0.17068399798081776,69.76,0.0716743119266055,43.28,0.06931608133086876,93.80000000000001,0.02132196162046908,86.80000000000001,0.12672811059907832,0.7428571428571429,0.34285714285714286,40.28,35,69.76,112,43.28,93.80000000000001,86.80000000000001,26,12,35,35,0.1399254965062711,0.38713216439565573,0.35948434622467773,0.05205213095457249,0.08865845755022683,0.034871161857738,0.46992920726823073,0.6596226179562943,0.38592657342657344,0.8021647624774504,0.9646408839779006,0.6062615101289135,0.22213637643936943,0.5456268704192985,0.49281767955801103,0.20159915392003824,0.9192844120306856,0.1511285736328168,0.026978910525859517,0.1102015928408422,0.3339160839160839,0.82501503307276,0.42136279926335174,0.30626151012891345,0.5414786656878927,0.4817975854439699,0.49520620570344326,0.5353616282620299,0.5497659681716713,0.5460117297025181,0.541234652214206,0.5142351181195609,0.5703803771985589,0.423799024520612,0.5663039232100006,0.51635321911565,https://a.espncdn.com/i/headshots/wnba/players/full/3142327.png
2026,3142328,Gabby Williams,F,129689,Valkyries,10,10,255,133,45,119,20,53,23,30,9,28,37,26,18,3,15,12,2000,292,717,319,157,204,98,237,335,97,88,269,357,25.5,13.3,3.7,2.6,1.8,0.3,1.5,0.9,2.8,0.37815126050420167,0.37735849056603776,0.7666666666666667,0.46218487394957986,0.5030257186081695,18.776470588235295,5.223529411764706,3.6705882352941175,2.541176470588235,0.4235294117647059,2.1176470588235294,1.2705882352941176,3.9529411764705884,147.2,0.2554903522885652,141.14999999999998,0.1842012043924903,147.2,0.10190217391304349,233.96249999999998,0.038467703157557306,207.18749999999997,0.13514328808446457,0.44537815126050423,0.25210084033613445,132.2,119,141.14999999999998,255,147.2,233.96249999999998,207.18749999999997,53,30,119,119,0.8729686573292577,0.274463058419244,0.3315918869084204,0.8342688801136591,0.9368652998658746,0.18506318718919657,0.2352328945193002,0.21482912382258823,0.612933458294283,0.6682242990654206,0.6690227412415488,0.3816840811309158,0.20098584361301935,0.5537210051546392,0.512138905961893,0.12475397702274563,0.8699373501251256,0.15032620101281993,0.07774783134386844,0.1844192974153495,0.3270852858481724,0.7401869158878505,0.3279041180086048,0.3288260602335587,0.5208236385479872,0.49686569301260025,0.5184921122720754,0.6507351915172096,0.5044925592386792,0.5921801785361254,0.599145201099469,0.5291608678754232,0.42575445173383314,0.4660934579439253,0.44784265519360783,0.5245564433517722,https://a.espncdn.com/i/headshots/wnba/players/full/3142328.png
2026,3146151,Ariel Atkins,G,6,Sparks,7,7,192,65,21,63,7,29,16,17,5,18,23,15,14,4,15,24,1802,275,585,219,165,209,69,194,263,142,84,212,296,27.428571428571427,9.285714285714286,3.2857142857142856,2.142857142857143,2,0.5714285714285714,2.142857142857143,0.7142857142857143,2.5714285714285716,0.3333333333333333,0.2413793103448276,0.9411764705882353,0.3888888888888889,0.4611237230419977,12.1875,4.3125,2.8125,2.625,0.75,2.8125,0.9375,3.375,85.48,0.1959229795513008,125.50388457269702,0.1195182129307829,85.48,0.1754796443612541,149.70033296337405,0.03340005931198101,148.10210876803552,0.12153776978417266,0.4603174603174603,0.2698412698412698,70.48,63,125.50388457269702,192,85.48,149.70033296337405,148.10210876803552,29,17,63,63,0.4336356823241563,0.22545003667807043,0.16206261510128914,0.2617460374521447,0.963447828904731,0.67528159234686,0.6685538406566653,0.6423469722176471,0.12412587412587413,0.920625375826819,0.7104972375690608,0.3848987108655617,0.22213637643936943,0.5456268704192985,0.49281767955801103,0.20159915392003824,0.9192844120306856,0.1511285736328168,0.026978910525859517,0.1102015928408422,0.3339160839160839,0.82501503307276,0.42136279926335174,0.30626151012891345,0.5414786656878927,0.4817975854439699,0.49520620570344326,0.5353616282620299,0.5497659681716713,0.5460117297025181,0.541234652214206,0.5142351181195609,0.5703803771985589,0.423799024520612,0.5663039232100006,0.51635321911565,https://a.espncdn.com/i/headshots/wnba/players/full/3146151.png
2026,3149391,A'ja Wilson,C,17,Aces,9,9,278,223,83,160,10,18,47,58,16,64,80,24,11,23,25,16,1797,311,639,190,119,165,74,262,336,120,81,234,315,30.88888888888889,24.77777777777778,8.88888888888889,2.6666666666666665,1.2222222222222223,2.5555555555555554,2.7777777777777777,1.7777777777777777,7.111111111111111,0.51875,0.5555555555555556,0.8103448275862069,0.55,0.6010133678309616,28.87769784172662,10.359712230215827,3.1079136690647484,1.4244604316546763,2.9784172661870505,3.237410071942446,2.0719424460431655,8.287769784172662,210.52,0.32727449209463594,157.56204785754036,0.1523209448362818,210.52,0.11875356260687821,238.2415136338342,0.0671587405400355,265.31441291040625,0.24122323132747445,0.1125,0.3625,185.52,160,157.56204785754036,278,210.52,238.2415136338342,265.31441291040625,18,58,160,160,1,0.6735699026821742,0.7307359307359307,0.7545463972244373,1,0.44455810147299507,0.4910635637845643,0.6819780728274276,1,0.7630979498861048,0.4831168831168831,0.5705627705627706,0.22272243313641205,0.5655856871587942,0.5207792207792208,0.12336122254069086,0.6729113950091548,0.13809328968903437,0.07540553458344665,0.21911445418178252,0.3493975903614458,0.7334851936218679,0.21558441558441557,0.3800865800865801,0.6070636094674556,0.4441997297741423,0.532967032967033,0.5465561525233654,0.503424274300038,0.503690356288556,0.5337923887319408,0.4851744951134827,0.30491195551436523,0.3538636761871386,0.5770895770895771,0.6203796203796204,https://a.espncdn.com/i/headshots/wnba/players/full/3149391.png
2026,3904479,Mariella Fasoula,C,131935,Tempo,3,0,15,4,2,5,0,0,0,0,1,2,3,1,1,2,2,5,2000,292,674,287,206,240,88,225,313,126,85,247,332,5,1.3333333333333333,1,0.3333333333333333,0.3333333333333333,0.6666666666666666,0.6666666666666666,0.3333333333333333,0.6666666666666666,0.4,NA,NA,0.4,0.4,9.6,7.2,2.4,2.4,4.8,4.8,2.4,4.8,7,0.2061248527679623,8.95,0.111731843575419,7,0.2857142857142857,12.5625,0.07960199004975124,11.625,0.17204301075268819,0,0,5,5,8.95,15,7,12.5625,11.625,0,0,5,5,0.33040098199672663,0.017920721576074057,0.07272727272727272,0.37558801892713245,0.14605760837940063,0.9816131342062193,0.5195914177469675,0.3386804008308234,NA,NA,0.04069264069264069,0.013852813852813853,0.22272243313641205,0.5655856871587942,0.5207792207792208,0.12336122254069086,0.6729113950091548,0.13809328968903437,0.07540553458344665,0.21911445418178252,0.3493975903614458,0.7334851936218679,0.21558441558441557,0.3800865800865801,0.6070636094674556,0.4441997297741423,0.532967032967033,0.5465561525233654,0.503424274300038,0.503690356288556,0.5337923887319408,0.4851744951134827,0.30491195551436523,0.3538636761871386,0.5770895770895771,0.6203796203796204,https://a.espncdn.com/i/headshots/wnba/players/full/3904479.png
2026,3904576,Marina Mabrey,G,131935,Tempo,10,10,268,185,61,141,29,82,34,39,8,30,38,36,11,4,27,26,2000,292,674,287,206,240,88,225,313,126,85,247,332,26.8,18.5,3.8,3.6,1.1,0.4,2.7,0.8,3,0.4326241134751773,0.35365853658536583,0.8717948717948718,0.5354609929078015,0.5848507840161862,24.850746268656717,5.104477611940299,4.835820895522388,1.4776119402985075,0.5373134328358209,3.626865671641791,1.0746268656716418,4.029850746268656,185.16,0.3051658667791783,134.64000000000001,0.267379679144385,185.16,0.1458198314970836,224.45000000000002,0.03564268211182891,207.70000000000002,0.14443909484833894,0.5815602836879432,0.2765957446808511,158.16,141,134.64000000000001,268,185.16,224.45000000000002,207.70000000000002,82,39,141,141,0.9387605528247404,0.6775315983199496,0.6767955801104972,0.764118810811137,0.6810758263123785,0.5153635902748694,0.6970723424782853,0.7927978406906999,0.6219405594405595,0.7221888153938665,0.8329650092081031,0.42559852670349907,0.22213637643936943,0.5456268704192985,0.49281767955801103,0.20159915392003824,0.9192844120306856,0.1511285736328168,0.026978910525859517,0.1102015928408422,0.3339160839160839,0.82501503307276,0.42136279926335174,0.30626151012891345,0.5414786656878927,0.4817975854439699,0.49520620570344326,0.5353616282620299,0.5497659681716713,0.5460117297025181,0.541234652214206,0.5142351181195609,0.5703803771985589,0.423799024520612,0.5663039232100006,0.51635321911565,https://a.espncdn.com/i/headshots/wnba/players/full/3904576.png
2026,3904577,Arike Ogunbowale,G,3,Wings,9,9,259,118,36,115,15,50,31,35,7,13,20,23,6,1,14,18,1798,287,635,221,138,177,81,220,301,90,61,234,295,28.77777777777778,13.11111111111111,2.2222222222222223,2.5555555555555554,0.6666666666666666,0.1111111111111111,1.5555555555555556,0.7777777777777778,1.4444444444444444,0.3130434782608696,0.3,0.8857142857142857,0.3782608695652174,0.45245398773006135,16.401544401544403,2.77992277992278,3.1969111969111967,0.833976833976834,0.138996138996139,1.945945945945946,0.972972972972973,1.806949806949807,144.4,0.24971030929580154,170.71023359288097,0.1347312314905013,144.4,0.09695290858725761,226.87708565072302,0.030853710853710855,202.38876529477196,0.06423281441075036,0.43478260869565216,0.30434782608695654,130.4,115,170.71023359288097,259,144.4,226.87708565072302,202.38876529477196,50,35,115,115,0.684726783785571,0.16042273910531474,0.15046040515653775,0.3048645602816484,0.34977316915100454,0.17103290938347257,0.6419494380636527,0.16872493946802763,0.3745629370629371,0.7745039085989176,0.609208103130755,0.5114180478821363,0.22213637643936943,0.5456268704192985,0.49281767955801103,0.20159915392003824,0.9192844120306856,0.1511285736328168,0.026978910525859517,0.1102015928408422,0.3339160839160839,0.82501503307276,0.42136279926335174,0.30626151012891345,0.5414786656878927,0.4817975854439699,0.49520620570344326,0.5353616282620299,0.5497659681716713,0.5460117297025181,0.541234652214206,0.5142351181195609,0.5703803771985589,0.423799024520612,0.5663039232100006,0.51635321911565,https://a.espncdn.com/i/headshots/wnba/players/full/3904577.png
2026,3906753,Natisha Hiedeman,G,14,Storm,11,11,294,148,53,128,19,57,23,26,1,22,23,43,7,2,20,25,2203,283,703,265,182,229,71,275,346,157,111,299,410,26.727272727272727,13.454545454545455,2.090909090909091,3.909090909090909,0.6363636363636364,0.18181818181818182,1.8181818181818181,0.09090909090909091,2,0.4140625,0.3333333333333333,0.8846153846153846,0.48828125,0.5306942053930006,18.122448979591837,2.816326530612245,5.26530612244898,0.8571428571428571,0.24489795918367346,2.4489795918367347,0.12244897959183673,2.693877551020408,159.44,0.24870214708140634,135.83794825238311,0.3165536623102346,159.44,0.1254390366281987,246.890603722197,0.004050376907519765,257.56695415342716,0.08541468400831835,0.4453125,0.203125,139.44,128,135.83794825238311,294,159.44,246.890603722197,257.56695415342716,57,26,128,128,0.6612681023651553,0.38059502866082845,0.470902394106814,0.8947379702525554,0.33298768632534026,0.436115458372826,0.08136914662170705,0.3262006311482702,0.5450174825174825,0.7378232110643416,0.6515653775322283,0.26703499079189685,0.22213637643936943,0.5456268704192985,0.49281767955801103,0.20159915392003824,0.9192844120306856,0.1511285736328168,0.026978910525859517,0.1102015928408422,0.3339160839160839,0.82501503307276,0.42136279926335174,0.30626151012891345,0.5414786656878927,0.4817975854439699,0.49520620570344326,0.5353616282620299,0.5497659681716713,0.5460117297025181,0.541234652214206,0.5142351181195609,0.5703803771985589,0.423799024520612,0.5663039232100006,0.51635321911565,https://a.espncdn.com/i/headshots/wnba/players/full/3906753.png
2026,3906769,Jovana Nogic,G,11,Mercury,11,6,230,132,37,86,27,54,31,34,6,6,12,17,6,0,19,28,2198,296,718,267,228,282,89,267,356,139,79,301,380,20.90909090909091,12,1.0909090909090908,1.5454545454545454,0.5454545454545454,0,1.7272727272727273,0.5454545454545454,0.5454545454545454,0.43023255813953487,0.5,0.9117647058823529,0.5872093023255814,0.6537242472266244,20.660869565217393,1.8782608695652174,2.6608695652173915,0.9391304347826087,0,2.973913043478261,0.9391304347826087,0.9391304347826087,119.96000000000001,0.2337017058397046,117.86806187443128,0.1442290619668512,119.96000000000001,0.15838612870956983,204.04913557779798,0.029404682274247494,181.02820746132846,0.03314400603166625,0.627906976744186,0.3953488372093023,100.96000000000001,86,117.86806187443128,230,119.96000000000001,204.04913557779798,181.02820746132846,54,34,86,86,0.5895309365838605,0.8929519679569989,0.8554327808471455,0.3469471371102194,0.2659753726506805,0.6131439151806379,0.5906818705118955,0.033418527623960005,0.9729020979020979,0.7949488875526157,0.8808471454880294,0.7436464088397791,0.22213637643936943,0.5456268704192985,0.49281767955801103,0.20159915392003824,0.9192844120306856,0.1511285736328168,0.026978910525859517,0.1102015928408422,0.3339160839160839,0.82501503307276,0.42136279926335174,0.30626151012891345,0.5414786656878927,0.4817975854439699,0.49520620570344326,0.5353616282620299,0.5497659681716713,0.5460117297025181,0.541234652214206,0.5142351181195609,0.5703803771985589,0.423799024520612,0.5663039232100006,0.51635321911565,https://a.espncdn.com/i/headshots/wnba/players/full/3906769.png
2026,3906949,Jessica Shepard,F,3,Wings,9,9,277,113,46,83,0,5,21,30,25,74,99,53,4,0,11,23,1798,287,635,221,138,177,81,220,301,90,61,234,295,30.77777777777778,12.555555555555555,11,5.888888888888889,0.4444444444444444,0,1.2222222222222223,2.7777777777777777,8.222222222222221,0.5542168674698795,0,0.7,0.5542168674698795,0.5873180873180873,14.68592057761733,12.866425992779783,6.888086642599278,0.51985559566787,0,1.4296028880866427,3.2490974729241877,9.617328519855596,107.2,0.17333411991199912,175.0761957730812,0.302725334909002,107.2,0.10261194029850745,242.64460511679644,0.10303134490860123,216.4543937708565,0.3418734021095366,0.060240963855421686,0.3614457831325301,96.2,83,175.0761957730812,277,107.2,242.64460511679644,216.4543937708565,5,30,83,83,0.3058898672384689,0.6209085051546392,0.6539643515673018,0.9664059898305377,0.17522513891550107,0.2095168575208723,0.7093459292536498,0.9745721375578444,0.007497656982193065,0.32710280373831774,0.1622618315918869,0.6170866625691457,0.20098584361301935,0.5537210051546392,0.512138905961893,0.12475397702274563,0.8699373501251256,0.15032620101281993,0.07774783134386844,0.1844192974153495,0.3270852858481724,0.7401869158878505,0.3279041180086048,0.3288260602335587,0.5208236385479872,0.49686569301260025,0.5184921122720754,0.6507351915172096,0.5044925592386792,0.5921801785361254,0.599145201099469,0.5291608678754232,0.42575445173383314,0.4660934579439253,0.44784265519360783,0.5245564433517722,https://a.espncdn.com/i/headshots/wnba/players/full/3906949.png
2026,3906972,Bridget Carleton,F,132052,Fire,10,10,295,147,50,112,25,66,22,24,5,27,32,21,21,4,8,26,2205,327,715,276,162,201,74,225,299,162,99,250,349,29.5,14.7,3.2,2.1,2.1,0.4,0.8,0.5,2.7,0.44642857142857145,0.3787878787878788,0.9166666666666666,0.5580357142857143,0.5997062663185379,17.938983050847458,3.905084745762712,2.5627118644067797,2.5627118644067797,0.488135593220339,0.976271186440678,0.6101694915254238,3.294915254237288,130.56,0.2021628848951984,168.74149659863946,0.12445071558153598,130.56,0.061274509803921566,216.73469387755102,0.023069679849340864,216.73469387755102,0.12457627118644067,0.5892857142857143,0.21428571428571427,122.56,112,168.74149659863946,295,130.56,216.73469387755102,216.73469387755102,66,24,112,112,0.5441306628952051,0.7094179553264605,0.6883835279655808,0.6460153968079827,1,0.07602536612071718,0.06916940772150967,0.17456452348628265,0.6747891283973758,0.9196261682242991,0.9059618930547019,0.2587584511370621,0.20098584361301935,0.5537210051546392,0.512138905961893,0.12475397702274563,0.8699373501251256,0.15032620101281993,0.07774783134386844,0.1844192974153495,0.3270852858481724,0.7401869158878505,0.3279041180086048,0.3288260602335587,0.5208236385479872,0.49686569301260025,0.5184921122720754,0.6507351915172096,0.5044925592386792,0.5921801785361254,0.599145201099469,0.5291608678754232,0.42575445173383314,0.4660934579439253,0.44784265519360783,0.5245564433517722,https://a.espncdn.com/i/headshots/wnba/players/full/3906972.png
2026,3907781,Sophie Cunningham,G,5,Fever,9,3,211,86,27,58,12,37,20,23,3,21,24,14,6,1,7,19,1825,279,618,246,177,210,68,225,293,132,56,211,267,23.444444444444443,9.555555555555555,2.6666666666666665,1.5555555555555556,0.6666666666666666,0.1111111111111111,0.7777777777777778,0.3333333333333333,2.3333333333333335,0.46551724137931033,0.32432432432432434,0.8695652173913043,0.5689655172413793,0.631238990017616,14.672985781990521,4.0947867298578196,2.3886255924170614,1.0236966824644549,0.17061611374407584,1.1943127962085307,0.5118483412322274,3.5829383886255926,75.12,0.15425797653285808,134.2849315068493,0.10425592687803487,75.12,0.09318423855165069,161.2849315068493,0.018600621719410897,162.44109589041093,0.12927763066907288,0.6379310344827587,0.39655172413793105,68.12,58,134.2849315068493,211,75.12,161.2849315068493,162.44109589041093,37,23,58,58,0.08075803998501113,0.8536252864459923,0.8373848987108655,0.20621089089403058,0.36344782890473104,0.10744043026869751,0.38817684030861505,0.7197859766335293,0.49475524475524474,0.6987372218881539,0.8915285451197054,0.7543278084714549,0.22213637643936943,0.5456268704192985,0.49281767955801103,0.20159915392003824,0.9192844120306856,0.1511285736328168,0.026978910525859517,0.1102015928408422,0.3339160839160839,0.82501503307276,0.42136279926335174,0.30626151012891345,0.5414786656878927,0.4817975854439699,0.49520620570344326,0.5353616282620299,0.5497659681716713,0.5460117297025181,0.541234652214206,0.5142351181195609,0.5703803771985589,0.423799024520612,0.5663039232100006,0.51635321911565,https://a.espncdn.com/i/headshots/wnba/players/full/3907781.png
2026,3910470,Maria Conde,F,131935,Tempo,10,2,228,74,24,73,16,43,10,11,11,30,41,10,2,1,10,21,2000,292,674,287,206,240,88,225,313,126,85,247,332,22.8,7.4,4.1,1,0.2,0.1,1,1.1,3,0.3287671232876712,0.37209302325581395,0.9090909090909091,0.4383561643835616,0.4753340184994861,11.68421052631579,6.473684210526316,1.5789473684210527,0.3157894736842105,0.15789473684210525,1.5789473684210527,1.736842105263158,4.7368421052631575,87.84,0.17016923935279896,142.44,0.07020499859590003,87.84,0.11384335154826958,190.95,0.057606703325477876,176.7,0.16977928692699493,0.589041095890411,0.1506849315068493,77.84,73,142.44,228,87.84,190.95,176.7,43,11,73,73,0.28143619690679317,0.15582044673539516,0.19913952059004303,0.2251619198464728,0.05537459283387622,0.2657511747798713,0.4671160857108798,0.436493223517134,0.5182755388940956,0.897196261682243,0.8715427166564229,0.1622618315918869,0.20098584361301935,0.5537210051546392,0.512138905961893,0.12475397702274563,0.8699373501251256,0.15032620101281993,0.07774783134386844,0.1844192974153495,0.3270852858481724,0.7401869158878505,0.3279041180086048,0.3288260602335587,0.5208236385479872,0.49686569301260025,0.5184921122720754,0.6507351915172096,0.5044925592386792,0.5921801785361254,0.599145201099469,0.5291608678754232,0.42575445173383314,0.4660934579439253,0.44784265519360783,0.5245564433517722,https://a.espncdn.com/i/headshots/wnba/players/full/3910470.png
2026,3913680,Emese Hof,C,8,Lynx,3,0,21,7,3,6,0,0,1,2,2,3,5,2,0,0,4,6,2004,345,688,202,138,178,91,288,379,145,101,217,318,7,2.3333333333333335,1.6666666666666667,0.6666666666666666,0,0,1.3333333333333333,0.6666666666666666,1,0.5,NA,0.5,0.5,0.5087209302325582,12,8.571428571428571,3.4285714285714284,0,0,6.857142857142857,3.4285714285714284,5.142857142857143,10.879999999999999,0.22785911801405806,15.07634730538922,0.13265812729619703,10.879999999999999,0.36764705882352944,16.137724550898202,0.12393320964749538,20.381736526946106,0.14719059860448036,0,0.3333333333333333,6.88,6,15.07634730538922,21,10.879999999999999,16.137724550898202,20.381736526946106,0,2,6,6,0.6373516775777414,0.21326845478281506,0.3385281385281385,0.5853006751841461,0.006109979633401222,0.9956014729950899,0.8980073747149636,0.1741833096024862,NA,0.12072892938496584,0.04588744588744589,0.28484848484848485,0.22272243313641205,0.5655856871587942,0.5207792207792208,0.12336122254069086,0.6729113950091548,0.13809328968903437,0.07540553458344665,0.21911445418178252,0.3493975903614458,0.7334851936218679,0.21558441558441557,0.3800865800865801,0.6070636094674556,0.4441997297741423,0.532967032967033,0.5465561525233654,0.503424274300038,0.503690356288556,0.5337923887319408,0.4851744951134827,0.30491195551436523,0.3538636761871386,0.5770895770895771,0.6203796203796204,https://a.espncdn.com/i/headshots/wnba/players/full/3913680.png
2026,3913881,Alanna Smith,F,3,Wings,8,7,144,31,13,39,2,18,3,5,10,18,28,17,8,4,13,27,1798,287,635,221,138,177,81,220,301,90,61,234,295,18,3.875,3.5,2.125,1,0.5,1.625,1.25,2.25,0.3333333333333333,0.1111111111111111,0.6,0.358974358974359,0.3762135922330097,7.75,7,4.25,2,1,3.25,2.5,4.5,54.2,0.16857991785129092,101.92769744160177,0.1667848919057545,54.2,0.23985239852398524,126.1401557285873,0.07927689594356262,112.5250278086763,0.1599644128113879,0.46153846153846156,0.1282051282051282,41.2,39,101.92769744160177,144,54.2,126.1401557285873,112.5250278086763,18,5,39,39,0.2613987864409873,0.023013316151202747,0.04794099569760295,0.786405408153455,0.6610461774286261,0.9404169898261783,0.6082788727748928,0.3623530936883325,0.046860356138706656,0.14299065420560747,0.6945298094652735,0.08912108174554395,0.20098584361301935,0.5537210051546392,0.512138905961893,0.12475397702274563,0.8699373501251256,0.15032620101281993,0.07774783134386844,0.1844192974153495,0.3270852858481724,0.7401869158878505,0.3279041180086048,0.3288260602335587,0.5208236385479872,0.49686569301260025,0.5184921122720754,0.6507351915172096,0.5044925592386792,0.5921801785361254,0.599145201099469,0.5291608678754232,0.42575445173383314,0.4660934579439253,0.44784265519360783,0.5245564433517722,https://a.espncdn.com/i/headshots/wnba/players/full/3913881.png
2026,3913903,Teaira McCowan,C,8,Lynx,3,0,28,6,3,7,0,0,0,0,3,9,12,1,1,2,4,9,2004,345,688,202,138,178,91,288,379,145,101,217,318,9.333333333333334,2,4,0.3333333333333333,0.3333333333333333,0.6666666666666666,1.3333333333333333,1,3,0.42857142857142855,NA,NA,0.42857142857142855,0.42857142857142855,7.714285714285714,15.428571428571429,1.2857142857142858,1.2857142857142858,2.5714285714285716,5.142857142857143,3.857142857142857,11.571428571428571,11,0.1727792025382334,21.101796407185628,0.047389330306469926,11,0.36363636363636365,21.51696606786427,0.13942486085343228,27.17564870259481,0.3311788468600808,0,0,7,7,21.101796407185628,28,11,21.51696606786427,27.17564870259481,0,0,7,7,0.26802884615384615,0.11464514597673867,0.1367965367965368,0.07014110950711244,0.15420424789060228,0.9886456628477905,0.9857349820599551,0.977680002419207,NA,NA,0.05194805194805195,0.019913419913419914,0.22272243313641205,0.5655856871587942,0.5207792207792208,0.12336122254069086,0.6729113950091548,0.13809328968903437,0.07540553458344665,0.21911445418178252,0.3493975903614458,0.7334851936218679,0.21558441558441557,0.3800865800865801,0.6070636094674556,0.4441997297741423,0.532967032967033,0.5465561525233654,0.503424274300038,0.503690356288556,0.5337923887319408,0.4851744951134827,0.30491195551436523,0.3538636761871386,0.5770895770895771,0.6203796203796204,https://a.espncdn.com/i/headshots/wnba/players/full/3913903.png
2026,3917453,Katie Lou Samuelson,F,14,Storm,5,0,79,22,7,19,5,15,3,7,0,11,11,7,4,0,4,3,2203,283,703,265,182,229,71,275,346,157,111,299,410,15.8,4.4,2.2,1.4,0.8,0,0.8,0,2.2,0.3684210526315789,0.3333333333333333,0.42857142857142855,0.5,0.4981884057971015,10.025316455696203,5.012658227848101,3.189873417721519,1.8227848101265822,0,1.8227848101265822,0,5.012658227848101,26.08,0.15139449201871305,43.742169768497504,0.1600286414013532,26.08,0.15337423312883436,66.34135270086246,0,69.21016795279165,0.15893618416737718,0.7894736842105263,0.3684210526315789,22.08,19,43.742169768497504,79,26.08,66.34135270086246,69.21016795279165,15,7,19,19,0.1782106847940143,0.23897121993127146,0.48893669330055317,0.7701654520556123,0.428051350833493,0.625639855832839,0.007922483296959501,0.349235655906968,0.43486410496719774,0.012149532710280374,0.9950829748002459,0.6413644744929318,0.20098584361301935,0.5537210051546392,0.512138905961893,0.12475397702274563,0.8699373501251256,0.15032620101281993,0.07774783134386844,0.1844192974153495,0.3270852858481724,0.7401869158878505,0.3279041180086048,0.3288260602335587,0.5208236385479872,0.49686569301260025,0.5184921122720754,0.6507351915172096,0.5044925592386792,0.5921801785361254,0.599145201099469,0.5291608678754232,0.42575445173383314,0.4660934579439253,0.44784265519360783,0.5245564433517722,https://a.espncdn.com/i/headshots/wnba/players/full/3917453.png
2026,3919496,Valeriane Ayayi,F,11,Mercury,8,1,74,21,5,20,2,6,9,15,5,11,16,11,3,0,5,13,2198,296,718,267,228,282,89,267,356,139,79,301,380,9.25,2.625,2,1.375,0.375,0,0.625,0.625,1.375,0.25,0.3333333333333333,0.6,0.3,0.39473684210526316,10.216216216216216,7.783783783783784,5.351351351351352,1.4594594594594594,0,2.4324324324324325,2.4324324324324325,5.351351351351352,31.6,0.19134125767631702,44.82711555959963,0.2453871917182584,31.6,0.1582278481012658,65.65059144676978,0.07616077616077617,58.243858052775245,0.18886111545071085,0.3,0.75,26.6,20,44.82711555959963,74,31.6,65.65059144676978,58.243858052775245,6,15,20,20,0.44648934714174915,0.06130798969072165,0.018746158574062692,0.9385114154950273,0.14868748802452578,0.6506683699073863,0.5937282443575701,0.5295878680391056,0.44048734770384257,0.15700934579439252,0.4228641671788568,0.9956976029502151,0.20098584361301935,0.5537210051546392,0.512138905961893,0.12475397702274563,0.8699373501251256,0.15032620101281993,0.07774783134386844,0.1844192974153495,0.3270852858481724,0.7401869158878505,0.3279041180086048,0.3288260602335587,0.5208236385479872,0.49686569301260025,0.5184921122720754,0.6507351915172096,0.5044925592386792,0.5921801785361254,0.599145201099469,0.5291608678754232,0.42575445173383314,0.4660934579439253,0.44784265519360783,0.5245564433517722,https://a.espncdn.com/i/headshots/wnba/players/full/3919496.png
2026,3922628,Kennedy Burke,G,18,Sun,11,7,262,78,28,80,9,36,13,22,10,31,41,22,13,11,25,22,2200,307,745,218,160,237,107,260,367,163,84,275,359,23.818181818181817,7.090909090909091,3.727272727272727,2,1.1818181818181819,1,2.272727272727273,0.9090909090909091,2.8181818181818183,0.35,0.25,0.5909090909090909,0.40625,0.4348795718108831,10.717557251908397,5.633587786259542,3.0229007633587788,1.786259541984733,1.5114503816793894,3.435114503816794,1.3740458015267176,4.259541984732825,114.68,0.19025602245644857,154.80454545454546,0.14211469007839797,114.68,0.2179979072200907,227.46363636363637,0.043963071020342914,204.83636363636364,0.15134031599502928,0.45,0.275,89.68,80,154.80454545454546,262,114.68,227.46363636363637,204.83636363636364,36,22,80,80,0.3718451738047479,0.09081879734879222,0.19539594843462246,0.3340749260874241,0.7722618276085548,0.8997233672052373,0.875055909935553,0.8244941220107646,0.18444055944055945,0.040889957907396274,0.6860036832412523,0.3996316758747698,0.22213637643936943,0.5456268704192985,0.49281767955801103,0.20159915392003824,0.9192844120306856,0.1511285736328168,0.026978910525859517,0.1102015928408422,0.3339160839160839,0.82501503307276,0.42136279926335174,0.30626151012891345,0.5414786656878927,0.4817975854439699,0.49520620570344326,0.5353616282620299,0.5497659681716713,0.5460117297025181,0.541234652214206,0.5142351181195609,0.5703803771985589,0.423799024520612,0.5663039232100006,0.51635321911565,https://a.espncdn.com/i/headshots/wnba/players/full/3922628.png
2026,3934218,Megan Gustafson,C,132052,Fire,11,2,195,117,46,74,9,24,16,20,8,28,36,7,1,5,6,29,2205,327,715,276,162,201,74,225,299,162,99,250,349,17.727272727272727,10.636363636363637,3.272727272727273,0.6363636363636364,0.09090909090909091,0.45454545454545453,0.5454545454545454,0.7272727272727273,2.5454545454545454,0.6216216216216216,0.375,0.8,0.6824324324324325,0.7065217391304348,21.6,6.6461538461538465,1.2923076923076924,0.18461538461538463,0.9230769230769231,1.1076923076923078,1.476923076923077,5.1692307692307695,88.8,0.208013564162056,98.59183673469389,0.07099979300351894,88.8,0.06756756756756757,143.26530612244898,0.05584045584045584,143.26530612244898,0.19544159544159545,0.32432432432432434,0.2702702702702703,82.8,74,98.59183673469389,195,88.8,143.26530612244898,143.26530612244898,24,20,74,74,0.38717266775777415,0.9918407310704961,0.9904761904761905,0.2072433871884285,0.06284550480069828,0.12730155482815056,0.37291352975523134,0.46458147491802204,0.678714859437751,0.6309794988610479,0.6995670995670996,0.25367965367965367,0.22272243313641205,0.5655856871587942,0.5207792207792208,0.12336122254069086,0.6729113950091548,0.13809328968903437,0.07540553458344665,0.21911445418178252,0.3493975903614458,0.7334851936218679,0.21558441558441557,0.3800865800865801,0.6070636094674556,0.4441997297741423,0.532967032967033,0.5465561525233654,0.503424274300038,0.503690356288556,0.5337923887319408,0.4851744951134827,0.30491195551436523,0.3538636761871386,0.5770895770895771,0.6203796203796204,https://a.espncdn.com/i/headshots/wnba/players/full/3934218.png
2026,4001679,Julie Allemand,G,131935,Tempo,5,3,120,23,9,21,3,12,2,2,0,12,12,18,9,1,6,6,2000,292,674,287,206,240,88,225,313,126,85,247,332,24,4.6,2.4,3.6,1.8,0.2,1.2,0,2.4,0.42857142857142855,0.25,1,0.5,0.5255941499085923,6.9,3.6,5.4,2.7,0.3,1.8,0,3.6,27.88,0.10262073027090694,78.6,0.22900763358778628,27.88,0.2152080344332855,100.5,0,93,0.12903225806451613,0.5714285714285714,0.09523809523809523,21.88,21,78.6,120,27.88,100.5,93,12,2,21,21,0.006028611104988207,0.33686697870075233,0.5202578268876611,0.6044185212960722,0.9510045366169799,0.8839244384684902,0.03222699589264273,0.7071438385615412,0.1896853146853147,0.9663259170174384,0.8069981583793738,0.10681399631675875,0.22213637643936943,0.5456268704192985,0.49281767955801103,0.20159915392003824,0.9192844120306856,0.1511285736328168,0.026978910525859517,0.1102015928408422,0.3339160839160839,0.82501503307276,0.42136279926335174,0.30626151012891345,0.5414786656878927,0.4817975854439699,0.49520620570344326,0.5353616282620299,0.5497659681716713,0.5460117297025181,0.541234652214206,0.5142351181195609,0.5703803771985589,0.423799024520612,0.5663039232100006,0.51635321911565,https://a.espncdn.com/i/headshots/wnba/players/full/4001679.png
2026,4038379,Marine Johannes,G,9,Liberty,10,10,276,122,42,92,32,73,6,8,8,20,28,40,13,2,21,22,2024,297,649,285,177,204,71,273,344,140,87,229,316,27.6,12.2,2.8,4,1.3,0.2,2.1,0.8,2,0.45652173913043476,0.4383561643835616,0.75,0.6304347826086957,0.6386097152428811,15.91304347826087,3.652173913043478,5.217391304347826,1.6956521739130435,0.2608695652173913,2.739130434782609,1.0434782608695652,2.608695652173913,116.52,0.19447403158996768,160.49999999999997,0.2492211838006231,116.52,0.18022657054582905,204.54545454545453,0.03911111111111111,245.45454545454544,0.08148148148148149,0.7934782608695652,0.08695652173913043,95.52,92,160.49999999999997,276,116.52,204.54545454545453,245.45454545454544,73,8,92,92,0.4218595013996958,0.8765669326097258,0.9195211786372007,0.6949821158453962,0.8569669475048607,0.7422796305684749,0.8209582175676272,0.2636147925117588,0.8868006993006993,0.1581479254359591,0.9941068139963167,0.10294659300184163,0.22213637643936943,0.5456268704192985,0.49281767955801103,0.20159915392003824,0.9192844120306856,0.1511285736328168,0.026978910525859517,0.1102015928408422,0.3339160839160839,0.82501503307276,0.42136279926335174,0.30626151012891345,0.5414786656878927,0.4817975854439699,0.49520620570344326,0.5353616282620299,0.5497659681716713,0.5460117297025181,0.541234652214206,0.5142351181195609,0.5703803771985589,0.423799024520612,0.5663039232100006,0.51635321911565,https://a.espncdn.com/i/headshots/wnba/players/full/4038379.png
2026,4065760,Tyasha Harris,G,5,Fever,7,1,86,18,6,22,2,13,4,4,1,7,8,13,2,1,6,6,1825,279,618,246,177,210,68,225,293,132,56,211,267,12.285714285714286,2.5714285714285716,1.1428571428571428,1.8571428571428572,0.2857142857142857,0.14285714285714285,0.8571428571428571,0.14285714285714285,1,0.2727272727272727,0.15384615384615385,1,0.3181818181818182,0.3787878787878788,7.534883720930233,3.3488372093023258,5.441860465116279,0.8372093023255814,0.4186046511627907,2.511627906976744,0.4186046511627907,2.9302325581395348,29.76,0.14993705691380113,59.73698630136987,0.21762062006971197,29.76,0.20161290322580644,65.73698630136987,0.015212136367425189,66.20821917808219,0.10572705453943558,0.5909090909090909,0.18181818181818182,23.76,22,59.73698630136987,86,29.76,65.73698630136987,66.20821917808219,13,4,22,22,0.0670145700619393,0.04796063436832572,0.012523020257826888,0.5780604694031302,0.06915100453661698,0.8351720413516432,0.27385466746706133,0.502828682093261,0.03409090909090909,0.9687312086590499,0.8370165745856354,0.22283609576427257,0.22213637643936943,0.5456268704192985,0.49281767955801103,0.20159915392003824,0.9192844120306856,0.1511285736328168,0.026978910525859517,0.1102015928408422,0.3339160839160839,0.82501503307276,0.42136279926335174,0.30626151012891345,0.5414786656878927,0.4817975854439699,0.49520620570344326,0.5353616282620299,0.5497659681716713,0.5460117297025181,0.541234652214206,0.5142351181195609,0.5703803771985589,0.423799024520612,0.5663039232100006,0.51635321911565,https://a.espncdn.com/i/headshots/wnba/players/full/4065760.png
2026,4065780,Kaila Charles,G,129689,Valkyries,10,6,200,62,23,60,8,28,8,10,17,32,49,10,5,2,13,26,2000,292,717,319,157,204,98,237,335,97,88,269,357,20,6.2,4.9,1,0.5,0.2,1.3,1.7,3.2,0.38333333333333336,0.2857142857142857,0.8,0.45,0.48136645962732916,11.16,8.82,1.8,0.9,0.36,2.34,3.06,5.76,77.4,0.17128441179074091,123,0.08130081300813008,77.4,0.16795865633074933,183.5,0.09264305177111716,162.5,0.19692307692307692,0.4666666666666667,0.16666666666666666,64.4,60,123,200,77.4,183.5,162.5,28,10,60,60,0.15613772125112968,0.29201586569983706,0.3243093922651934,0.13854174062194174,0.22994167206740115,0.647563206736174,0.9933021701501524,0.9691967937575295,0.2727272727272727,0.25015033072760073,0.7287292817679558,0.19889502762430938,0.22213637643936943,0.5456268704192985,0.49281767955801103,0.20159915392003824,0.9192844120306856,0.1511285736328168,0.026978910525859517,0.1102015928408422,0.3339160839160839,0.82501503307276,0.42136279926335174,0.30626151012891345,0.5414786656878927,0.4817975854439699,0.49520620570344326,0.5353616282620299,0.5497659681716713,0.5460117297025181,0.541234652214206,0.5142351181195609,0.5703803771985589,0.423799024520612,0.5663039232100006,0.51635321911565,https://a.espncdn.com/i/headshots/wnba/players/full/4065780.png
2026,4065870,Jackie Young,G,17,Aces,9,9,273,110,46,121,12,41,6,7,7,35,42,58,8,4,17,22,1797,311,639,190,119,165,74,262,336,120,81,234,315,30.333333333333332,12.222222222222221,4.666666666666667,6.444444444444445,0.8888888888888888,0.4444444444444444,1.8888888888888888,0.7777777777777778,3.888888888888889,0.38016528925619836,0.2926829268292683,0.8571428571428571,0.4297520661157025,0.44326241134751776,14.505494505494505,5.538461538461538,7.648351648351649,1.054945054945055,0.5274725274725275,2.241758241758242,0.9230769230769231,4.615384615384615,141.07999999999998,0.2233399404827976,190.23539232053426,0.3048854332125211,141.07999999999998,0.12049900765523108,233.95659432387313,0.029920079920079917,260.542570951586,0.13433505270239962,0.33884297520661155,0.05785123966942149,124.08,121,190.23539232053426,273,141.07999999999998,233.95659432387313,260.542570951586,41,7,121,121,0.5562358101703881,0.1162857124309446,0.2941068139963168,0.8203398391494412,0.5451717433570966,0.3584654043688143,0.6089243387928163,0.7593204552303416,0.29676573426573427,0.6764882742032472,0.3246777163904236,0.07790055248618785,0.22213637643936943,0.5456268704192985,0.49281767955801103,0.20159915392003824,0.9192844120306856,0.1511285736328168,0.026978910525859517,0.1102015928408422,0.3339160839160839,0.82501503307276,0.42136279926335174,0.30626151012891345,0.5414786656878927,0.4817975854439699,0.49520620570344326,0.5353616282620299,0.5497659681716713,0.5460117297025181,0.541234652214206,0.5142351181195609,0.5703803771985589,0.423799024520612,0.5663039232100006,0.51635321911565,https://a.espncdn.com/i/headshots/wnba/players/full/4065870.png
2026,4066533,Sabrina Ionescu,G,9,Liberty,1,1,31,11,4,15,2,5,1,2,0,5,5,7,0,0,1,2,2024,297,649,285,177,204,71,273,344,140,87,229,316,31,11,5,7,0,0,1,0,5,0.26666666666666666,0.4,0.5,0.3333333333333333,0.3463476070528967,12.774193548387096,5.806451612903226,8.129032258064516,0,0,1.1612903225806452,0,5.806451612903226,16.880000000000003,0.2508308628433908,18.744565217391305,0.37344157726877353,16.880000000000003,0.059241706161137435,22.974308300395258,0,27.56916996047431,0.18136200716845877,0.3333333333333333,0.13333333333333333,15.88,15,18.744565217391305,31,16.880000000000003,22.974308300395258,27.56916996047431,5,2,15,15,0.687052262657879,0.009659640489993054,0.036464088397790057,0.9397015675197568,0.0023979261179520417,0.01633345824057134,0.0340183884013996,0.9565500714152719,0.7377622377622378,0.020444978953698137,0.2990791896869245,0.15377532228360957,0.22213637643936943,0.5456268704192985,0.49281767955801103,0.20159915392003824,0.9192844120306856,0.1511285736328168,0.026978910525859517,0.1102015928408422,0.3339160839160839,0.82501503307276,0.42136279926335174,0.30626151012891345,0.5414786656878927,0.4817975854439699,0.49520620570344326,0.5353616282620299,0.5497659681716713,0.5460117297025181,0.541234652214206,0.5142351181195609,0.5703803771985589,0.423799024520612,0.5663039232100006,0.51635321911565,https://a.espncdn.com/i/headshots/wnba/players/full/4066533.png
2026,4068042,Natasha Mack,F,11,Mercury,11,11,276,108,46,64,1,2,15,18,35,60,95,15,10,17,10,27,2198,296,718,267,228,282,89,267,356,139,79,301,380,25.09090909090909,9.818181818181818,8.636363636363637,1.3636363636363635,0.9090909090909091,1.5454545454545454,0.9090909090909091,3.1818181818181817,5.454545454545454,0.71875,0.5,0.8333333333333334,0.7265625,0.7508342602892102,14.08695652173913,12.391304347826088,1.9565217391304348,1.3043478260869565,2.217391304347826,1.3043478260869565,4.565217391304348,7.826086956521739,81.92,0.1329946353116914,139.84167424931755,0.10726416199263435,81.92,0.1220703125,244.8589626933576,0.1429394277220364,217.2338489535942,0.2762000502638854,0.03125,0.28125,71.92,64,139.84167424931755,276,81.92,244.8589626933576,217.2338489535942,2,18,64,64,0.12100004562251929,0.986426116838488,0.9852489244007375,0.5896284312933675,0.6089289135849779,0.37652265158082027,0.9260393681637696,0.9254949083669156,0.9493908153701968,0.7700934579439253,0.11893054701905348,0.45728334357713585,0.20098584361301935,0.5537210051546392,0.512138905961893,0.12475397702274563,0.8699373501251256,0.15032620101281993,0.07774783134386844,0.1844192974153495,0.3270852858481724,0.7401869158878505,0.3279041180086048,0.3288260602335587,0.5208236385479872,0.49686569301260025,0.5184921122720754,0.6507351915172096,0.5044925592386792,0.5921801785361254,0.599145201099469,0.5291608678754232,0.42575445173383314,0.4660934579439253,0.44784265519360783,0.5245564433517722,https://a.espncdn.com/i/headshots/wnba/players/full/4068042.png
2026,4068104,Peyton Williams,F,11,Mercury,1,0,6,0,0,1,0,0,0,0,0,0,0,2,0,1,0,0,2198,296,718,267,228,282,89,267,356,139,79,301,380,6,0,0,2,0,1,0,0,0,0,NA,NA,0,0,0,0,12,0,6,0,0,0,1,0.07467960478927983,4.040036396724295,0.49504504504504504,1,0,5.3230209281164695,0,4.722474977252047,0,0,0,1,1,4.040036396724295,6,1,5.3230209281164695,4.722474977252047,0,0,1,1,0.0031662028377206987,2.6847079037800684e-4,3.0731407498463427e-4,0.9997662031914866,8.622341444721211e-4,2.2811259637757196e-4,0.008536509014109473,8.202777334483823e-4,NA,NA,0.03841425937307929,6.146281499692685e-4,0.20098584361301935,0.5537210051546392,0.512138905961893,0.12475397702274563,0.8699373501251256,0.15032620101281993,0.07774783134386844,0.1844192974153495,0.3270852858481724,0.7401869158878505,0.3279041180086048,0.3288260602335587,0.5208236385479872,0.49686569301260025,0.5184921122720754,0.6507351915172096,0.5044925592386792,0.5921801785361254,0.599145201099469,0.5291608678754232,0.42575445173383314,0.4660934579439253,0.44784265519360783,0.5245564433517722,https://a.espncdn.com/i/headshots/wnba/players/full/4068104.png
2026,4068159,Sug Sutton,G,132052,Fire,3,2,69,34,13,31,2,8,6,10,1,4,5,17,2,0,6,5,2205,327,715,276,162,201,74,225,299,162,99,250,349,23,11.333333333333334,1.6666666666666667,5.666666666666667,0.6666666666666666,0,2,0.3333333333333333,1.3333333333333333,0.41935483870967744,0.25,0.6,0.45161290322580644,0.480225988700565,17.73913043478261,2.608695652173913,8.869565217391305,1.0434782608695652,0,3.130434782608696,0.5217391304347826,2.0869565217391304,41.4,0.2740719257540603,38.163265306122454,0.4454545454545454,41.4,0.14492753623188406,50.693877551020414,0.01972624798711755,50.693877551020414,0.0789049919484702,0.25806451612903225,0.3225806451612903,35.4,31,38.163265306122454,69,41.4,50.693877551020414,50.693877551020414,8,10,31,31,0.8072332312032976,0.2815642385567666,0.34898710865561694,0.9790678012382164,0.3679196370706416,0.48417902880948704,0.42881163472422795,0.22523579306357125,0.19318181818181818,0.04690318701142514,0.1464088397790055,0.5594843462246777,0.22213637643936943,0.5456268704192985,0.49281767955801103,0.20159915392003824,0.9192844120306856,0.1511285736328168,0.026978910525859517,0.1102015928408422,0.3339160839160839,0.82501503307276,0.42136279926335174,0.30626151012891345,0.5414786656878927,0.4817975854439699,0.49520620570344326,0.5353616282620299,0.5497659681716713,0.5460117297025181,0.541234652214206,0.5142351181195609,0.5703803771985589,0.423799024520612,0.5663039232100006,0.51635321911565,https://a.espncdn.com/i/headshots/wnba/players/full/4068159.png
2026,4068161,Joyner Holmes,F,14,Storm,1,0,15,2,1,4,0,1,0,0,1,4,5,1,0,3,2,1,2203,283,703,265,182,229,71,275,346,157,111,299,410,15,2,5,1,0,3,2,1,4,0.25,0,NA,0.25,0.25,4.8,12,2.4,0,7.2,4.8,2.4,9.6,6,0.18343811149506645,8.634589196550158,0.11581326884659869,6,0.3333333333333333,12.596459373581478,0.0793873873873874,13.141171130276893,0.30438687392055275,0.25,0,4,4,8.634589196550158,15,6,12.596459373581478,13.141171130276893,1,0,4,4,0.40562981887859845,0.006679553264604811,0.008912108174554395,0.6191301186605365,0.0022992910519256562,0.995921346776769,0.6097319104587312,0.9270268208492547,0.008434864104967198,NA,0.3899815611555009,0.0018438844499078057,0.20098584361301935,0.5537210051546392,0.512138905961893,0.12475397702274563,0.8699373501251256,0.15032620101281993,0.07774783134386844,0.1844192974153495,0.3270852858481724,0.7401869158878505,0.3279041180086048,0.3288260602335587,0.5208236385479872,0.49686569301260025,0.5184921122720754,0.6507351915172096,0.5044925592386792,0.5921801785361254,0.599145201099469,0.5291608678754232,0.42575445173383314,0.4660934579439253,0.44784265519360783,0.5245564433517722,https://a.espncdn.com/i/headshots/wnba/players/full/4068161.png
2026,4068346,Kamiah Smalls,F,132052,Fire,2,1,30,15,5,10,4,7,1,1,0,0,0,6,0,0,4,2,2205,327,715,276,162,201,74,225,299,162,99,250,349,15,7.5,0,3,0,0,2,0,0,0.5,0.5714285714285714,1,0.7,0.7183908045977012,18,0,7.2,0,0,4.8,0,0,14.44,0.21986658932714617,17.244897959183675,0.3479289940828402,14.44,0.2770083102493075,22.040816326530614,0,22.040816326530614,0,0.7,0.1,10.44,10,17.244897959183675,30,14.44,22.040816326530614,22.040816326530614,7,1,10,10,0.6005018477120306,0.9649699312714777,0.9477566072526121,0.9691535883027722,0.005173404866832727,0.9538117614854691,0.011078980335231556,0.0033896531199209103,0.9868791002811621,0.9710280373831776,0.9803318992009834,0.07713583282114321,0.20098584361301935,0.5537210051546392,0.512138905961893,0.12475397702274563,0.8699373501251256,0.15032620101281993,0.07774783134386844,0.1844192974153495,0.3270852858481724,0.7401869158878505,0.3279041180086048,0.3288260602335587,0.5208236385479872,0.49686569301260025,0.5184921122720754,0.6507351915172096,0.5044925592386792,0.5921801785361254,0.599145201099469,0.5291608678754232,0.42575445173383314,0.4660934579439253,0.44784265519360783,0.5245564433517722,https://a.espncdn.com/i/headshots/wnba/players/full/4068346.png
2026,4257500,Cecilia Zandalasini,F,129689,Valkyries,6,3,106,58,18,46,12,30,10,14,3,8,11,12,6,0,11,7,2000,292,717,319,157,204,98,237,335,97,88,269,357,17.666666666666668,9.666666666666666,1.8333333333333333,2,1,0,1.8333333333333333,0.5,1.3333333333333333,0.391304347826087,0.4,0.7142857142857143,0.5217391304347826,0.5559815950920246,19.69811320754717,3.7358490566037736,4.0754716981132075,2.0377358490566038,0,3.7358490566037736,1.0188679245283019,2.7169811320754715,63.16,0.26372003921562076,59.38000000000001,0.20208824520040414,63.16,0.1741608613046232,97.25500000000001,0.030846743098041227,86.125,0.09288824383164006,0.6521739130434783,0.30434782608695654,52.16,46,59.38000000000001,106,63.16,97.25500000000001,86.125,30,14,46,46,0.9251790683881564,0.5040700171821305,0.573140749846343,0.9086902812225673,0.6712013795746311,0.7074136593822711,0.1077707451468879,0.08272174063281873,0.7413308341143393,0.3467289719626168,0.9763368162261832,0.5070682237246465,0.20098584361301935,0.5537210051546392,0.512138905961893,0.12475397702274563,0.8699373501251256,0.15032620101281993,0.07774783134386844,0.1844192974153495,0.3270852858481724,0.7401869158878505,0.3279041180086048,0.3288260602335587,0.5208236385479872,0.49686569301260025,0.5184921122720754,0.6507351915172096,0.5044925592386792,0.5921801785361254,0.599145201099469,0.5291608678754232,0.42575445173383314,0.4660934579439253,0.44784265519360783,0.5245564433517722,https://a.espncdn.com/i/headshots/wnba/players/full/4257500.png
2026,4280850,Maya Caldwell,G,8,Lynx,10,0,139,46,15,40,9,22,7,7,5,15,20,12,6,5,6,13,2004,345,688,202,138,178,91,288,379,145,101,217,318,13.9,4.6,2,1.2,0.6,0.5,0.6,0.5,1.5,0.375,0.4090909090909091,1,0.4875,0.5338904363974002,11.913669064748202,5.179856115107913,3.1079136690647484,1.5539568345323742,1.2949640287769784,1.5539568345323742,1.2949640287769784,3.884892086330935,49.08,0.15529109960506332,104.64820359281437,0.11466990916243473,49.08,0.12224938875305624,106.81636726546907,0.04680930580211155,134.90768463073852,0.11118714283072258,0.55,0.175,43.08,40,104.64820359281437,139,49.08,106.81636726546907,134.90768463073852,22,7,40,40,0.08751956267771728,0.39412371870192087,0.44732965009208103,0.24803992859865936,0.30913804277381723,0.41415015319505366,0.8833847804995775,0.5436928759768777,0.784527972027972,0.9729404690318701,0.7928176795580111,0.20847145488029467,0.22213637643936943,0.5456268704192985,0.49281767955801103,0.20159915392003824,0.9192844120306856,0.1511285736328168,0.026978910525859517,0.1102015928408422,0.3339160839160839,0.82501503307276,0.42136279926335174,0.30626151012891345,0.5414786656878927,0.4817975854439699,0.49520620570344326,0.5353616282620299,0.5497659681716713,0.5460117297025181,0.541234652214206,0.5142351181195609,0.5703803771985589,0.423799024520612,0.5663039232100006,0.51635321911565,https://a.espncdn.com/i/headshots/wnba/players/full/4280850.png
2026,4280892,Chennedy Carter,G,17,Aces,8,0,161,140,54,83,10,17,22,30,6,13,19,13,10,3,15,20,1797,311,639,190,119,165,74,262,336,120,81,234,315,20.125,17.5,2.375,1.625,1.25,0.375,1.875,0.75,1.625,0.6506024096385542,0.5882352941176471,0.7333333333333333,0.7108433734939759,0.7276507276507276,31.304347826086957,4.248447204968944,2.906832298136646,2.2360248447204967,0.6708074534161491,3.3540372670807455,1.3416149068322982,2.906832298136646,111.2,0.29849874073476557,85.3183082915971,0.15237057860511227,111.2,0.13489208633093525,137.9744017807457,0.04348632733725901,153.65331107401224,0.08460605182623182,0.20481927710843373,0.3614457831325301,96.2,83,85.3183082915971,161,111.2,137.9744017807457,153.65331107401224,17,30,83,83,0.8599257169308087,0.9787332108567088,0.9966850828729282,0.40286358266576844,0.8189889825016202,0.45348491194039725,0.8573197218045091,0.29052104321856964,0.9916958041958042,0.1371016235718581,0.037753222836095765,0.6697974217311234,0.22213637643936943,0.5456268704192985,0.49281767955801103,0.20159915392003824,0.9192844120306856,0.1511285736328168,0.026978910525859517,0.1102015928408422,0.3339160839160839,0.82501503307276,0.42136279926335174,0.30626151012891345,0.5414786656878927,0.4817975854439699,0.49520620570344326,0.5353616282620299,0.5497659681716713,0.5460117297025181,0.541234652214206,0.5142351181195609,0.5703803771985589,0.423799024520612,0.5663039232100006,0.51635321911565,https://a.espncdn.com/i/headshots/wnba/players/full/4280892.png
2026,4281929,Satou Sabally,F,9,Liberty,5,3,69,43,12,33,6,15,13,14,2,12,14,5,0,1,7,13,2024,297,649,285,177,204,71,273,344,140,87,229,316,13.8,8.6,2.8,1,0,0.2,1.4,0.4,2.4,0.36363636363636365,0.4,0.9285714285714286,0.45454545454545453,0.54902962206333,22.434782608695652,7.304347826086956,2.608695652173913,0,0.5217391304347826,3.652173913043478,1.0434782608695652,6.260869565217392,46.16,0.3081675694539275,38.62499999999999,0.12944983818770228,46.16,0.1516464471403813,51.13636363636363,0.03911111111111111,61.36363636363636,0.19555555555555557,0.45454545454545453,0.42424242424242425,39.16,33,38.62499999999999,69,46.16,51.13636363636363,61.36363636363636,15,14,33,33,0.998403211825357,0.46667740549828174,0.27197295636140134,0.6674870594735649,0.011783866641118988,0.5971987773164834,0.24113162059576718,0.614000549919973,0.7553889409559512,0.9448598130841122,0.6791641057160418,0.7289489858635525,0.20098584361301935,0.5537210051546392,0.512138905961893,0.12475397702274563,0.8699373501251256,0.15032620101281993,0.07774783134386844,0.1844192974153495,0.3270852858481724,0.7401869158878505,0.3279041180086048,0.3288260602335587,0.5208236385479872,0.49686569301260025,0.5184921122720754,0.6507351915172096,0.5044925592386792,0.5921801785361254,0.599145201099469,0.5291608678754232,0.42575445173383314,0.4660934579439253,0.44784265519360783,0.5245564433517722,https://a.espncdn.com/i/headshots/wnba/players/full/4281929.png
2026,4281930,Anneli Maley,F,9,Liberty,3,0,28,1,0,4,0,2,1,2,2,3,5,0,3,0,0,6,2024,297,649,285,177,204,71,273,344,140,87,229,316,9.333333333333334,0.3333333333333333,1.6666666666666667,0,1,0,0,0.6666666666666666,1,0,0,0.5,0,0.10245901639344263,1.2857142857142858,6.428571428571429,0,3.857142857142857,0,0,2.5714285714285716,3.857142857142857,4.88,0.08028455681057074,20.543478260869566,0,4.88,0,20.750988142292492,0.09638095238095237,24.90118577075099,0.12047619047619047,0.5,0.5,4.88,4,20.543478260869566,28,4.88,20.750988142292492,24.90118577075099,2,2,4,4,0.00427939230804325,0.0015786082474226802,0.0015365703749231714,0.0034785489917662925,0.6738838858018777,0.001341302066700123,0.6672565368016836,0.12948044093532254,0.010309278350515464,0.04579439252336449,0.7636754763368162,0.8079287031346035,0.20098584361301935,0.5537210051546392,0.512138905961893,0.12475397702274563,0.8699373501251256,0.15032620101281993,0.07774783134386844,0.1844192974153495,0.3270852858481724,0.7401869158878505,0.3279041180086048,0.3288260602335587,0.5208236385479872,0.49686569301260025,0.5184921122720754,0.6507351915172096,0.5044925592386792,0.5921801785361254,0.599145201099469,0.5291608678754232,0.42575445173383314,0.4660934579439253,0.44784265519360783,0.5245564433517722,https://a.espncdn.com/i/headshots/wnba/players/full/4281930.png
2026,4282168,Kiana Williams,G,11,Mercury,8,0,105,38,12,33,9,25,5,5,0,3,3,4,4,1,6,10,2198,296,718,267,228,282,89,267,356,139,79,301,380,13.125,4.75,0.375,0.5,0.5,0.125,0.75,0,0.375,0.36363636363636365,0.36,1,0.5,0.5397727272727272,13.028571428571428,1.0285714285714285,1.3714285714285714,1.3714285714285714,0.34285714285714286,2.057142857142857,0,1.0285714285714285,41.2,0.17581712670390454,58.700636942675146,0.06814236111111113,41.2,0.14563106796116504,93.1528662420382,0,82.64331210191082,0.036300578034682084,0.7575757575757576,0.15151515151515152,35.2,33,58.700636942675146,105,41.2,93.1528662420382,82.64331210191082,25,5,33,33,0.18542112107919853,0.4611050161318592,0.5263351749539595,0.03354697301734086,0.23674659753726507,0.48985496065421996,0.041281864827906266,0.039850324679944066,0.6451048951048951,0.9759470835838846,0.9707182320441989,0.18066298342541437,0.22213637643936943,0.5456268704192985,0.49281767955801103,0.20159915392003824,0.9192844120306856,0.1511285736328168,0.026978910525859517,0.1102015928408422,0.3339160839160839,0.82501503307276,0.42136279926335174,0.30626151012891345,0.5414786656878927,0.4817975854439699,0.49520620570344326,0.5353616282620299,0.5497659681716713,0.5460117297025181,0.541234652214206,0.5142351181195609,0.5703803771985589,0.423799024520612,0.5663039232100006,0.51635321911565,https://a.espncdn.com/i/headshots/wnba/players/full/4282168.png
2026,4282173,Michaela Onyenwere,F,16,Mystics,4,4,85,37,12,24,5,14,8,12,8,4,12,7,2,0,11,10,1647,235,518,158,161,217,81,216,297,125,68,176,244,21.25,9.25,3,1.75,0.5,0,2.75,2,1,0.5,0.35714285714285715,0.6666666666666666,0.6041666666666666,0.6318306010928961,15.670588235294117,5.08235294117647,2.9647058823529413,0.8470588235294118,0,4.658823529411765,3.388235294117647,1.6941176470588235,40.28,0.21137586266225697,48.640558591378266,0.14391282096091673,40.28,0.2730883813306852,66.31754705525198,0.12063172350652322,73.28476017000607,0.05458160729080365,0.5833333333333334,0.5,29.28,24,48.640558591378266,85,40.28,66.31754705525198,73.28476017000607,14,12,24,24,0.5670514165792235,0.8301439003436425,0.8297480024585125,0.7353162546239768,0.21488790956121862,0.9505178155937771,0.7931179337977927,0.04070182193315295,0.4676663542642924,0.2514018691588785,0.8491087891825445,0.8153042409342348,0.20098584361301935,0.5537210051546392,0.512138905961893,0.12475397702274563,0.8699373501251256,0.15032620101281993,0.07774783134386844,0.1844192974153495,0.3270852858481724,0.7401869158878505,0.3279041180086048,0.3288260602335587,0.5208236385479872,0.49686569301260025,0.5184921122720754,0.6507351915172096,0.5044925592386792,0.5921801785361254,0.599145201099469,0.5291608678754232,0.42575445173383314,0.4660934579439253,0.44784265519360783,0.5245564433517722,https://a.espncdn.com/i/headshots/wnba/players/full/4282173.png
2026,4336633,Li Yueru,C,3,Wings,6,0,46,13,2,11,1,6,8,12,8,8,16,3,1,0,1,4,1798,287,635,221,138,177,81,220,301,90,61,234,295,7.666666666666667,2.1666666666666665,2.6666666666666665,0.5,0.16666666666666666,0,0.16666666666666666,1.3333333333333333,1.3333333333333333,0.18181818181818182,0.16666666666666666,0.6666666666666666,0.22727272727272727,0.39926289926289926,10.173913043478262,12.521739130434783,2.347826086956522,0.782608695652174,0,0.782608695652174,6.260869565217392,6.260869565217392,17.28,0.16824995234546936,34.71301446051168,0.08642291793507867,17.28,0.057870370370370364,40.294771968854285,0.1985369220151829,35.94549499443826,0.222559183041931,0.5454545454545454,1.0909090909090908,16.28,11,34.71301446051168,46,17.28,40.294771968854285,35.94549499443826,6,12,11,11,0.260996317512275,0.014211962971754094,0.011255411255411256,0.2310896329434146,0.10765202211230725,0.01104746317512275,1,0.5386175818800619,0.08433734939759036,0.2642369020501139,0.9904761904761905,0.9800865800865801,0.22272243313641205,0.5655856871587942,0.5207792207792208,0.12336122254069086,0.6729113950091548,0.13809328968903437,0.07540553458344665,0.21911445418178252,0.3493975903614458,0.7334851936218679,0.21558441558441557,0.3800865800865801,0.6070636094674556,0.4441997297741423,0.532967032967033,0.5465561525233654,0.503424274300038,0.503690356288556,0.5337923887319408,0.4851744951134827,0.30491195551436523,0.3538636761871386,0.5770895770895771,0.6203796203796204,https://a.espncdn.com/i/headshots/wnba/players/full/4336633.png
2026,4337216,Han Xu,C,9,Liberty,10,0,134,55,23,43,7,18,2,3,5,18,23,7,4,4,3,10,2024,297,649,285,177,204,71,273,344,140,87,229,316,13.4,5.5,2.3,0.7,0.4,0.4,0.3,0.5,1.8,0.5348837209302325,0.3888888888888889,0.6666666666666666,0.6162790697674418,0.6204873646209387,14.776119402985074,6.17910447761194,1.8805970149253732,1.0746268656716418,1.0746268656716418,0.8059701492537313,1.3432835820895523,4.835820895522388,47.32,0.16267100928513248,75.31521739130434,0.09294270457497475,47.32,0.06339814032121724,99.30830039525691,0.05034825870646767,119.1699604743083,0.15104477611940298,0.4186046511627907,0.06976744186046512,44.32,43,75.31521739130434,134,47.32,99.30830039525691,119.1699604743083,18,3,43,43,0.1493197626841244,0.7901732732019937,0.9264069264069265,0.269802038332203,0.2630200756473669,0.04130012274959083,0.3221952340020652,0.21543427460121078,0.751004016064257,0.27107061503416857,0.8588744588744589,0.05714285714285714,0.22272243313641205,0.5655856871587942,0.5207792207792208,0.12336122254069086,0.6729113950091548,0.13809328968903437,0.07540553458344665,0.21911445418178252,0.3493975903614458,0.7334851936218679,0.21558441558441557,0.3800865800865801,0.6070636094674556,0.4441997297741423,0.532967032967033,0.5465561525233654,0.503424274300038,0.503690356288556,0.5337923887319408,0.4851744951134827,0.30491195551436523,0.3538636761871386,0.5770895770895771,0.6203796203796204,https://a.espncdn.com/i/headshots/wnba/players/full/4337216.png
2026,4398577,Miela Sowah,G,129689,Valkyries,2,0,6,0,0,2,0,2,0,0,0,0,0,0,0,0,0,1,2000,292,717,319,157,204,98,237,335,97,88,269,357,3,0,0,0,0,0,0,0,0,0,0,NA,0,0,0,0,0,0,0,0,0,0,2,0.14753179310141337,4.38,0,2,0,5.505,0,4.875,0,1,0,2,2,4.38,6,2,5.505,4.875,2,0,2,2,0.05388828884431415,4.8687704082626276e-4,5.524861878453039e-4,9.791976001931003e-4,0.0027867790019442643,2.7553067207441534e-4,0.04171111021069487,7.388937481441714e-4,0.005244755244755245,NA,0.9998158379373849,0.0027624309392265192,0.22213637643936943,0.5456268704192985,0.49281767955801103,0.20159915392003824,0.9192844120306856,0.1511285736328168,0.026978910525859517,0.1102015928408422,0.3339160839160839,0.82501503307276,0.42136279926335174,0.30626151012891345,0.5414786656878927,0.4817975854439699,0.49520620570344326,0.5353616282620299,0.5497659681716713,0.5460117297025181,0.541234652214206,0.5142351181195609,0.5703803771985589,0.423799024520612,0.5663039232100006,0.51635321911565,https://a.espncdn.com/i/headshots/wnba/players/full/4398577.png
2026,4398674,Rhyne Howard,G,20,Dream,8,8,288,143,44,109,28,70,27,33,7,24,31,27,22,5,13,20,1799,262,613,245,147,196,98,231,329,128,59,210,269,36,17.875,3.875,3.375,2.75,0.625,1.625,0.875,3,0.4036697247706422,0.4,0.8181818181818182,0.5321100917431193,0.5788536269430052,17.875,3.875,3.375,2.75,0.625,1.625,0.875,3,136.51999999999998,0.20617377598332337,165.71650917176208,0.1629288483986529,136.51999999999998,0.09522414298271317,246.53696498054472,0.028393308080808085,232.12896053362977,0.10339080459770117,0.6422018348623854,0.30275229357798167,123.52,109,165.71650917176208,288,136.51999999999998,246.53696498054472,232.12896053362977,70,33,109,109,0.48205744263451406,0.6518634407275891,0.6508287292817679,0.49504679573333193,1,0.15113959485969977,0.5557767798590026,0.4887135898400582,0.7683566433566433,0.3710162357185809,0.9116022099447514,0.49023941068139965,0.22213637643936943,0.5456268704192985,0.49281767955801103,0.20159915392003824,0.9192844120306856,0.1511285736328168,0.026978910525859517,0.1102015928408422,0.3339160839160839,0.82501503307276,0.42136279926335174,0.30626151012891345,0.5414786656878927,0.4817975854439699,0.49520620570344326,0.5353616282620299,0.5497659681716713,0.5460117297025181,0.541234652214206,0.5142351181195609,0.5703803771985589,0.423799024520612,0.5663039232100006,0.51635321911565,https://a.espncdn.com/i/headshots/wnba/players/full/4398674.png
2026,4398729,Emily Engstler,F,132052,Fire,11,11,260,107,39,83,15,33,14,18,12,35,47,14,16,25,23,31,2205,327,715,276,162,201,74,225,299,162,99,250,349,23.636363636363637,9.727272727272727,4.2727272727272725,1.2727272727272727,1.4545454545454546,2.272727272727273,2.090909090909091,1.0909090909090908,3.1818181818181817,0.46987951807228917,0.45454545454545453,0.7777777777777778,0.5602409638554217,0.5884293884733832,14.815384615384616,6.507692307692308,1.9384615384615385,2.2153846153846155,3.4615384615384617,3.1846153846153844,1.6615384615384616,4.846153846153846,113.92,0.20014278065322147,153.7891156462585,0.0910337506082187,113.92,0.20189606741573032,191.0204081632653,0.06282051282051282,191.0204081632653,0.18322649572649574,0.39759036144578314,0.21686746987951808,90.92,83,153.7891156462585,260,113.92,191.0204081632653,191.0204081632653,33,18,83,83,0.5143482823121494,0.6453178694158075,0.7138905961893055,0.35640328677452987,0.9124353324391646,0.7679091199416032,0.48915083716060453,0.5227981769007668,0.9268978444236177,0.6934579439252336,0.6026429010448678,0.2971727105101414,0.20098584361301935,0.5537210051546392,0.512138905961893,0.12475397702274563,0.8699373501251256,0.15032620101281993,0.07774783134386844,0.1844192974153495,0.3270852858481724,0.7401869158878505,0.3279041180086048,0.3288260602335587,0.5208236385479872,0.49686569301260025,0.5184921122720754,0.6507351915172096,0.5044925592386792,0.5921801785361254,0.599145201099469,0.5291608678754232,0.42575445173383314,0.4660934579439253,0.44784265519360783,0.5245564433517722,https://a.espncdn.com/i/headshots/wnba/players/full/4398729.png
2026,4398764,Rae Burrell,G,6,Sparks,9,7,249,94,34,75,11,33,15,19,7,16,23,13,4,1,18,21,1802,275,585,219,165,209,69,194,263,142,84,212,296,27.666666666666668,10.444444444444445,2.5555555555555554,1.4444444444444444,0.4444444444444444,0.1111111111111111,2,0.7777777777777778,1.7777777777777777,0.4533333333333333,0.3333333333333333,0.7894736842105263,0.5266666666666666,0.5638195777351248,13.590361445783133,3.325301204819277,1.8795180722891567,0.5783132530120482,0.14457831325301204,2.602409638554217,1.0120481927710843,2.3132530120481927,101.36,0.17913867053639976,155.99722530521646,0.083334815568449,101.36,0.17758484609313338,194.14261931187573,0.03605596764281324,192.0699223085461,0.08330299615729102,0.44,0.25333333333333335,83.36,75,155.99722530521646,249,101.36,194.14261931187573,192.0699223085461,33,19,75,75,0.2296493045605837,0.6031952117265958,0.6307550644567219,0.15557798581988608,0.14277381723914453,0.7024709590671633,0.7274660963796177,0.27856282314397535,0.5594405594405595,0.24413710162357186,0.6230202578268876,0.3360957642725598,0.22213637643936943,0.5456268704192985,0.49281767955801103,0.20159915392003824,0.9192844120306856,0.1511285736328168,0.026978910525859517,0.1102015928408422,0.3339160839160839,0.82501503307276,0.42136279926335174,0.30626151012891345,0.5414786656878927,0.4817975854439699,0.49520620570344326,0.5353616282620299,0.5497659681716713,0.5460117297025181,0.541234652214206,0.5142351181195609,0.5703803771985589,0.423799024520612,0.5663039232100006,0.51635321911565,https://a.espncdn.com/i/headshots/wnba/players/full/4398764.png
2026,4398768,Nyara Sabally,F,131935,Tempo,8,8,206,94,35,61,5,13,19,25,19,24,43,15,11,10,9,20,2000,292,674,287,206,240,88,225,313,126,85,247,332,25.75,11.75,5.375,1.875,1.375,1.25,1.125,2.375,3,0.5737704918032787,0.38461538461538464,0.76,0.6147540983606558,0.6527777777777778,16.42718446601942,7.514563106796117,2.621359223300971,1.9223300970873787,1.7475728155339805,1.5728155339805825,3.320388349514563,4.194174757281553,81,0.17367662698548836,115.38,0.13000520020800832,81,0.1111111111111111,172.525,0.11012896681640341,159.65,0.15032884434700908,0.21311475409836064,0.4098360655737705,72,61,115.38,206,81,172.525,159.65,13,25,61,61,0.3243669875450522,0.9076782646048109,0.866318377381684,0.6858703466624338,0.8875263460433033,0.24571376431406544,0.7746479159288823,0.29460913195937816,0.6869728209934396,0.5373831775700935,0.344499078057775,0.7108174554394592,0.20098584361301935,0.5537210051546392,0.512138905961893,0.12475397702274563,0.8699373501251256,0.15032620101281993,0.07774783134386844,0.1844192974153495,0.3270852858481724,0.7401869158878505,0.3279041180086048,0.3288260602335587,0.5208236385479872,0.49686569301260025,0.5184921122720754,0.6507351915172096,0.5044925592386792,0.5921801785361254,0.599145201099469,0.5291608678754232,0.42575445173383314,0.4660934579439253,0.44784265519360783,0.5245564433517722,https://a.espncdn.com/i/headshots/wnba/players/full/4398768.png
2026,4398776,NaLyssa Smith,F,17,Aces,9,9,193,99,41,58,1,3,16,34,23,38,61,8,4,8,10,30,1797,311,639,190,119,165,74,262,336,120,81,234,315,21.444444444444443,11,6.777777777777778,0.8888888888888888,0.4444444444444444,0.8888888888888888,1.1111111111111112,2.5555555555555554,4.222222222222222,0.7068965517241379,0.3333333333333333,0.47058823529411764,0.7155172413793104,0.678453947368421,18.466321243523318,11.378238341968911,1.4922279792746114,0.7461139896373057,1.4922279792746114,1.8652849740932642,4.290155440414508,7.0880829015544045,82.96000000000001,0.1857697627645814,126.00890372843628,0.06348757717344262,82.96000000000001,0.12054001928640308,165.39788536449637,0.1390586097839984,184.19309961046187,0.20630523119684588,0.05172413793103448,0.5862068965517241,72.96000000000001,58,126.00890372843628,193,82.96000000000001,165.39788536449637,184.19309961046187,3,34,58,58,0.4279483553081801,0.9511812714776632,0.9655808236017209,0.16330149615550837,0.19371527112473655,0.3276791824444546,0.8977941851748709,0.6859691844030117,0.44329896907216493,0.04392523364485981,0.13675476336816225,0.9038106945298094,0.20098584361301935,0.5537210051546392,0.512138905961893,0.12475397702274563,0.8699373501251256,0.15032620101281993,0.07774783134386844,0.1844192974153495,0.3270852858481724,0.7401869158878505,0.3279041180086048,0.3288260602335587,0.5208236385479872,0.49686569301260025,0.5184921122720754,0.6507351915172096,0.5044925592386792,0.5921801785361254,0.599145201099469,0.5291608678754232,0.42575445173383314,0.4660934579439253,0.44784265519360783,0.5245564433517722,https://a.espncdn.com/i/headshots/wnba/players/full/4398776.png
2026,4398829,Lexie Hull,G,5,Fever,9,6,178,51,15,39,9,24,12,17,3,28,31,7,5,2,8,24,1825,279,618,246,177,210,68,225,293,132,56,211,267,19.77777777777778,5.666666666666667,3.4444444444444446,0.7777777777777778,0.5555555555555556,0.2222222222222222,0.8888888888888888,0.3333333333333333,3.111111111111111,0.38461538461538464,0.375,0.7058823529411765,0.5,0.5486230636833046,10.314606741573034,6.269662921348314,1.4157303370786516,1.0112359550561798,0.4044943820224719,1.6179775280898876,0.6067415730337079,5.662921348314606,54.480000000000004,0.13261468036748938,121.06027397260274,0.05782243646321316,54.480000000000004,0.14684287812041114,136.06027397260274,0.02204905158873988,137.03561643835616,0.20432644248070694,0.6153846153846154,0.4358974358974359,46.480000000000004,39,121.06027397260274,178,54.480000000000004,136.06027397260274,137.03561643835616,24,17,39,39,0.03983071395507748,0.48405315398947046,0.5335174953959484,0.018312091785102586,0.2775113415424498,0.5228690457821765,0.48053833431340637,0.9798617254011973,0.7071678321678322,0.09079975947083584,0.8650092081031308,0.879926335174954,0.22213637643936943,0.5456268704192985,0.49281767955801103,0.20159915392003824,0.9192844120306856,0.1511285736328168,0.026978910525859517,0.1102015928408422,0.3339160839160839,0.82501503307276,0.42136279926335174,0.30626151012891345,0.5414786656878927,0.4817975854439699,0.49520620570344326,0.5353616282620299,0.5497659681716713,0.5460117297025181,0.541234652214206,0.5142351181195609,0.5703803771985589,0.423799024520612,0.5663039232100006,0.51635321911565,https://a.espncdn.com/i/headshots/wnba/players/full/4398829.png
2026,4398907,Kate Martin,G,6,Sparks,5,0,44,13,5,11,3,8,0,0,0,2,2,1,2,0,1,5,1802,275,585,219,165,209,69,194,263,142,84,212,296,8.8,2.6,0.4,0.2,0.4,0,0.2,0,0.4,0.45454545454545453,0.375,NA,0.5909090909090909,0.5909090909090909,10.636363636363637,1.6363636363636365,0.8181818181818182,1.6363636363636365,0,0.8181818181818182,0,1.6363636363636365,12,0.12001918175601868,28.573806881243065,0.034997086812973394,12,0.08333333333333333,34.30632630410655,0,33.94006659267481,0.05892740353172007,0.7272727272727273,0,11,11,28.573806881243065,44,12,34.30632630410655,33.94006659267481,8,0,11,11,0.021772433707320297,0.6937413579325253,0.8605893186003684,0.005091263612727321,0.12287751134154246,0.06938413384177927,0.04438610242985507,0.11396984287808819,0.7106643356643356,NA,0.9462246777163904,0.004788213627992633,0.22213637643936943,0.5456268704192985,0.49281767955801103,0.20159915392003824,0.9192844120306856,0.1511285736328168,0.026978910525859517,0.1102015928408422,0.3339160839160839,0.82501503307276,0.42136279926335174,0.30626151012891345,0.5414786656878927,0.4817975854439699,0.49520620570344326,0.5353616282620299,0.5497659681716713,0.5460117297025181,0.541234652214206,0.5142351181195609,0.5703803771985589,0.423799024520612,0.5663039232100006,0.51635321911565,https://a.espncdn.com/i/headshots/wnba/players/full/4398907.png
2026,4398911,Shakira Austin,C,16,Mystics,8,8,229,137,47,90,3,7,40,52,7,62,69,21,8,9,22,18,1647,235,518,158,161,217,81,216,297,125,68,176,244,28.625,17.125,8.625,2.625,1,1.125,2.75,0.875,7.75,0.5222222222222223,0.42857142857142855,0.7692307692307693,0.5388888888888889,0.606839121190645,21.53711790393013,10.847161572052402,3.3013100436681224,1.25764192139738,1.4148471615720524,3.458515283842795,1.1004366812227073,9.746724890829695,134.88,0.2627222965714066,116.37279902853675,0.18045454071144593,134.88,0.1631079478054567,178.6672738312083,0.039178971335360975,197.43776563448696,0.3140230026446891,0.07777777777777778,0.5777777777777777,112.88,90,116.37279902853675,229,134.88,178.6672738312083,197.43776563448696,7,52,90,90,0.7538870703764321,0.7572988369333017,0.5922077922077922,0.9126898977486622,0.7692755309863253,0.8958162847790507,0.21590500837968843,0.968273087044002,0.7991967871485943,0.5353075170842825,0.296969696969697,0.9108225108225109,0.22272243313641205,0.5655856871587942,0.5207792207792208,0.12336122254069086,0.6729113950091548,0.13809328968903437,0.07540553458344665,0.21911445418178252,0.3493975903614458,0.7334851936218679,0.21558441558441557,0.3800865800865801,0.6070636094674556,0.4441997297741423,0.532967032967033,0.5465561525233654,0.503424274300038,0.503690356288556,0.5337923887319408,0.4851744951134827,0.30491195551436523,0.3538636761871386,0.5770895770895771,0.6203796203796204,https://a.espncdn.com/i/headshots/wnba/players/full/4398911.png
2026,4398915,Naz Hillmon,F,20,Dream,9,9,289,78,31,75,7,35,9,14,16,33,49,14,8,0,12,19,1799,262,613,245,147,196,98,231,329,128,59,210,269,32.111111111111114,8.666666666666666,5.444444444444445,1.5555555555555556,0.8888888888888888,0,1.3333333333333333,1.7777777777777777,3.6666666666666665,0.41333333333333333,0.2,0.6428571428571429,0.46,0.4805322819122721,9.716262975778546,6.103806228373703,1.7439446366782008,0.9965397923875432,0,1.494809688581315,1.9930795847750864,4.110726643598616,93.16,0.14020427957460244,179.44469149527512,0.07801846843916599,93.16,0.12881064834693,247.3929961089494,0.06467442592010067,232.934963868816,0.14167044505428947,0.4666666666666667,0.18666666666666668,81.16,75,179.44469149527512,289,93.16,247.3929961089494,232.934963868816,35,14,75,75,0.14225101510105387,0.18824097938144327,0.29502151198524895,0.294305538314062,0.5557578080091972,0.49463022948127194,0.5176883281652527,0.257985107595179,0.22774133083411435,0.24018691588785046,0.7175783650891211,0.2052858020897357,0.20098584361301935,0.5537210051546392,0.512138905961893,0.12475397702274563,0.8699373501251256,0.15032620101281993,0.07774783134386844,0.1844192974153495,0.3270852858481724,0.7401869158878505,0.3279041180086048,0.3288260602335587,0.5208236385479872,0.49686569301260025,0.5184921122720754,0.6507351915172096,0.5044925592386792,0.5921801785361254,0.599145201099469,0.5291608678754232,0.42575445173383314,0.4660934579439253,0.44784265519360783,0.5245564433517722,https://a.espncdn.com/i/headshots/wnba/players/full/4398915.png
2026,4398935,Veronica Burton,G,129689,Valkyries,10,10,278,136,42,104,16,38,36,43,10,21,31,58,8,8,15,37,2000,292,717,319,157,204,98,237,335,97,88,269,357,27.8,13.6,3.1,5.8,0.8,0.8,1.5,1,2.1,0.40384615384615385,0.42105263157894735,0.8372093023255814,0.4807692307692308,0.5532053368044256,17.611510791366907,4.014388489208633,7.510791366906475,1.0359712230215827,1.0359712230215827,1.9424460431654675,1.2949640287769784,2.7194244604316546,137.92000000000002,0.21957825436561437,160.94,0.3603827513359016,137.92000000000002,0.10875870069605567,255.06499999999997,0.03920569266657519,225.87499999999997,0.09297177642501385,0.36538461538461536,0.41346153846153844,122.92,104,160.94,278,137.92000000000002,255.06499999999997,225.87499999999997,38,43,104,104,0.5367998765622589,0.5273397687658641,0.439963167587477,0.9334228498344248,0.4521710952689566,0.2738499349747614,0.8408465869701659,0.40686415624518885,0.8234265734265734,0.5441972339146122,0.40515653775322286,0.812707182320442,0.22213637643936943,0.5456268704192985,0.49281767955801103,0.20159915392003824,0.9192844120306856,0.1511285736328168,0.026978910525859517,0.1102015928408422,0.3339160839160839,0.82501503307276,0.42136279926335174,0.30626151012891345,0.5414786656878927,0.4817975854439699,0.49520620570344326,0.5353616282620299,0.5497659681716713,0.5460117297025181,0.541234652214206,0.5142351181195609,0.5703803771985589,0.423799024520612,0.5663039232100006,0.51635321911565,https://a.espncdn.com/i/headshots/wnba/players/full/4398935.png
2026,4398966,Olivia Nelson-Ododa,C,18,Sun,7,1,110,45,14,23,0,0,17,26,6,13,19,17,7,4,6,21,2200,307,745,218,160,237,107,260,367,163,84,275,359,15.714285714285714,6.428571428571429,2.7142857142857144,2.4285714285714284,1,0.5714285714285714,0.8571428571428571,0.8571428571428571,1.8571428571428572,0.6086956521739131,NA,0.6538461538461539,0.6086956521739131,0.6533101045296168,14.727272727272727,6.218181818181818,5.5636363636363635,2.290909090909091,1.309090909090909,1.9636363636363636,1.9636363636363636,4.254545454545455,40.44,0.1597976844351365,62.75,0.27091633466135456,40.44,0.1483679525222552,95.5,0.06282722513089005,86,0.1511627906976744,0,1.1304347826086956,34.44,23,62.75,110,40.44,95.5,86,0,26,23,23,0.1190671031096563,0.9304236885829574,0.8891774891774892,1,0.8012801862089031,0.6420059328968903,0.4067221145097814,0.24520337896082106,NA,0.23690205011389523,0.07186147186147186,1,0.22272243313641205,0.5655856871587942,0.5207792207792208,0.12336122254069086,0.6729113950091548,0.13809328968903437,0.07540553458344665,0.21911445418178252,0.3493975903614458,0.7334851936218679,0.21558441558441557,0.3800865800865801,0.6070636094674556,0.4441997297741423,0.532967032967033,0.5465561525233654,0.503424274300038,0.503690356288556,0.5337923887319408,0.4851744951134827,0.30491195551436523,0.3538636761871386,0.5770895770895771,0.6203796203796204,https://a.espncdn.com/i/headshots/wnba/players/full/4398966.png
2026,4399342,Lexi Held,G,11,Mercury,10,0,89,14,4,16,3,8,3,3,3,5,8,9,3,1,5,9,2198,296,718,267,228,282,89,267,356,139,79,301,380,8.9,1.4,0.8,0.9,0.3,0.1,0.5,0.3,0.5,0.25,0.375,1,0.34375,0.40415704387990764,5.662921348314606,3.235955056179775,3.640449438202247,1.2134831460674158,0.4044943820224719,2.0224719101123596,1.2134831460674158,2.0224719101123596,22.32,0.11237182779079052,55.92720655141037,0.1609234673955486,22.32,0.22401433691756273,78.95814376706096,0.037994814174589456,70.05004549590537,0.07137754107943106,0.5,0.1875,17.32,16,55.92720655141037,89,22.32,78.95814376706096,70.05004549590537,8,3,16,16,0.009103533405338681,0.05781502567464929,0.048987108655616944,0.4769491207389607,0.09442644199611147,0.9294421054951838,0.7908343493891514,0.18624126891340304,0.7141608391608392,0.9777510523150932,0.7622467771639042,0.2406998158379374,0.22213637643936943,0.5456268704192985,0.49281767955801103,0.20159915392003824,0.9192844120306856,0.1511285736328168,0.026978910525859517,0.1102015928408422,0.3339160839160839,0.82501503307276,0.42136279926335174,0.30626151012891345,0.5414786656878927,0.4817975854439699,0.49520620570344326,0.5353616282620299,0.5497659681716713,0.5460117297025181,0.541234652214206,0.5142351181195609,0.5703803771985589,0.423799024520612,0.5663039232100006,0.51635321911565,https://a.espncdn.com/i/headshots/wnba/players/full/4399342.png
2026,4399415,Maddy Siegrist,F,3,Wings,9,2,131,60,24,57,7,18,5,5,10,20,30,8,3,3,1,13,1798,287,635,221,138,177,81,220,301,90,61,234,295,14.555555555555555,6.666666666666667,3.3333333333333335,0.8888888888888888,0.3333333333333333,0.3333333333333333,0.1111111111111111,1.1111111111111112,2.2222222222222223,0.42105263157894735,0.3888888888888889,1,0.4824561403508772,0.5067567567567567,16.48854961832061,8.244274809160306,2.198473282442748,0.8244274809160306,0.8244274809160306,0.2748091603053435,2.7480916030534353,5.4961832061068705,60.2,0.20582315876584756,80.55228031145717,0.0993143827718821,60.2,0.01661129568106312,114.75250278086763,0.08714406882345814,102.36651835372636,0.19537638205971042,0.3157894736842105,0.08771929824561403,59.2,57,80.55228031145717,131,60.2,114.75250278086763,102.36651835372636,18,5,57,57,0.5578630411971349,0.33326890034364265,0.4087277197295636,0.4266700115695692,0.12741904579421345,0.01689858113965053,0.6300865396570813,0.6068471752644529,0.703842549203374,0.9757009345794393,0.44038106945298094,0.06422864167178857,0.20098584361301935,0.5537210051546392,0.512138905961893,0.12475397702274563,0.8699373501251256,0.15032620101281993,0.07774783134386844,0.1844192974153495,0.3270852858481724,0.7401869158878505,0.3279041180086048,0.3288260602335587,0.5208236385479872,0.49686569301260025,0.5184921122720754,0.6507351915172096,0.5044925592386792,0.5921801785361254,0.599145201099469,0.5291608678754232,0.42575445173383314,0.4660934579439253,0.44784265519360783,0.5245564433517722,https://a.espncdn.com/i/headshots/wnba/players/full/4399415.png
2026,4432830,Jordan Horston,F,14,Storm,11,11,211,46,18,56,3,19,7,8,8,33,41,12,12,8,16,15,2203,283,703,265,182,229,71,275,346,157,111,299,410,19.181818181818183,4.181818181818182,3.727272727272727,1.0909090909090908,1.0909090909090908,0.7272727272727273,1.4545454545454546,0.7272727272727273,3,0.32142857142857145,0.15789473684210525,0.875,0.3482142857142857,0.3864247311827957,7.848341232227488,6.995260663507109,2.0473933649289098,2.0473933649289098,1.3649289099526067,2.7298578199052135,1.3649289099526067,5.630331753554502,75.52000000000001,0.16413798791596468,117.52655469813888,0.10210458420074854,75.52000000000001,0.21186440677966098,177.19019518837948,0.04514922505443832,184.8524738992283,0.17852073766667487,0.3392857142857143,0.14285714285714285,59.52,56,117.52655469813888,211,75.52000000000001,177.19019518837948,184.8524738992283,19,8,56,56,0.23146128929239473,0.03899269759450172,0.035955746773202214,0.49645681248889595,0.729258478635754,0.8484876134860166,0.2970284191639285,0.5005302568846715,0.12371134020618557,0.8093457943925234,0.5089121081745543,0.10633066994468347,0.20098584361301935,0.5537210051546392,0.512138905961893,0.12475397702274563,0.8699373501251256,0.15032620101281993,0.07774783134386844,0.1844192974153495,0.3270852858481724,0.7401869158878505,0.3279041180086048,0.3288260602335587,0.5208236385479872,0.49686569301260025,0.5184921122720754,0.6507351915172096,0.5044925592386792,0.5921801785361254,0.599145201099469,0.5291608678754232,0.42575445173383314,0.4660934579439253,0.44784265519360783,0.5245564433517722,https://a.espncdn.com/i/headshots/wnba/players/full/4432830.png
2026,4432831,Aliyah Boston,C,5,Fever,8,8,199,130,45,87,9,21,31,36,14,45,59,20,8,7,19,27,1825,279,618,246,177,210,68,225,293,132,56,211,267,24.875,16.25,7.375,2.5,1,0.875,2.375,1.75,5.625,0.5172413793103449,0.42857142857142855,0.8611111111111112,0.5689655172413793,0.632049786075457,23.517587939698494,10.673366834170855,3.6180904522613067,1.4472361809045227,1.2663316582914572,3.437185929648241,2.5326633165829144,8.140703517587939,121.84,0.2652841605940433,107.11232876712327,0.18671986904031104,121.84,0.15594221930400526,152.11232876712327,0.09203724716773834,153.2027397260274,0.2937284286199682,0.2413793103448276,0.41379310344827586,102.84,87,107.11232876712327,199,121.84,152.11232876712327,153.2027397260274,21,36,87,87,0.831781914893617,0.8664550201756467,0.832034632034632,0.9677461803565486,0.8591795170206575,0.8095846972176759,0.7076782956135915,0.899929535303289,0.8835341365461847,0.8451025056947609,0.6354978354978355,0.7212121212121212,0.22272243313641205,0.5655856871587942,0.5207792207792208,0.12336122254069086,0.6729113950091548,0.13809328968903437,0.07540553458344665,0.21911445418178252,0.3493975903614458,0.7334851936218679,0.21558441558441557,0.3800865800865801,0.6070636094674556,0.4441997297741423,0.532967032967033,0.5465561525233654,0.503424274300038,0.503690356288556,0.5337923887319408,0.4851744951134827,0.30491195551436523,0.3538636761871386,0.5770895770895771,0.6203796203796204,https://a.espncdn.com/i/headshots/wnba/players/full/4432831.png
2026,4432832,Zia Cooke,G,14,Storm,11,0,192,103,35,101,11,37,22,27,8,17,25,14,5,0,19,14,2203,283,703,265,182,229,71,275,346,157,111,299,410,17.454545454545453,9.363636363636363,2.272727272727273,1.2727272727272727,0.45454545454545453,0,1.7272727272727273,0.7272727272727273,1.5454545454545454,0.3465346534653465,0.2972972972972973,0.8148148148148148,0.400990099009901,0.4562367115520907,19.3125,4.6875,2.625,0.9375,0,3.5625,1.5,3.1875,131.88,0.31499763208293435,88.32274171584203,0.15850957214441733,131.88,0.14407036700030332,161.23467998184293,0.049617117117117124,168.20699046754424,0.10106595423143351,0.36633663366336633,0.26732673267326734,112.88,101,88.32274171584203,192,131.88,161.23467998184293,168.20699046754424,37,27,101,101,0.9569290453413274,0.17874229922813759,0.18066298342541437,0.4509525188710764,0.19604666234607906,0.47847554389754665,0.9025965589023408,0.4706479251541154,0.3527097902097902,0.3247143716175586,0.42375690607734806,0.3732965009208103,0.22213637643936943,0.5456268704192985,0.49281767955801103,0.20159915392003824,0.9192844120306856,0.1511285736328168,0.026978910525859517,0.1102015928408422,0.3339160839160839,0.82501503307276,0.42136279926335174,0.30626151012891345,0.5414786656878927,0.4817975854439699,0.49520620570344326,0.5353616282620299,0.5497659681716713,0.5460117297025181,0.541234652214206,0.5142351181195609,0.5703803771985589,0.423799024520612,0.5663039232100006,0.51635321911565,https://a.espncdn.com/i/headshots/wnba/players/full/4432832.png
2026,4432834,Laeticia Amihere,F,129689,Valkyries,9,0,116,40,14,33,0,1,12,22,17,19,36,14,2,8,7,17,2000,292,717,319,157,204,98,237,335,97,88,269,357,12.88888888888889,4.444444444444445,4,1.5555555555555556,0.2222222222222222,0.8888888888888888,0.7777777777777778,1.8888888888888888,2.111111111111111,0.42424242424242425,0,0.5454545454545454,0.42424242424242425,0.46860356138706655,12.413793103448276,11.172413793103448,4.344827586206897,0.6206896551724138,2.4827586206896552,2.1724137931034484,5.275862068965517,5.896551724137931,49.68,0.18955291761926418,70.67999999999999,0.19807583474816073,49.68,0.14090177133655393,106.42999999999999,0.15972939960537444,94.25,0.20159151193633953,0.030303030303030304,0.6666666666666666,42.68,33,70.67999999999999,116,49.68,106.42999999999999,94.25,1,22,33,33,0.4392809890962179,0.13492268041237113,0.1767055931161647,0.8992293729778539,0.07942134508526538,0.5294767097039098,0.9456738602989273,0.6644971477286015,0.011246485473289597,0.09626168224299066,0.09926244622003688,0.9861708666256914,0.20098584361301935,0.5537210051546392,0.512138905961893,0.12475397702274563,0.8699373501251256,0.15032620101281993,0.07774783134386844,0.1844192974153495,0.3270852858481724,0.7401869158878505,0.3279041180086048,0.3288260602335587,0.5208236385479872,0.49686569301260025,0.5184921122720754,0.6507351915172096,0.5044925592386792,0.5921801785361254,0.599145201099469,0.5291608678754232,0.42575445173383314,0.4660934579439253,0.44784265519360783,0.5245564433517722,https://a.espncdn.com/i/headshots/wnba/players/full/4432834.png
2026,4432844,Aubrey Griffin,F,9,Liberty,2,0,7,2,1,1,0,0,0,0,0,1,1,0,0,0,1,1,2024,297,649,285,177,204,71,273,344,140,87,229,316,3.5,1,0.5,0,0,0,0.5,0,0.5,1,NA,NA,1,1,10.285714285714286,5.142857142857143,0,0,0,5.142857142857143,0,5.142857142857143,2,0.1316140275583127,4.135869565217392,0,2,0.5,5.187747035573123,0,6.225296442687747,0.16063492063492063,0,0,1,1,4.135869565217392,7,2,5.187747035573123,6.225296442687747,0,0,1,1,0.09466672749669236,0.9997315292096219,0.9996926859250154,0.004137509626131814,0.012454493197930638,0.9993156622108673,0.011677401821249943,0.3950978310859545,NA,NA,0.03872157344806392,0.0021511985248924403,0.20098584361301935,0.5537210051546392,0.512138905961893,0.12475397702274563,0.8699373501251256,0.15032620101281993,0.07774783134386844,0.1844192974153495,0.3270852858481724,0.7401869158878505,0.3279041180086048,0.3288260602335587,0.5208236385479872,0.49686569301260025,0.5184921122720754,0.6507351915172096,0.5044925592386792,0.5921801785361254,0.599145201099469,0.5291608678754232,0.42575445173383314,0.4660934579439253,0.44784265519360783,0.5245564433517722,https://a.espncdn.com/i/headshots/wnba/players/full/4432844.png
2026,4432865,Jacy Sheldon,G,19,Sky,9,9,233,68,25,56,8,27,10,10,1,13,14,18,10,4,8,27,1803,256,622,206,169,223,73,233,306,106,90,267,357,25.88888888888889,7.555555555555555,1.5555555555555556,2,1.1111111111111112,0.4444444444444444,0.8888888888888888,0.1111111111111111,1.4444444444444444,0.44642857142857145,0.2962962962962963,1,0.5178571428571429,0.5629139072847682,10.506437768240342,2.163090128755365,2.781115879828326,1.5450643776824033,0.6180257510729614,1.2360515021459229,0.15450643776824036,2.0085836909871246,68.4,0.12813942377927204,140.41320022185246,0.1281930756621176,68.4,0.11695906432748537,219.6894065446478,0.004551880838172179,208.70493621741542,0.062288895680250866,0.48214285714285715,0.17857142857142858,60.4,56,140.41320022185246,233,68.4,219.6894065446478,208.70493621741542,27,10,56,56,0.0311955826922653,0.5896665216855034,0.6084714548802946,0.27708037242718825,0.6961762799740765,0.33552472061189853,0.11754348407564731,0.15297383473033324,0.32036713286713286,0.9837642814191221,0.7593001841620626,0.21878453038674034,0.22213637643936943,0.5456268704192985,0.49281767955801103,0.20159915392003824,0.9192844120306856,0.1511285736328168,0.026978910525859517,0.1102015928408422,0.3339160839160839,0.82501503307276,0.42136279926335174,0.30626151012891345,0.5414786656878927,0.4817975854439699,0.49520620570344326,0.5353616282620299,0.5497659681716713,0.5460117297025181,0.541234652214206,0.5142351181195609,0.5703803771985589,0.423799024520612,0.5663039232100006,0.51635321911565,https://a.espncdn.com/i/headshots/wnba/players/full/4432865.png
2026,4433402,Angel Reese,F,20,Dream,9,9,278,115,39,94,1,11,36,49,49,51,100,31,9,9,36,30,1799,262,613,245,147,196,98,231,329,128,59,210,269,30.88888888888889,12.777777777777779,11.11111111111111,3.4444444444444446,1,1,4,5.444444444444445,5.666666666666667,0.4148936170212766,0.09090909090909091,0.7346938775510204,0.42021276595744683,0.49757701626860507,14.892086330935252,12.949640287769784,4.014388489208633,1.1654676258992807,1.1654676258992807,4.661870503597123,6.345323741007194,6.60431654676259,151.56,0.23712068109643614,163.43468593663147,0.18967821807434213,151.56,0.2375296912114014,237.97665369649806,0.20590255068672333,224.06892718176766,0.2276085338625651,0.11702127659574468,0.5212765957446809,115.56,94,163.43468593663147,278,151.56,237.97665369649806,224.06892718176766,11,49,94,94,0.7426616177745334,0.23304338487972506,0.16656422864167178,0.8603086336948317,0.7005173404866832,0.9280532871025138,0.9994708187295401,0.7877118616707931,0.02999062792877226,0.4588785046728972,0.23263675476336818,0.8740012292563,0.20098584361301935,0.5537210051546392,0.512138905961893,0.12475397702274563,0.8699373501251256,0.15032620101281993,0.07774783134386844,0.1844192974153495,0.3270852858481724,0.7401869158878505,0.3279041180086048,0.3288260602335587,0.5208236385479872,0.49686569301260025,0.5184921122720754,0.6507351915172096,0.5044925592386792,0.5921801785361254,0.599145201099469,0.5291608678754232,0.42575445173383314,0.4660934579439253,0.44784265519360783,0.5245564433517722,https://a.espncdn.com/i/headshots/wnba/players/full/4433402.png
2026,4433403,Caitlin Clark,G,5,Fever,8,8,237,158,48,124,20,62,42,45,2,33,35,65,9,7,35,30,1825,279,618,246,177,210,68,225,293,132,56,211,267,29.625,19.75,4.375,8.125,1.125,0.875,4.375,0.25,4.125,0.3870967741935484,0.3225806451612903,0.9333333333333333,0.46774193548387094,0.5493741307371348,24,5.3164556962025316,9.873417721518987,1.3670886075949367,1.0632911392405062,5.3164556962025316,0.3037974683544304,5.012658227848101,178.8,0.32688400831860753,133.15890410958903,0.488138592267967,178.8,0.19574944071588365,181.15890410958903,0.011040031456527986,182.45753424657534,0.18086400288301274,0.5,0.3629032258064516,143.8,124,133.15890410958903,237,178.8,181.15890410958903,182.45753424657534,62,45,124,124,0.9864549121608217,0.5073907934797427,0.38232044198895027,0.993609904383077,0.7115359688917693,0.831072144951176,0.2618113128597978,0.9544044736448312,0.4785839160839161,0.9104028863499699,0.7850828729281768,0.6926335174953959,0.22213637643936943,0.5456268704192985,0.49281767955801103,0.20159915392003824,0.9192844120306856,0.1511285736328168,0.026978910525859517,0.1102015928408422,0.3339160839160839,0.82501503307276,0.42136279926335174,0.30626151012891345,0.5414786656878927,0.4817975854439699,0.49520620570344326,0.5353616282620299,0.5497659681716713,0.5460117297025181,0.541234652214206,0.5142351181195609,0.5703803771985589,0.423799024520612,0.5663039232100006,0.51635321911565,https://a.espncdn.com/i/headshots/wnba/players/full/4433403.png
2026,4433404,Cameron Brink,F,6,Sparks,9,1,164,83,29,54,6,19,19,25,12,28,40,12,6,14,28,36,1802,275,585,219,165,209,69,194,263,142,84,212,296,18.22222222222222,9.222222222222221,4.444444444444445,1.3333333333333333,0.6666666666666666,1.5555555555555556,3.111111111111111,1.3333333333333333,3.111111111111111,0.5370370370370371,0.3157894736842105,0.76,0.5925925925925926,0.6384615384615384,18.21951219512195,8.78048780487805,2.6341463414634148,1.3170731707317074,3.073170731707317,6.146341463414634,2.6341463414634148,6.146341463414634,93,0.2495520791390389,96.1387347391787,0.12481961649022753,93,0.3010752688172043,127.86903440621532,0.09384602031073691,126.50388457269702,0.2213370766801193,0.35185185185185186,0.46296296296296297,65,54,96.1387347391787,164,93,127.86903440621532,126.50388457269702,19,25,54,54,0.7932204936356586,0.8579896907216494,0.8223724646588814,0.661333007925029,0.3653956696685189,0.9945526711985035,0.66486285085761,0.7374026792245888,0.3917525773195876,0.5607476635514018,0.5439459127228027,0.806699446834665,0.20098584361301935,0.5537210051546392,0.512138905961893,0.12475397702274563,0.8699373501251256,0.15032620101281993,0.07774783134386844,0.1844192974153495,0.3270852858481724,0.7401869158878505,0.3279041180086048,0.3288260602335587,0.5208236385479872,0.49686569301260025,0.5184921122720754,0.6507351915172096,0.5044925592386792,0.5921801785361254,0.599145201099469,0.5291608678754232,0.42575445173383314,0.4660934579439253,0.44784265519360783,0.5245564433517722,https://a.espncdn.com/i/headshots/wnba/players/full/4433404.png
2026,4433405,Kamilla Cardoso,C,19,Sky,9,9,240,115,43,86,0,0,29,39,29,61,90,21,3,16,12,28,1803,256,622,206,169,223,73,233,306,106,90,267,357,26.666666666666668,12.777777777777779,10,2.3333333333333335,0.3333333333333333,1.7777777777777777,1.3333333333333333,3.2222222222222223,6.777777777777778,0.5,NA,0.7435897435897436,0.5,0.5573865839472664,17.25,13.5,3.15,0.45,2.4,1.8,4.35,9.15,115.16,0.20944644845785118,127.38269550748751,0.164857557114307,115.16,0.10420284821118445,226.28951747088186,0.12815441176470588,214.97504159733776,0.28375386996904023,0,0.45348837209302323,103.16,86,127.38269550748751,240,115.16,226.28951747088186,214.97504159733776,0,39,86,86,0.46079684942716853,0.3967778305245668,0.412987012987013,0.8528736862543187,0.2240325865580448,0.2520713993453355,0.9781176190131889,0.846898042895355,NA,0.4168564920273349,0.14632034632034632,0.7956709956709956,0.22272243313641205,0.5655856871587942,0.5207792207792208,0.12336122254069086,0.6729113950091548,0.13809328968903437,0.07540553458344665,0.21911445418178252,0.3493975903614458,0.7334851936218679,0.21558441558441557,0.3800865800865801,0.6070636094674556,0.4441997297741423,0.532967032967033,0.5465561525233654,0.503424274300038,0.503690356288556,0.5337923887319408,0.4851744951134827,0.30491195551436523,0.3538636761871386,0.5770895770895771,0.6203796203796204,https://a.espncdn.com/i/headshots/wnba/players/full/4433405.png
2026,4433408,Aaliyah Edwards,F,18,Sun,6,6,111,48,21,42,0,3,6,9,9,14,23,5,7,3,12,13,2200,307,745,218,160,237,107,260,367,163,84,275,359,18.5,8,3.8333333333333335,0.8333333333333334,1.1666666666666667,0.5,2,1.5,2.3333333333333335,0.5,0,0.6666666666666666,0.5,0.5221932114882506,15.567567567567568,7.45945945945946,1.6216216216216217,2.27027027027027,0.972972972972973,3.891891891891892,2.918918918918919,4.54054054054054,57.96,0.22696423059958842,56.44772727272726,0.08857752546603859,57.96,0.20703933747412007,96.36818181818181,0.09339182114051225,86.78181818181818,0.1613241148124869,0.07142857142857142,0.21428571428571427,45.96,42,56.44772727272726,111,57.96,96.36818181818181,86.78181818181818,3,9,42,42,0.6397189652812628,0.3750966494845361,0.5018438844499078,0.3319003445016286,0.8149070703199847,0.8236142159770062,0.6501127913307291,0.40521429248767227,0.014058106841611996,0.25981308411214954,0.18930547019053473,0.2716656422864167,0.20098584361301935,0.5537210051546392,0.512138905961893,0.12475397702274563,0.8699373501251256,0.15032620101281993,0.07774783134386844,0.1844192974153495,0.3270852858481724,0.7401869158878505,0.3279041180086048,0.3288260602335587,0.5208236385479872,0.49686569301260025,0.5184921122720754,0.6507351915172096,0.5044925592386792,0.5921801785361254,0.599145201099469,0.5291608678754232,0.42575445173383314,0.4660934579439253,0.44784265519360783,0.5245564433517722,https://a.espncdn.com/i/headshots/wnba/players/full/4433408.png
2026,4433411,Angela Dugalic,F,16,Mystics,8,0,99,38,16,33,2,11,4,7,7,21,28,6,6,3,4,12,1647,235,518,158,161,217,81,216,297,125,68,176,244,12.375,4.75,3.5,0.75,0.75,0.375,0.5,0.875,2.625,0.48484848484848486,0.18181818181818182,0.5714285714285714,0.5151515151515151,0.5266075388026608,13.818181818181818,10.181818181818182,2.1818181818181817,2.1818181818181817,1.0909090909090908,1.4545454545454546,2.5454545454545454,7.636363636363637,40.08,0.18058321269240993,54.62841530054645,0.10983294988496549,40.08,0.0998003992015968,77.24043715846994,0.09062610541209763,85.35519125683061,0.2460307298335467,0.3333333333333333,0.21212121212121213,36.08,33,54.62841530054645,99,40.08,77.24043715846994,85.35519125683061,11,7,33,33,0.3983849628176468,0.40994415807560136,0.5221266133988937,0.5983322781224778,0.3866641118988312,0.15148501300241798,0.6389964454154246,0.836132781918119,0.13402061855670103,0.1383177570093458,0.48893669330055317,0.22433927473878304,0.20098584361301935,0.5537210051546392,0.512138905961893,0.12475397702274563,0.8699373501251256,0.15032620101281993,0.07774783134386844,0.1844192974153495,0.3270852858481724,0.7401869158878505,0.3279041180086048,0.3288260602335587,0.5208236385479872,0.49686569301260025,0.5184921122720754,0.6507351915172096,0.5044925592386792,0.5921801785361254,0.599145201099469,0.5291608678754232,0.42575445173383314,0.4660934579439253,0.44784265519360783,0.5245564433517722,https://a.espncdn.com/i/headshots/wnba/players/full/4433411.png
2026,4433412,Hailey Van Lith,G,18,Sun,9,3,158,73,30,61,8,17,5,6,1,9,10,20,5,3,11,15,2200,307,745,218,160,237,107,260,367,163,84,275,359,17.555555555555557,8.11111111111111,1.1111111111111112,2.2222222222222223,0.5555555555555556,0.3333333333333333,1.2222222222222223,0.1111111111111111,1,0.4918032786885246,0.47058823529411764,0.8333333333333334,0.5573770491803278,0.5735386549340038,16.632911392405063,2.278481012658228,4.556962025316456,1.139240506329114,0.6835443037974683,2.5063291139240507,0.22784810126582278,2.050632911392405,74.64,0.20533669325493073,80.24090909090908,0.2492494193621481,74.64,0.14737406216505894,137.17272727272726,0.007290078865398636,123.52727272727272,0.07285840447453636,0.2786885245901639,0.09836065573770492,63.64,61,80.24090909090908,158,74.64,137.17272727272726,123.52727272727272,17,6,61,61,0.4557001785438755,0.62333244613517,0.7944751381215469,0.7037451165943138,0.28775113415424497,0.5331518504639936,0.16361831202879887,0.19585490042034553,0.9117132867132867,0.47805171377029465,0.17918968692449355,0.11804788213627992,0.22213637643936943,0.5456268704192985,0.49281767955801103,0.20159915392003824,0.9192844120306856,0.1511285736328168,0.026978910525859517,0.1102015928408422,0.3339160839160839,0.82501503307276,0.42136279926335174,0.30626151012891345,0.5414786656878927,0.4817975854439699,0.49520620570344326,0.5353616282620299,0.5497659681716713,0.5460117297025181,0.541234652214206,0.5142351181195609,0.5703803771985589,0.423799024520612,0.5663039232100006,0.51635321911565,https://a.espncdn.com/i/headshots/wnba/players/full/4433412.png
2026,4433431,Te-Hina Paopao,G,20,Dream,9,1,146,47,16,43,10,26,5,6,2,14,16,14,2,2,10,11,1799,262,613,245,147,196,98,231,329,128,59,210,269,16.22222222222222,5.222222222222222,1.7777777777777777,1.5555555555555556,0.2222222222222222,0.2222222222222222,1.1111111111111112,0.2222222222222222,1.5555555555555556,0.37209302325581395,0.38461538461538464,0.8333333333333334,0.4883720930232558,0.5148992112182296,11.58904109589041,3.9452054794520546,3.452054794520548,0.4931506849315068,0.4931506849315068,2.4657534246575343,0.4931506849315068,3.452054794520548,55.64,0.16575395455957523,90.31461923290718,0.1550136635564637,55.64,0.17972681524083392,124.98054474708171,0.016002490660024907,117.67648693718732,0.11897024090694379,0.6046511627906976,0.13953488372093023,45.64,43,90.31461923290718,146,55.64,124.98054474708171,117.67648693718732,26,6,43,43,0.10805210836070271,0.31550930584317366,0.47882136279926335,0.41272671962349566,0.06357744653272845,0.7101362223642737,0.3034077093607299,0.5875151210383961,0.7255244755244755,0.481659651232712,0.8578268876611418,0.16169429097605892,0.22213637643936943,0.5456268704192985,0.49281767955801103,0.20159915392003824,0.9192844120306856,0.1511285736328168,0.026978910525859517,0.1102015928408422,0.3339160839160839,0.82501503307276,0.42136279926335174,0.30626151012891345,0.5414786656878927,0.4817975854439699,0.49520620570344326,0.5353616282620299,0.5497659681716713,0.5460117297025181,0.541234652214206,0.5142351181195609,0.5703803771985589,0.423799024520612,0.5663039232100006,0.51635321911565,https://a.espncdn.com/i/headshots/wnba/players/full/4433431.png
2026,4433433,Aicha Coulibaly,G,19,Sky,6,0,88,29,9,28,0,6,11,11,3,9,12,4,7,0,4,13,1803,256,622,206,169,223,73,233,306,106,90,267,357,14.666666666666666,4.833333333333333,2,0.6666666666666666,1.1666666666666667,0,0.6666666666666666,0.5,1.5,0.32142857142857145,0,1,0.32142857142857145,0.44153471376370274,11.863636363636363,4.909090909090909,1.6363636363636365,2.8636363636363638,0,1.6363636363636365,1.2272727272727273,3.6818181818181817,36.84,0.18273407341218317,53.473655019412085,0.07480319044112309,36.84,0.10857763300760043,82.97282307265668,0.036156417112299465,78.82418191902384,0.11417815930199832,0.21428571428571427,0.39285714285714285,32.84,28,53.473655019412085,88,36.84,82.97282307265668,78.82418191902384,6,11,28,28,0.317857693918487,0.09614847802237038,0.017679558011049725,0.09791365445153304,0.7442644199611147,0.2548493398285097,0.7339357968702396,0.5498274454697115,0.007867132867132868,0.9903788334335538,0.0429097605893186,0.7278084714548803,0.22213637643936943,0.5456268704192985,0.49281767955801103,0.20159915392003824,0.9192844120306856,0.1511285736328168,0.026978910525859517,0.1102015928408422,0.3339160839160839,0.82501503307276,0.42136279926335174,0.30626151012891345,0.5414786656878927,0.4817975854439699,0.49520620570344326,0.5353616282620299,0.5497659681716713,0.5460117297025181,0.541234652214206,0.5142351181195609,0.5703803771985589,0.423799024520612,0.5663039232100006,0.51635321911565,https://a.espncdn.com/i/headshots/wnba/players/full/4433433.png
2026,4433514,Saniya Rivers,G,18,Sun,11,6,269,71,27,87,3,22,14,20,4,17,21,39,11,6,21,18,2200,307,745,218,160,237,107,260,367,163,84,275,359,24.454545454545453,6.454545454545454,1.9090909090909092,3.5454545454545454,1,0.5454545454545454,1.9090909090909092,0.36363636363636365,1.5454545454545454,0.3103448275862069,0.13636363636363635,0.7,0.3275862068965517,0.37056367432150317,9.50185873605948,2.8104089219330857,5.219330855018588,1.4721189591078068,0.8029739776951673,2.8104089219330857,0.5353159851301115,2.275092936802974,116.8,0.1887307139699949,160.68863636363636,0.2427054014681131,116.8,0.1797945205479452,233.54090909090908,0.017127620233947722,210.3090909090909,0.08083340537736665,0.25287356321839083,0.22988505747126436,95.8,87,160.68863636363636,269,116.8,233.54090909090908,210.3090909090909,22,20,87,87,0.3469923071836357,0.030050050959796938,0.03370165745856354,0.6387371882578462,0.5964355152300713,0.7262272136134195,0.35857617534833863,0.24451205107170526,0.028409090909090908,0.08057726999398677,0.13204419889502764,0.3046040515653775,0.22213637643936943,0.5456268704192985,0.49281767955801103,0.20159915392003824,0.9192844120306856,0.1511285736328168,0.026978910525859517,0.1102015928408422,0.3339160839160839,0.82501503307276,0.42136279926335174,0.30626151012891345,0.5414786656878927,0.4817975854439699,0.49520620570344326,0.5353616282620299,0.5497659681716713,0.5460117297025181,0.541234652214206,0.5142351181195609,0.5703803771985589,0.423799024520612,0.5663039232100006,0.51635321911565,https://a.espncdn.com/i/headshots/wnba/players/full/4433514.png
2026,4433523,Rori Harmon,G,16,Mystics,6,0,60,8,2,9,1,5,3,4,0,8,8,10,5,0,12,9,1647,235,518,158,161,217,81,216,297,125,68,176,244,10,1.3333333333333333,1.3333333333333333,1.6666666666666667,0.8333333333333334,0,2,0,1.3333333333333333,0.2222222222222222,0.2,0.75,0.2777777777777778,0.3717472118959108,4.8,4.8,6,3,0,7.2,0,4.8,22.759999999999998,0.16920214494637628,40.80510018214937,0.24506740469600927,22.759999999999998,0.5272407732864676,46.81238615664846,0,51.7304189435337,0.15464788732394366,0.5555555555555556,0.4444444444444444,10.76,9,40.80510018214937,60,22.759999999999998,46.81238615664846,51.7304189435337,5,4,9,9,0.12381246280335927,0.031796316612893796,0.00847145488029466,0.643193457852832,0.495398574206092,1,0.048036238781364336,0.851558176156384,0.051573426573426576,0.16055321707757064,0.798158379373849,0.8815837937384898,0.22213637643936943,0.5456268704192985,0.49281767955801103,0.20159915392003824,0.9192844120306856,0.1511285736328168,0.026978910525859517,0.1102015928408422,0.3339160839160839,0.82501503307276,0.42136279926335174,0.30626151012891345,0.5414786656878927,0.4817975854439699,0.49520620570344326,0.5353616282620299,0.5497659681716713,0.5460117297025181,0.541234652214206,0.5142351181195609,0.5703803771985589,0.423799024520612,0.5663039232100006,0.51635321911565,https://a.espncdn.com/i/headshots/wnba/players/full/4433523.png
2026,4433524,Sonia Citron,G,16,Mystics,7,7,233,124,39,72,8,26,38,45,7,17,24,20,10,4,18,13,1647,235,518,158,161,217,81,216,297,125,68,176,244,33.285714285714285,17.714285714285715,3.4285714285714284,2.857142857142857,1.4285714285714286,0.5714285714285714,2.5714285714285716,1,2.4285714285714284,0.5416666666666666,0.3076923076923077,0.8444444444444444,0.5972222222222222,0.6753812636165577,19.158798283261802,3.708154506437768,3.0901287553648067,1.5450643776824033,0.6180257510729614,2.781115879828326,1.0815450643776825,2.6266094420600856,109.8,0.2101993051032093,127.22647237401338,0.1571999885464489,109.8,0.1639344262295082,181.78809957498484,0.03850637096908869,200.88646023072255,0.08462491688327388,0.3611111111111111,0.625,91.8,72,127.22647237401338,233,109.8,181.78809957498484,200.88646023072255,26,45,72,72,0.5157989287367469,0.9373551540803542,0.8876611418047882,0.44130691215286844,0.8720674011665587,0.636900169726894,0.8050090455541791,0.30615522958692004,0.3972902097902098,0.6055321707757065,0.37182320441988953,0.9624309392265193,0.22213637643936943,0.5456268704192985,0.49281767955801103,0.20159915392003824,0.9192844120306856,0.1511285736328168,0.026978910525859517,0.1102015928408422,0.3339160839160839,0.82501503307276,0.42136279926335174,0.30626151012891345,0.5414786656878927,0.4817975854439699,0.49520620570344326,0.5353616282620299,0.5497659681716713,0.5460117297025181,0.541234652214206,0.5142351181195609,0.5703803771985589,0.423799024520612,0.5663039232100006,0.51635321911565,https://a.espncdn.com/i/headshots/wnba/players/full/4433524.png
2026,4433542,Saylor Poffenbarger,G,19,Sky,2,0,7,0,0,0,0,0,0,0,1,2,3,0,1,0,0,1,1803,256,622,206,169,223,73,233,306,106,90,267,357,3.5,0,1.5,0,0.5,0,0,0.5,1,NA,NA,NA,NA,NA,0,15.428571428571429,0,5.142857142857143,0,0,5.142857142857143,10.285714285714286,0,0,4.969495285635053,0,0,NA,6.600110926234055,0.1515126050420168,6.270105379922351,0.31897390535161435,NA,NA,0,0,4.969495285635053,7,0,6.600110926234055,6.270105379922351,0,0,0,0,0,NA,NA,0.0015219094338841327,0.237200259235256,NA,0.9992809608146165,0.9972744715345888,NA,NA,NA,NA,0.22213637643936943,0.5456268704192985,0.49281767955801103,0.20159915392003824,0.9192844120306856,0.1511285736328168,0.026978910525859517,0.1102015928408422,0.3339160839160839,0.82501503307276,0.42136279926335174,0.30626151012891345,0.5414786656878927,0.4817975854439699,0.49520620570344326,0.5353616282620299,0.5497659681716713,0.5460117297025181,0.541234652214206,0.5142351181195609,0.5703803771985589,0.423799024520612,0.5663039232100006,0.51635321911565,https://a.espncdn.com/i/headshots/wnba/players/full/4433542.png
2026,4433546,Makayla Timpson,F,5,Fever,9,0,136,39,16,26,0,0,7,11,14,20,34,6,4,3,3,17,1825,279,618,246,177,210,68,225,293,132,56,211,267,15.11111111111111,4.333333333333333,3.7777777777777777,0.6666666666666666,0.4444444444444444,0.3333333333333333,0.3333333333333333,1.5555555555555556,2.2222222222222223,0.6153846153846154,NA,0.6363636363636364,0.6153846153846154,0.632295719844358,10.323529411764707,9,1.588235294117647,1.0588235294117647,0.7941176470588235,0.7941176470588235,3.7058823529411766,5.294117647058823,33.84,0.1078117144293615,87.95616438356166,0.06821579865437327,33.84,0.08865248226950354,103.95616438356166,0.13467214842926417,104.70136986301371,0.19101946828553484,0,0.4230769230769231,30.84,26,87.95616438356166,136,33.84,103.95616438356166,104.70136986301371,0,11,26,26,0.03656188694739723,0.8384235395189004,0.8743085433312846,0.1773153931038043,0.20674458708564858,0.11003239198868561,0.8371070351753557,0.5498035680043704,NA,0.22710280373831776,0.04671173939766441,0.7188076213890596,0.20098584361301935,0.5537210051546392,0.512138905961893,0.12475397702274563,0.8699373501251256,0.15032620101281993,0.07774783134386844,0.1844192974153495,0.3270852858481724,0.7401869158878505,0.3279041180086048,0.3288260602335587,0.5208236385479872,0.49686569301260025,0.5184921122720754,0.6507351915172096,0.5044925592386792,0.5921801785361254,0.599145201099469,0.5291608678754232,0.42575445173383314,0.4660934579439253,0.44784265519360783,0.5245564433517722,https://a.espncdn.com/i/headshots/wnba/players/full/4433546.png
2026,4433630,Rickea Jackson,F,19,Sky,4,4,118,72,24,60,6,21,18,22,4,15,19,8,1,7,8,7,1803,256,622,206,169,223,73,233,306,106,90,267,357,29.5,18,4.75,2,0.25,1.75,2,1,3.75,0.4,0.2857142857142857,0.8181818181818182,0.45,0.5166475315729047,21.966101694915253,5.796610169491525,2.440677966101695,0.3050847457627119,2.135593220338983,2.440677966101695,1.2203389830508475,4.576271186440678,77.68,0.28734906981954444,59.77149195784803,0.13384307029916118,77.68,0.10298661174047373,111.25901275651691,0.035952143569292126,105.69606211869106,0.14191635619457418,0.35,0.36666666666666664,69.68,60,59.77149195784803,118,77.68,111.25901275651691,105.69606211869106,21,22,60,60,0.9878735343765683,0.3627577319587629,0.2175783650891211,0.7061844947594403,0.09072619275723319,0.22723664400748209,0.1781357069915666,0.2703064688565558,0.3289597000937207,0.7429906542056075,0.5273509526736324,0.6355255070682237,0.20098584361301935,0.5537210051546392,0.512138905961893,0.12475397702274563,0.8699373501251256,0.15032620101281993,0.07774783134386844,0.1844192974153495,0.3270852858481724,0.7401869158878505,0.3279041180086048,0.3288260602335587,0.5208236385479872,0.49686569301260025,0.5184921122720754,0.6507351915172096,0.5044925592386792,0.5921801785361254,0.599145201099469,0.5291608678754232,0.42575445173383314,0.4660934579439253,0.44784265519360783,0.5245564433517722,https://a.espncdn.com/i/headshots/wnba/players/full/4433630.png
2026,4433633,Kierstan Bell,F,17,Aces,6,0,81,6,2,15,2,11,0,0,1,10,11,5,3,3,2,5,1797,311,639,190,119,165,74,262,336,120,81,234,315,13.5,1,1.8333333333333333,0.8333333333333334,0.5,0.5,0.3333333333333333,0.16666666666666666,1.6666666666666667,0.13333333333333333,0.18181818181818182,NA,0.2,0.2,2.6666666666666665,4.888888888888889,2.2222222222222223,1.3333333333333333,1.3333333333333333,0.8888888888888888,0.4444444444444444,4.444444444444445,17,0.09070422033384995,68.09181969949917,0.07343025964155245,17,0.11764705882352941,69.41569282136895,0.014405964405964406,77.30383973288815,0.12935968038008855,0.7333333333333333,0,15,15,68.09181969949917,81,17,69.41569282136895,77.30383973288815,11,0,15,15,0.015931383731009628,0.005605670103092783,0.006146281499692686,0.2450040845799849,0.2226480168614677,0.2954514348282312,0.03677254885345817,0.18357610364497293,0.14432989690721648,NA,0.9880147510755992,0.006760909649661954,0.20098584361301935,0.5537210051546392,0.512138905961893,0.12475397702274563,0.8699373501251256,0.15032620101281993,0.07774783134386844,0.1844192974153495,0.3270852858481724,0.7401869158878505,0.3279041180086048,0.3288260602335587,0.5208236385479872,0.49686569301260025,0.5184921122720754,0.6507351915172096,0.5044925592386792,0.5921801785361254,0.599145201099469,0.5291608678754232,0.42575445173383314,0.4660934579439253,0.44784265519360783,0.5245564433517722,https://a.espncdn.com/i/headshots/wnba/players/full/4433633.png
2026,4433634,Ashten Prechtel,F,129689,Valkyries,1,0,5,5,2,3,1,2,0,0,1,0,1,0,0,0,1,0,2000,292,717,319,157,204,98,237,335,97,88,269,357,5,5,1,0,0,0,1,1,0,0.6666666666666666,0.5,NA,0.8333333333333334,0.8333333333333334,36,7.2,0,0,0,7.2,7.2,0,4,0.354076303443392,1.6500000000000004,0,4,0.25,4.5875,0.217983651226158,4.0625,0,0.6666666666666666,0,3,3,1.6500000000000004,5,4,4.5875,4.0625,2,0,3,3,0.9993156622108673,0.999463058419244,0.9993853718500307,0.0044004011485935385,0.012933512167081817,0.9413294402116885,1,0.003863233016096547,0.9512652296157451,NA,0.9772587584511371,0.007682851874615857,0.20098584361301935,0.5537210051546392,0.512138905961893,0.12475397702274563,0.8699373501251256,0.15032620101281993,0.07774783134386844,0.1844192974153495,0.3270852858481724,0.7401869158878505,0.3279041180086048,0.3288260602335587,0.5208236385479872,0.49686569301260025,0.5184921122720754,0.6507351915172096,0.5044925592386792,0.5921801785361254,0.599145201099469,0.5291608678754232,0.42575445173383314,0.4660934579439253,0.44784265519360783,0.5245564433517722,https://a.espncdn.com/i/headshots/wnba/players/full/4433634.png
2026,4433635,Diamond Miller,F,18,Sun,11,11,225,91,27,85,8,33,29,34,5,18,23,10,10,1,14,35,2200,307,745,218,160,237,107,260,367,163,84,275,359,20.454545454545453,8.272727272727273,2.090909090909091,0.9090909090909091,0.9090909090909091,0.09090909090909091,1.2727272727272727,0.45454545454545453,1.6363636363636365,0.3176470588235294,0.24242424242424243,0.8529411764705882,0.36470588235294116,0.4551820728291316,14.56,3.68,1.6,1.6,0.16,2.24,0.8,2.88,113.96000000000001,0.2201516488630726,129.98863636363637,0.07692980155608008,113.96000000000001,0.12285012285012284,195.3409090909091,0.025596276905177427,175.9090909090909,0.10232558139534884,0.38823529411764707,0.4,99.96000000000001,85,129.98863636363637,225,113.96000000000001,195.3409090909091,175.9090909090909,33,34,85,85,0.6264975591952188,0.12346434707903779,0.07406269207129687,0.2657149394383848,0.630484767196781,0.40251836306400834,0.09655210221313729,0.10322808131197636,0.27928772258669166,0.8018691588785046,0.5700676090964967,0.6828518746158574,0.20098584361301935,0.5537210051546392,0.512138905961893,0.12475397702274563,0.8699373501251256,0.15032620101281993,0.07774783134386844,0.1844192974153495,0.3270852858481724,0.7401869158878505,0.3279041180086048,0.3288260602335587,0.5208236385479872,0.49686569301260025,0.5184921122720754,0.6507351915172096,0.5044925592386792,0.5921801785361254,0.599145201099469,0.5291608678754232,0.42575445173383314,0.4660934579439253,0.44784265519360783,0.5245564433517722,https://a.espncdn.com/i/headshots/wnba/players/full/4433635.png
2026,4433643,Mackenzie Holmes,F,14,Storm,11,0,175,53,20,36,4,7,9,11,16,38,54,9,10,5,9,27,2203,283,703,265,182,229,71,275,346,157,111,299,410,15.909090909090908,4.818181818181818,4.909090909090909,0.8181818181818182,0.9090909090909091,0.45454545454545453,0.8181818181818182,1.4545454545454546,3.4545454545454546,0.5555555555555556,0.5714285714285714,0.8181818181818182,0.6111111111111112,0.6488736532810969,10.902857142857142,11.108571428571429,1.8514285714285714,2.057142857142857,1.0285714285714285,1.8514285714285714,3.2914285714285714,7.817142857142857,49.84,0.1306079353844873,92.40354062641852,0.09739886522732297,49.84,0.18057784911717495,146.9586926917839,0.10887413127413129,153.31366318656376,0.24785788304959291,0.19444444444444445,0.3055555555555556,40.84,36,92.40354062641852,175,49.84,146.9586926917839,153.31366318656376,7,11,36,36,0.09421050230393722,0.8823560996563573,0.8408113091579594,0.40255660191651454,0.6472504311170723,0.7187827911857293,0.7547466628092964,0.8540050942120758,0.993439550140581,0.7532710280373832,0.31561155500921945,0.5181315304240934,0.20098584361301935,0.5537210051546392,0.512138905961893,0.12475397702274563,0.8699373501251256,0.15032620101281993,0.07774783134386844,0.1844192974153495,0.3270852858481724,0.7401869158878505,0.3279041180086048,0.3288260602335587,0.5208236385479872,0.49686569301260025,0.5184921122720754,0.6507351915172096,0.5044925592386792,0.5921801785361254,0.599145201099469,0.5291608678754232,0.42575445173383314,0.4660934579439253,0.44784265519360783,0.5245564433517722,https://a.espncdn.com/i/headshots/wnba/players/full/4433643.png
2026,4433690,Holly Winterburn,G,132052,Fire,6,1,59,12,5,14,0,6,2,2,0,7,7,14,3,0,7,4,2205,327,715,276,162,201,74,225,299,162,99,250,349,9.833333333333334,2,1.1666666666666667,2.3333333333333335,0.5,0,1.1666666666666667,0,1.1666666666666667,0.35714285714285715,0,1,0.35714285714285715,0.4032258064516129,7.322033898305085,4.271186440677966,8.542372881355933,1.8305084745762712,0,4.271186440677966,0,4.271186440677966,21.880000000000003,0.16939812812143618,38.74829931972789,0.3613061797752809,21.880000000000003,0.319926873857404,43.3469387755102,0,43.3469387755102,0.16148775894538606,0.42857142857142855,0.14285714285714285,14.88,14,38.74829931972789,59,21.880000000000003,43.3469387755102,43.3469387755102,6,2,14,14,0.12682676835585338,0.05500412222561233,0.060405156537753225,0.937654498999483,0.24102397926117952,0.9837436903476094,0.05141616127498977,0.8783474512100368,0.01048951048951049,0.9915814792543596,0.5705340699815838,0.17458563535911603,0.22213637643936943,0.5456268704192985,0.49281767955801103,0.20159915392003824,0.9192844120306856,0.1511285736328168,0.026978910525859517,0.1102015928408422,0.3339160839160839,0.82501503307276,0.42136279926335174,0.30626151012891345,0.5414786656878927,0.4817975854439699,0.49520620570344326,0.5353616282620299,0.5497659681716713,0.5460117297025181,0.541234652214206,0.5142351181195609,0.5703803771985589,0.423799024520612,0.5663039232100006,0.51635321911565,https://a.espncdn.com/i/headshots/wnba/players/full/4433690.png
2026,4433730,Paige Bueckers,G,3,Wings,9,9,290,165,60,122,17,40,28,36,4,29,33,48,4,3,17,23,1798,287,635,221,138,177,81,220,301,90,61,234,295,32.22222222222222,18.333333333333332,3.6666666666666665,5.333333333333333,0.4444444444444444,0.3333333333333333,1.8888888888888888,0.4444444444444444,3.2222222222222223,0.4918032786885246,0.425,0.7777777777777778,0.5614754098360656,0.598520023215322,20.482758620689655,4.096551724137931,5.958620689655173,0.496551724137931,0.3724137931034483,2.110344827586207,0.496551724137931,3.6,154.84,0.23914109206855322,171.4516129032258,0.27996237064910634,154.84,0.10979075174373547,254.0322580645161,0.015746031746031747,226.61290322580643,0.12797153024911034,0.32786885245901637,0.29508196721311475,137.84,122,171.4516129032258,290,154.84,254.0322580645161,226.61290322580643,40,36,122,122,0.6108625212158617,0.7643060703829451,0.8169429097605894,0.7828428086981989,0.16156837329876864,0.29770538056296425,0.2936625101289244,0.6999060220825876,0.8409090909090909,0.232711966325917,0.296316758747698,0.46519337016574586,0.22213637643936943,0.5456268704192985,0.49281767955801103,0.20159915392003824,0.9192844120306856,0.1511285736328168,0.026978910525859517,0.1102015928408422,0.3339160839160839,0.82501503307276,0.42136279926335174,0.30626151012891345,0.5414786656878927,0.4817975854439699,0.49520620570344326,0.5353616282620299,0.5497659681716713,0.5460117297025181,0.541234652214206,0.5142351181195609,0.5703803771985589,0.423799024520612,0.5663039232100006,0.51635321911565,https://a.espncdn.com/i/headshots/wnba/players/full/4433730.png
2026,4433790,Azzi Fudd,G,3,Wings,8,2,205,97,40,70,14,32,3,4,3,8,11,9,9,8,5,13,1798,287,635,221,138,177,81,220,301,90,61,234,295,25.625,12.125,1.375,1.125,1.125,1,0.625,0.375,1,0.5714285714285714,0.4375,0.75,0.6714285714285714,0.6758639910813823,17.034146341463416,1.9317073170731707,1.5804878048780489,1.5804878048780489,1.4048780487804877,0.8780487804878049,0.526829268292683,1.4048780487804877,76.76,0.16770659771165272,123.61234705228031,0.07280826078153473,76.76,0.06513809275664408,179.57452725250278,0.0167061556329849,160.19187986651835,0.04994010936550647,0.45714285714285713,0.05714285714285714,71.76,70,123.61234705228031,205,76.76,179.57452725250278,160.19187986651835,32,4,70,70,0.12067692375515242,0.9490012528969184,0.9639042357274401,0.06555166756335357,0.7248217757615035,0.026908325434787397,0.32209054030031153,0.0790901207143396,0.8548951048951049,0.1629585087191822,0.6988950276243094,0.026887661141804787,0.22213637643936943,0.5456268704192985,0.49281767955801103,0.20159915392003824,0.9192844120306856,0.1511285736328168,0.026978910525859517,0.1102015928408422,0.3339160839160839,0.82501503307276,0.42136279926335174,0.30626151012891345,0.5414786656878927,0.4817975854439699,0.49520620570344326,0.5353616282620299,0.5497659681716713,0.5460117297025181,0.541234652214206,0.5142351181195609,0.5703803771985589,0.423799024520612,0.5663039232100006,0.51635321911565,https://a.espncdn.com/i/headshots/wnba/players/full/4433790.png
2026,4433791,Olivia Miles,G,8,Lynx,10,10,305,170,58,115,10,29,44,48,4,45,49,64,15,8,31,31,2004,345,688,202,138,178,91,288,379,145,101,217,318,30.5,17,4.9,6.4,1.5,0.8,3.1,0.4,4.5,0.5043478260869565,0.3448275862068966,0.9166666666666666,0.5478260869565217,0.6244490155744931,20.065573770491802,5.783606557377049,7.554098360655738,1.7704918032786885,0.9442622950819672,3.6590163934426227,0.4721311475409836,5.311475409836065,167.12,0.24098244089100085,204.5374251497006,0.31290117176921783,167.12,0.1854954523695548,234.38123752495008,0.01706621247604854,296.0204590818363,0.15201651987020104,0.25217391304347825,0.41739130434782606,136.12,115,204.5374251497006,305,167.12,234.38123752495008,296.0204590818363,29,48,115,115,0.6338858641743998,0.8037560940776277,0.7558011049723757,0.8799032923338587,0.8918340894361633,0.7729241519165913,0.34036611959547297,0.8475322054177531,0.5786713286713286,0.8310282621767889,0.11602209944751381,0.8338858195211787,0.22213637643936943,0.5456268704192985,0.49281767955801103,0.20159915392003824,0.9192844120306856,0.1511285736328168,0.026978910525859517,0.1102015928408422,0.3339160839160839,0.82501503307276,0.42136279926335174,0.30626151012891345,0.5414786656878927,0.4817975854439699,0.49520620570344326,0.5353616282620299,0.5497659681716713,0.5460117297025181,0.541234652214206,0.5142351181195609,0.5703803771985589,0.423799024520612,0.5663039232100006,0.51635321911565,https://a.espncdn.com/i/headshots/wnba/players/full/4433791.png
2026,4433795,Sania Feagin,F,6,Sparks,1,0,3,0,0,0,0,0,0,0,0,0,0,0,0,0,0,1,1802,275,585,219,165,209,69,194,263,142,84,212,296,3,0,0,0,0,0,0,0,0,NA,NA,NA,NA,NA,0,0,0,0,0,0,0,0,0,0,2.289123196448391,0,0,NA,2.3390677025527196,0,2.314095449500555,0,NA,NA,0,0,2.289123196448391,3,0,2.3390677025527196,2.314095449500555,0,0,0,0,0,NA,NA,0.004765123016603701,0.013220923548572523,NA,0.011947219983327033,0.004132995251841774,NA,NA,NA,NA,0.20098584361301935,0.5537210051546392,0.512138905961893,0.12475397702274563,0.8699373501251256,0.15032620101281993,0.07774783134386844,0.1844192974153495,0.3270852858481724,0.7401869158878505,0.3279041180086048,0.3288260602335587,0.5208236385479872,0.49686569301260025,0.5184921122720754,0.6507351915172096,0.5044925592386792,0.5921801785361254,0.599145201099469,0.5291608678754232,0.42575445173383314,0.4660934579439253,0.44784265519360783,0.5245564433517722,https://a.espncdn.com/i/headshots/wnba/players/full/4433795.png
2026,4433797,Raven Johnson,G,5,Fever,9,0,129,44,17,39,5,18,5,6,3,17,20,13,4,3,12,21,1825,279,618,246,177,210,68,225,293,132,56,211,267,14.333333333333334,4.888888888888889,2.2222222222222223,1.4444444444444444,0.4444444444444444,0.3333333333333333,1.3333333333333333,0.3333333333333333,1.8888888888888888,0.4358974358974359,0.2777777777777778,0.8333333333333334,0.5,0.5283381364073007,12.279069767441861,5.5813953488372094,3.627906976744186,1.1162790697674418,0.8372093023255814,3.3488372093023258,0.8372093023255814,4.744186046511628,53.64,0.1801663022593255,81.6054794520548,0.15930302826831397,53.64,0.22371364653243847,98.6054794520548,0.03042427273485038,99.31232876712329,0.17117713592099093,0.46153846153846156,0.15384615384615385,41.64,39,81.6054794520548,129,53.64,98.6054794520548,99.31232876712329,18,6,39,39,0.2995569466793043,0.3579649838032237,0.5406998158379374,0.46673474082722716,0.16992871030460144,0.9263671831948331,0.616612975808702,0.9021806725500521,0.26048951048951047,0.48526758869512926,0.7176795580110498,0.1878453038674033,0.22213637643936943,0.5456268704192985,0.49281767955801103,0.20159915392003824,0.9192844120306856,0.1511285736328168,0.026978910525859517,0.1102015928408422,0.3339160839160839,0.82501503307276,0.42136279926335174,0.30626151012891345,0.5414786656878927,0.4817975854439699,0.49520620570344326,0.5353616282620299,0.5497659681716713,0.5460117297025181,0.541234652214206,0.5142351181195609,0.5703803771985589,0.423799024520612,0.5663039232100006,0.51635321911565,https://a.espncdn.com/i/headshots/wnba/players/full/4433797.png
2026,4433807,Aziaha James,G,3,Wings,9,0,103,60,21,54,6,17,12,14,7,14,21,9,9,3,5,18,1798,287,635,221,138,177,81,220,301,90,61,234,295,11.444444444444445,6.666666666666667,2.3333333333333335,1,1,0.3333333333333333,0.5555555555555556,0.7777777777777778,1.5555555555555556,0.3888888888888889,0.35294117647058826,0.8571428571428571,0.4444444444444444,0.49867021276595747,20.97087378640777,7.339805825242719,3.145631067961165,3.145631067961165,1.0485436893203883,1.7475728155339805,2.4466019417475726,4.893203883495145,65.16,0.2833432652160958,61.20522803114571,0.14704626205166885,65.16,0.0767341927562922,90.22525027808675,0.07758360302049624,80.48665183537263,0.17394188577548977,0.3148148148148148,0.25925925925925924,60.16,54,61.20522803114571,103,65.16,90.22525027808675,80.48665183537263,17,14,54,54,0.816210020499482,0.3031101705367982,0.30405156537753225,0.3738270495330143,0.6031108230719378,0.043847951153922454,0.9708882493592843,0.9084446253994055,0.5861013986013986,0.6849067949488875,0.2686924493554328,0.3546961325966851,0.22213637643936943,0.5456268704192985,0.49281767955801103,0.20159915392003824,0.9192844120306856,0.1511285736328168,0.026978910525859517,0.1102015928408422,0.3339160839160839,0.82501503307276,0.42136279926335174,0.30626151012891345,0.5414786656878927,0.4817975854439699,0.49520620570344326,0.5353616282620299,0.5497659681716713,0.5460117297025181,0.541234652214206,0.5142351181195609,0.5703803771985589,0.423799024520612,0.5663039232100006,0.51635321911565,https://a.espncdn.com/i/headshots/wnba/players/full/4433807.png
2026,4433815,Lucy Olsen,G,16,Mystics,5,0,40,16,6,12,2,4,2,2,1,2,3,8,0,0,2,3,1647,235,518,158,161,217,81,216,297,125,68,176,244,8,3.2,0.6,1.6,0,0,0.4,0.2,0.4,0.5,0.5,1,0.5833333333333334,0.6211180124223602,14.4,2.7,7.2,0,0,1.8,0.9,1.8,14.88,0.16593110172245693,22.536733454766246,0.35497602241500076,14.88,0.13440860215053763,31.20825743776564,0.03204280155642023,34.486945962355804,0.05799295774647886,0.3333333333333333,0.16666666666666666,12.88,12,22.536733454766246,40,14.88,31.20825743776564,34.486945962355804,4,2,12,12,0.11010205656093637,0.7759262024239985,0.8395948434622468,0.9042963909761503,0.005379131561892418,0.4381654065730597,0.6568811473366936,0.10073234923201672,0.9746503496503497,0.9927841250751653,0.3012891344383057,0.2011049723756906,0.22213637643936943,0.5456268704192985,0.49281767955801103,0.20159915392003824,0.9192844120306856,0.1511285736328168,0.026978910525859517,0.1102015928408422,0.3339160839160839,0.82501503307276,0.42136279926335174,0.30626151012891345,0.5414786656878927,0.4817975854439699,0.49520620570344326,0.5353616282620299,0.5497659681716713,0.5460117297025181,0.541234652214206,0.5142351181195609,0.5703803771985589,0.423799024520612,0.5663039232100006,0.51635321911565,https://a.espncdn.com/i/headshots/wnba/players/full/4433815.png
2026,4434020,Teonni Key,F,131935,Tempo,10,1,112,27,10,23,3,9,4,8,11,12,23,3,3,6,7,18,2000,292,674,287,206,240,88,225,313,126,85,247,332,11.2,2.7,2.3,0.3,0.3,0.6,0.7,1.1,1.2,0.43478260869565216,0.3333333333333333,0.5,0.5,0.5090497737556561,8.678571428571429,7.392857142857143,0.9642857142857143,0.9642857142857143,1.9285714285714286,2.25,3.5357142857142856,3.857142857142857,33.519999999999996,0.13219333669863703,71.76,0.04180602006688963,33.519999999999996,0.20883054892601435,93.80000000000001,0.11727078891257994,86.80000000000001,0.13824884792626727,0.391304347826087,0.34782608695652173,26.52,23,71.76,112,33.519999999999996,93.80000000000001,86.80000000000001,9,8,23,23,0.10231306172726858,0.34038874570446737,0.5089121081745543,0.09697058250367556,0.11486874880245258,0.8312605502075824,0.7854680147123464,0.22494770474272244,0.45173383317713217,0.05327102803738318,0.5771358328211432,0.5863552550706822,0.20098584361301935,0.5537210051546392,0.512138905961893,0.12475397702274563,0.8699373501251256,0.15032620101281993,0.07774783134386844,0.1844192974153495,0.3270852858481724,0.7401869158878505,0.3279041180086048,0.3288260602335587,0.5208236385479872,0.49686569301260025,0.5184921122720754,0.6507351915172096,0.5044925592386792,0.5921801785361254,0.599145201099469,0.5291608678754232,0.42575445173383314,0.4660934579439253,0.44784265519360783,0.5245564433517722,https://a.espncdn.com/i/headshots/wnba/players/full/4434020.png
2026,4565505,Kiki Rice,G,131935,Tempo,10,7,267,127,40,75,9,23,38,45,12,35,47,26,10,1,13,28,2000,292,674,287,206,240,88,225,313,126,85,247,332,26.7,12.7,4.7,2.6,1,0.1,1.3,1.2,3.5,0.5333333333333333,0.391304347826087,0.8444444444444444,0.5933333333333334,0.669831223628692,17.123595505617978,6.337078651685394,3.50561797752809,1.348314606741573,0.1348314606741573,1.752808988764045,1.6179775280898876,4.719101123595506,107.8,0.1783327377880123,154.91,0.16783939061390485,107.8,0.12059369202226346,223.61249999999998,0.053664262954888485,206.92499999999998,0.1691434094478676,0.30666666666666664,0.6,94.8,75,154.91,267,107.8,223.61249999999998,206.92499999999998,23,45,75,75,0.21568541009985231,0.9142252487941678,0.874401473296501,0.5119643065316815,0.6204147764095918,0.37331650759362534,0.9324740571275855,0.8944515928757086,0.7355769230769231,0.6325917017438364,0.2504604051565378,0.949171270718232,0.22213637643936943,0.5456268704192985,0.49281767955801103,0.20159915392003824,0.9192844120306856,0.1511285736328168,0.026978910525859517,0.1102015928408422,0.3339160839160839,0.82501503307276,0.42136279926335174,0.30626151012891345,0.5414786656878927,0.4817975854439699,0.49520620570344326,0.5353616282620299,0.5497659681716713,0.5460117297025181,0.541234652214206,0.5142351181195609,0.5703803771985589,0.423799024520612,0.5663039232100006,0.51635321911565,https://a.espncdn.com/i/headshots/wnba/players/full/4565505.png
2026,4583144,Cotie McMahon,G,16,Mystics,6,3,105,35,12,28,4,9,7,12,3,7,10,10,4,2,7,16,1647,235,518,158,161,217,81,216,297,125,68,176,244,17.5,5.833333333333333,1.6666666666666667,1.6666666666666667,0.6666666666666666,0.3333333333333333,1.1666666666666667,0.5,1.1666666666666667,0.42857142857142855,0.4444444444444444,0.5833333333333334,0.5,0.5258413461538461,12,3.4285714285714284,3.4285714285714284,1.3714285714285714,0.6857142857142857,2.4,1.0285714285714285,2.4,40.28,0.17111379358373183,62.90892531876139,0.15895995598922893,40.28,0.17378351539225423,81.9216757741348,0.03662034463590883,90.52823315118397,0.07732394366197183,0.32142857142857145,0.42857142857142855,33.28,28,62.90892531876139,105,40.28,81.9216757741348,90.52823315118397,9,12,28,28,0.1454746842418498,0.34226806800698506,0.5458563535911602,0.4578227172016729,0.3747245625405055,0.6635054114223995,0.7445954036417887,0.221290492178401,0.8907342657342657,0.027660853878532773,0.27384898710865563,0.872744014732965,0.22213637643936943,0.5456268704192985,0.49281767955801103,0.20159915392003824,0.9192844120306856,0.1511285736328168,0.026978910525859517,0.1102015928408422,0.3339160839160839,0.82501503307276,0.42136279926335174,0.30626151012891345,0.5414786656878927,0.4817975854439699,0.49520620570344326,0.5353616282620299,0.5497659681716713,0.5460117297025181,0.541234652214206,0.5142351181195609,0.5703803771985589,0.423799024520612,0.5663039232100006,0.51635321911565,https://a.espncdn.com/i/headshots/wnba/players/full/4583144.png
2026,4594786,Sydney Taylor,G,19,Sky,7,0,104,70,23,65,8,39,16,20,3,5,8,10,6,1,7,13,1803,256,622,206,169,223,73,233,306,106,90,267,357,14.857142857142858,10,1.1428571428571428,1.4285714285714286,0.8571428571428571,0.14285714285714285,1,0.42857142857142855,0.7142857142857143,0.35384615384615387,0.20512820512820512,0.8,0.4153846153846154,0.4742547425474255,24.23076923076923,2.769230769230769,3.4615384615384617,2.076923076923077,0.34615384615384615,2.423076923076923,1.0384615384615385,1.7307692307692308,80.8,0.33912562525839046,50.83250138657792,0.19672453110167923,80.8,0.08663366336633664,98.05879090404879,0.030593891402714936,93.15585135884636,0.05367349368897357,0.6,0.3076923076923077,73.8,65,50.83250138657792,104,80.8,98.05879090404879,93.15585135884636,39,20,65,65,0.9986884740009258,0.2544549249235603,0.20736648250460404,0.5306204203871528,0.5021386908619572,0.08051557299358565,0.624258985479437,0.09381717648593521,0.10533216783216784,0.26217678893565843,0.848987108655617,0.5233885819521179,0.22213637643936943,0.5456268704192985,0.49281767955801103,0.20159915392003824,0.9192844120306856,0.1511285736328168,0.026978910525859517,0.1102015928408422,0.3339160839160839,0.82501503307276,0.42136279926335174,0.30626151012891345,0.5414786656878927,0.4817975854439699,0.49520620570344326,0.5353616282620299,0.5497659681716713,0.5460117297025181,0.541234652214206,0.5142351181195609,0.5703803771985589,0.423799024520612,0.5663039232100006,0.51635321911565,https://a.espncdn.com/i/headshots/wnba/players/full/4594786.png
2026,4595823,Alex Fowler,F,9,Liberty,2,0,32,12,4,10,2,7,2,2,0,0,0,1,1,0,3,10,2024,297,649,285,177,204,71,273,344,140,87,229,316,16,6,0,0.5,0.5,0,1.5,0,0,0.4,0.2857142857142857,1,0.5,0.551470588235294,13.5,0,1.125,1.125,0,3.375,0,0,13.88,0.19980654558696348,19.47826086956522,0.05133928571428571,13.88,0.21613832853025935,23.715415019762847,0,28.458498023715414,0,0.7,0.2,10.88,10,19.47826086956522,32,13.88,23.715415019762847,28.458498023715414,7,2,10,10,0.48836169533281626,0.4805949312714777,0.5119852489244008,0.12021968445338255,0.22571373826403526,0.8516538163237374,0.014682861062268227,0.007450502338459795,0.33552014995313967,0.9775700934579439,0.9834050399508297,0.20835894283958206,0.20098584361301935,0.5537210051546392,0.512138905961893,0.12475397702274563,0.8699373501251256,0.15032620101281993,0.07774783134386844,0.1844192974153495,0.3270852858481724,0.7401869158878505,0.3279041180086048,0.3288260602335587,0.5208236385479872,0.49686569301260025,0.5184921122720754,0.6507351915172096,0.5044925592386792,0.5921801785361254,0.599145201099469,0.5291608678754232,0.42575445173383314,0.4660934579439253,0.44784265519360783,0.5245564433517722,https://a.espncdn.com/i/headshots/wnba/players/full/4595823.png
2026,4595910,Haley Jones,G,132052,Fire,5,0,58,26,10,17,0,3,6,8,2,9,11,5,2,0,6,9,2205,327,715,276,162,201,74,225,299,162,99,250,349,11.6,5.2,2.2,1,0.4,0,1.2,0.4,1.8,0.5882352941176471,0,0.75,0.5882352941176471,0.6335282651072125,16.137931034482758,6.827586206896552,3.103448275862069,1.2413793103448276,0,3.7241379310344827,1.2413793103448276,5.586206896551724,26.52,0.2088617089367149,33.006802721088434,0.15148392415498765,26.52,0.22624434389140272,42.61224489795918,0.04693486590038315,42.61224489795918,0.21120689655172417,0.17647058823529413,0.47058823529411764,20.52,17,33.006802721088434,58,26.52,42.61224489795918,42.61224489795918,3,8,17,17,0.5006722948398616,0.8610647676298177,0.8585635359116022,0.3935460860430843,0.12663642255346727,0.9330956422068905,0.886707416171277,0.9831780652756882,0.0118006993006993,0.16776909200240528,0.020626151012891343,0.8847145488029466,0.22213637643936943,0.5456268704192985,0.49281767955801103,0.20159915392003824,0.9192844120306856,0.1511285736328168,0.026978910525859517,0.1102015928408422,0.3339160839160839,0.82501503307276,0.42136279926335174,0.30626151012891345,0.5414786656878927,0.4817975854439699,0.49520620570344326,0.5353616282620299,0.5497659681716713,0.5460117297025181,0.541234652214206,0.5142351181195609,0.5703803771985589,0.423799024520612,0.5663039232100006,0.51635321911565,https://a.espncdn.com/i/headshots/wnba/players/full/4595910.png
2026,4596309,Liatu King,F,8,Lynx,4,0,48,14,5,11,2,5,2,6,4,11,15,0,2,4,4,7,2004,345,688,202,138,178,91,288,379,145,101,217,318,12,3.5,3.75,0,0.5,1,1,1,2.75,0.45454545454545453,0.4,0.3333333333333333,0.5454545454545454,0.5131964809384164,10.5,11.25,0,1.5,3,3,3,8.25,17.64,0.16162709037440195,36.31736526946108,0,17.64,0.22675736961451246,36.88622754491018,0.10844155844155845,46.58682634730539,0.23611825192802055,0.45454545454545453,0.5454545454545454,13.64,11,36.31736526946108,48,17.64,36.88622754491018,46.58682634730539,5,6,11,11,0.21423422601396047,0.34405068728522337,0.5857406269207129,0.010551503287808054,0.23031232036788657,0.893480541995529,0.737794556497848,0.8261826274286516,0.7600749765698219,0.005607476635514018,0.6825445605408728,0.8773816840811309,0.20098584361301935,0.5537210051546392,0.512138905961893,0.12475397702274563,0.8699373501251256,0.15032620101281993,0.07774783134386844,0.1844192974153495,0.3270852858481724,0.7401869158878505,0.3279041180086048,0.3288260602335587,0.5208236385479872,0.49686569301260025,0.5184921122720754,0.6507351915172096,0.5044925592386792,0.5921801785361254,0.599145201099469,0.5291608678754232,0.42575445173383314,0.4660934579439253,0.44784265519360783,0.5245564433517722,https://a.espncdn.com/i/headshots/wnba/players/full/4596309.png
2026,4597509,Aaliyah Nye,G,20,Dream,6,0,7,0,0,1,0,0,0,0,0,0,0,1,0,0,0,0,1799,262,613,245,147,196,98,231,329,128,59,210,269,1.1666666666666667,0,0,0.16666666666666666,0,0,0,0,0,0,NA,NA,0,0,0,0,5.142857142857143,0,0,0,0,0,1,0.062134326193124124,5.097276264591439,0.19618320610687023,1,0,5.992217898832685,0,5.642023346303502,0,0,0,1,1,5.097276264591439,7,1,5.992217898832685,5.642023346303502,0,0,1,1,1.3776533603720767e-4,6.491693877683504e-4,7.366482504604051e-4,0.5250690719195616,0.005832793259883344,4.13296008111623e-4,0.051883396854596885,0.0011779897648163922,NA,NA,3.6832412523020257e-4,0.004972375690607734,0.22213637643936943,0.5456268704192985,0.49281767955801103,0.20159915392003824,0.9192844120306856,0.1511285736328168,0.026978910525859517,0.1102015928408422,0.3339160839160839,0.82501503307276,0.42136279926335174,0.30626151012891345,0.5414786656878927,0.4817975854439699,0.49520620570344326,0.5353616282620299,0.5497659681716713,0.5460117297025181,0.541234652214206,0.5142351181195609,0.5703803771985589,0.423799024520612,0.5663039232100006,0.51635321911565,https://a.espncdn.com/i/headshots/wnba/players/full/4597509.png
2026,4609797,Ta'Niya Latson,G,6,Sparks,6,0,25,10,2,5,1,3,5,6,1,2,3,1,0,0,4,3,1802,275,585,219,165,209,69,194,263,142,84,212,296,4.166666666666667,1.6666666666666667,0.5,0.16666666666666666,0,0,0.6666666666666666,0.16666666666666666,0.3333333333333333,0.4,0.3333333333333333,0.8333333333333334,0.5,0.6544502617801047,14.4,4.32,1.44,0,0,5.76,1.44,2.88,11.64,0.20489674709387515,17.076026637069926,0.05856163270611939,11.64,0.3436426116838488,19.492230854605996,0.05130249110320284,19.28412874583796,0.10371223021582732,0.6,1.2,7.640000000000001,5,17.076026637069926,25,11.64,19.492230854605996,19.28412874583796,3,6,5,5,0.44541737386205826,0.8941918814876366,0.5467771639042357,0.020176941472182398,0.007453013609850939,0.9853472788590825,0.9150381564629503,0.4902143961284333,0.5607517482517482,0.4888755261575466,0.8499079189686924,0.9994475138121547,0.22213637643936943,0.5456268704192985,0.49281767955801103,0.20159915392003824,0.9192844120306856,0.1511285736328168,0.026978910525859517,0.1102015928408422,0.3339160839160839,0.82501503307276,0.42136279926335174,0.30626151012891345,0.5414786656878927,0.4817975854439699,0.49520620570344326,0.5353616282620299,0.5497659681716713,0.5460117297025181,0.541234652214206,0.5142351181195609,0.5703803771985589,0.423799024520612,0.5663039232100006,0.51635321911565,https://a.espncdn.com/i/headshots/wnba/players/full/4609797.png
2026,4682797,Luisa Geiselsoder,C,132052,Fire,11,9,225,57,20,66,9,33,8,9,5,27,32,18,6,4,12,30,2205,327,715,276,162,201,74,225,299,162,99,250,349,20.454545454545453,5.181818181818182,2.909090909090909,1.6363636363636365,0.5454545454545454,0.36363636363636365,1.0909090909090908,0.45454545454545453,2.4545454545454546,0.30303030303030304,0.2727272727272727,0.8888888888888888,0.3712121212121212,0.4073756432246999,9.12,5.12,2.88,0.96,0.64,1.92,0.8,4.32,81.96,0.16639211136890952,146.83673469387756,0.12258512856150104,81.96,0.14641288433382138,165.3061224489796,0.03024691358024691,165.3061224489796,0.16333333333333333,0.5,0.13636363636363635,69.96,66,146.83673469387756,225,81.96,165.3061224489796,165.3061224489796,33,9,66,66,0.21066898527004907,0.06981367196771895,0.0683982683982684,0.5284183986243002,0.4061681699156241,0.5771020867430441,0.15265382858715648,0.3346563794566319,0.21686746987951808,0.8656036446469249,0.9549783549783549,0.11428571428571428,0.22272243313641205,0.5655856871587942,0.5207792207792208,0.12336122254069086,0.6729113950091548,0.13809328968903437,0.07540553458344665,0.21911445418178252,0.3493975903614458,0.7334851936218679,0.21558441558441557,0.3800865800865801,0.6070636094674556,0.4441997297741423,0.532967032967033,0.5465561525233654,0.503424274300038,0.503690356288556,0.5337923887319408,0.4851744951134827,0.30491195551436523,0.3538636761871386,0.5770895770895771,0.6203796203796204,https://a.espncdn.com/i/headshots/wnba/players/full/4682797.png
2026,4683006,Leonie Fiebich,F,9,Liberty,3,3,89,26,8,17,4,9,6,6,3,1,4,6,3,0,8,5,2024,297,649,285,177,204,71,273,344,140,87,229,316,29.666666666666668,8.666666666666666,1.3333333333333333,2,1,0,2.6666666666666665,1,0.3333333333333333,0.47058823529411764,0.4444444444444444,1,0.5882352941176471,0.6619144602851323,10.51685393258427,1.6179775280898876,2.4269662921348316,1.2134831460674158,0,3.235955056179775,1.2134831460674158,0.4044943820224719,27.64,0.14306001152799067,57.298913043478265,0.10471402826519965,27.64,0.2894356005788712,65.95849802371542,0.04548314606741573,79.1501976284585,0.012634207240948814,0.5294117647058824,0.35294117647058826,19.64,17,57.298913043478265,89,27.64,65.95849802371542,79.1501976284585,9,6,17,17,0.1648706601578539,0.912951030927835,0.8057775046097111,0.5055861449042911,0.7090438781375743,0.9601167936493453,0.3046369209147337,0.01688466311602979,0.831302717900656,0.983177570093458,0.7836508912108174,0.5915795943454211,0.20098584361301935,0.5537210051546392,0.512138905961893,0.12475397702274563,0.8699373501251256,0.15032620101281993,0.07774783134386844,0.1844192974153495,0.3270852858481724,0.7401869158878505,0.3279041180086048,0.3288260602335587,0.5208236385479872,0.49686569301260025,0.5184921122720754,0.6507351915172096,0.5044925592386792,0.5921801785361254,0.599145201099469,0.5291608678754232,0.42575445173383314,0.4660934579439253,0.44784265519360783,0.5245564433517722,https://a.espncdn.com/i/headshots/wnba/players/full/4683006.png
2026,4684384,Aneesah Morrow,F,18,Sun,11,5,279,140,54,125,12,41,20,32,33,81,114,14,9,6,24,25,2200,307,745,218,160,237,107,260,367,163,84,275,359,25.363636363636363,12.727272727272727,10.363636363636363,1.2727272727272727,0.8181818181818182,0.5454545454545454,2.1818181818181817,3,7.363636363636363,0.432,0.2926829268292683,0.625,0.48,0.5033074489502444,18.06451612903226,14.709677419354838,1.8064516129032258,1.1612903225806452,0.7741935483870968,3.096774193548387,4.258064516129032,10.451612903225806,163.08,0.25406715214584263,140.66590909090908,0.09952660236214111,163.08,0.14716703458425312,242.22272727272724,0.13623824804368634,218.1272727272727,0.3713428357089273,0.328,0.256,139.08,125,140.66590909090908,279,163.08,242.22272727272724,218.1272727272727,41,32,125,125,0.8393904831424791,0.3118019759450172,0.39121081745543945,0.44908205702373377,0.476815481893083,0.5760390528764998,0.8787150651512042,1,0.3739456419868791,0.18691588785046728,0.47879532882606024,0.4200983405039951,0.20098584361301935,0.5537210051546392,0.512138905961893,0.12475397702274563,0.8699373501251256,0.15032620101281993,0.07774783134386844,0.1844192974153495,0.3270852858481724,0.7401869158878505,0.3279041180086048,0.3288260602335587,0.5208236385479872,0.49686569301260025,0.5184921122720754,0.6507351915172096,0.5044925592386792,0.5921801785361254,0.599145201099469,0.5291608678754232,0.42575445173383314,0.4660934579439253,0.44784265519360783,0.5245564433517722,https://a.espncdn.com/i/headshots/wnba/players/full/4684384.png
2026,4698736,Flau'jae Johnson,G,14,Storm,11,11,292,128,37,120,13,50,41,49,9,46,55,22,11,15,26,28,2203,283,703,265,182,229,71,275,346,157,111,299,410,26.545454545454547,11.636363636363637,5,2,1,1.3636363636363635,2.3636363636363638,0.8181818181818182,4.181818181818182,0.30833333333333335,0.26,0.8367346938775511,0.3625,0.45210511443910706,15.780821917808218,6.780821917808219,2.712328767123288,1.356164383561644,1.8493150684931507,3.2054794520547945,1.1095890410958904,5.671232876712328,167.56,0.2631583044701484,150.55333635950976,0.14612761518260675,167.56,0.155168297923132,245.21107580571947,0.03670307293594965,255.81479800272356,0.17981758818936758,0.4166666666666667,0.4083333333333333,141.56,120,150.55333635950976,292,167.56,245.21107580571947,255.81479800272356,50,49,120,120,0.7596821478166949,0.13925981706406654,0.08250460405156537,0.36714290967030466,0.6393389500972132,0.5824277558577821,0.7637154258213039,0.9402045365687116,0.2285839160839161,0.5183403487672881,0.561878453038674,0.7764272559852671,0.22213637643936943,0.5456268704192985,0.49281767955801103,0.20159915392003824,0.9192844120306856,0.1511285736328168,0.026978910525859517,0.1102015928408422,0.3339160839160839,0.82501503307276,0.42136279926335174,0.30626151012891345,0.5414786656878927,0.4817975854439699,0.49520620570344326,0.5353616282620299,0.5497659681716713,0.5460117297025181,0.541234652214206,0.5142351181195609,0.5703803771985589,0.423799024520612,0.5663039232100006,0.51635321911565,https://a.espncdn.com/i/headshots/wnba/players/full/4698736.png
2026,4703609,Charlisse Leger-Walker,G,18,Sun,11,5,231,75,25,68,8,26,17,25,2,16,18,30,8,1,17,25,2200,307,745,218,160,237,107,260,367,163,84,275,359,21,6.818181818181818,1.6363636363636365,2.727272727272727,0.7272727272727273,0.09090909090909091,1.5454545454545454,0.18181818181818182,1.4545454545454546,0.36764705882352944,0.3076923076923077,0.68,0.4264705882352941,0.47468354430379744,11.688311688311689,2.8051948051948052,4.675324675324675,1.2467532467532467,0.15584415584415584,2.6493506493506493,0.3116883116883117,2.4935064935064934,96,0.1806388971995326,136.175,0.22030475491096013,96,0.17708333333333334,200.55,0.009972575417601595,180.6,0.08859357696567,0.38235294117647056,0.36764705882352944,79,68,136.175,231,96,200.55,180.6,26,25,68,68,0.31278241893887626,0.2672760203319852,0.2302025782688766,0.5929319562856119,0.4158781594296824,0.688507064606432,0.24768567741200773,0.35968377638067056,0.40865384615384615,0.06855081178592905,0.4734806629834254,0.7051565377532228,0.22213637643936943,0.5456268704192985,0.49281767955801103,0.20159915392003824,0.9192844120306856,0.1511285736328168,0.026978910525859517,0.1102015928408422,0.3339160839160839,0.82501503307276,0.42136279926335174,0.30626151012891345,0.5414786656878927,0.4817975854439699,0.49520620570344326,0.5353616282620299,0.5497659681716713,0.5460117297025181,0.541234652214206,0.5142351181195609,0.5703803771985589,0.423799024520612,0.5663039232100006,0.51635321911565,https://a.espncdn.com/i/headshots/wnba/players/full/4703609.png
2026,4703794,Sarah Ashlee Barker,G,132052,Fire,11,0,238,110,42,81,15,31,11,15,11,38,49,21,9,2,21,25,2205,327,715,276,162,201,74,225,299,162,99,250,349,21.636363636363637,10,4.454545454545454,1.9090909090909092,0.8181818181818182,0.18181818181818182,1.9090909090909092,1,3.4545454545454546,0.5185185185185185,0.4838709677419355,0.7333333333333333,0.6111111111111112,0.6278538812785388,16.638655462184875,7.411764705882353,3.176470588235294,1.361344537815126,0.3025210084033613,3.176470588235294,1.6638655462184875,5.7478991596638656,108.6,0.20843285109867613,134.47619047619045,0.15616147308781872,108.6,0.19337016574585636,174.85714285714286,0.06290849673202614,174.85714285714286,0.2173202614379085,0.38271604938271603,0.18518518518518517,87.6,81,134.47619047619045,238,108.6,174.85714285714286,174.85714285714286,31,15,81,81,0.49701875812815477,0.8179729036697545,0.9025782688766114,0.4274126818241403,0.4915100453661698,0.8064397028677233,0.9544235311609709,0.9967864944158407,0.9252622377622378,0.14612146722790137,0.48839779005524864,0.23775322283609576,0.22213637643936943,0.5456268704192985,0.49281767955801103,0.20159915392003824,0.9192844120306856,0.1511285736328168,0.026978910525859517,0.1102015928408422,0.3339160839160839,0.82501503307276,0.42136279926335174,0.30626151012891345,0.5414786656878927,0.4817975854439699,0.49520620570344326,0.5353616282620299,0.5497659681716713,0.5460117297025181,0.541234652214206,0.5142351181195609,0.5703803771985589,0.423799024520612,0.5663039232100006,0.51635321911565,https://a.espncdn.com/i/headshots/wnba/players/full/4703794.png
2026,4704180,Georgia Amoore,G,16,Mystics,8,8,186,47,13,48,8,33,13,14,1,8,9,30,3,2,19,25,1647,235,518,158,161,217,81,216,297,125,68,176,244,23.25,5.875,1.125,3.75,0.375,0.25,2.375,0.125,1,0.2708333333333333,0.24242424242424243,0.9285714285714286,0.3541666666666667,0.4338995568685377,9.096774193548388,1.7419354838709677,5.806451612903226,0.5806451612903226,0.3870967741935484,3.6774193548387095,0.1935483870967742,1.5483870967741935,73.16,0.17544686382840427,119.69581056466302,0.25063533851749276,73.16,0.259704756697649,145.1183970856102,0.006890925065896824,160.36429872495447,0.04988641526578828,0.6875,0.2916666666666667,54.16,48,119.69581056466302,186,73.16,145.1183970856102,160.36429872495447,33,14,48,48,0.17974518923446559,0.0762644196750258,0.0578268876611418,0.7168169335702669,0.10829552819183409,0.9807293847951154,0.14174750563946156,0.06662303009184019,0.13854895104895104,0.8833433553818401,0.930755064456722,0.4427255985267035,0.22213637643936943,0.5456268704192985,0.49281767955801103,0.20159915392003824,0.9192844120306856,0.1511285736328168,0.026978910525859517,0.1102015928408422,0.3339160839160839,0.82501503307276,0.42136279926335174,0.30626151012891345,0.5414786656878927,0.4817975854439699,0.49520620570344326,0.5353616282620299,0.5497659681716713,0.5460117297025181,0.541234652214206,0.5142351181195609,0.5703803771985589,0.423799024520612,0.5663039232100006,0.51635321911565,https://a.espncdn.com/i/headshots/wnba/players/full/4704180.png
2026,4704594,Marta Suarez,F,11,Mercury,2,0,19,6,2,4,2,4,0,0,0,4,4,0,1,0,0,6,2198,296,718,267,228,282,89,267,356,139,79,301,380,9.5,3,2,0,0.5,0,0,0,2,0.5,0.5,NA,0.75,0.75,11.368421052631579,7.578947368421052,0,1.894736842105263,0,0,0,7.578947368421052,4,0.09433213236540612,10.793448589626934,0,4,0,16.856232939035486,0,14.954504094631483,0.26747794341344694,1,0,4,4,10.793448589626934,19,4,16.856232939035486,14.954504094631483,4,0,4,4,0.016843834116519914,0.9660438144329897,0.986478180700676,0.012271203974074343,0.23213259245066103,0.0022537524522104105,0.01662727583324314,0.9001711954725704,0.9550140581068416,NA,1,0.008912108174554395,0.20098584361301935,0.5537210051546392,0.512138905961893,0.12475397702274563,0.8699373501251256,0.15032620101281993,0.07774783134386844,0.1844192974153495,0.3270852858481724,0.7401869158878505,0.3279041180086048,0.3288260602335587,0.5208236385479872,0.49686569301260025,0.5184921122720754,0.6507351915172096,0.5044925592386792,0.5921801785361254,0.599145201099469,0.5291608678754232,0.42575445173383314,0.4660934579439253,0.44784265519360783,0.5245564433517722,https://a.espncdn.com/i/headshots/wnba/players/full/4704594.png
2026,4790258,Raquel Carrera,F,9,Liberty,2,0,2,0,0,0,0,0,0,0,0,0,0,1,0,0,0,1,2024,297,649,285,177,204,71,273,344,140,87,229,316,1,0,0,0.5,0,0,0,0,0,NA,NA,NA,NA,NA,0,0,18,0,0,0,0,0,0,0,1.4673913043478262,0.6814814814814815,0,NA,1.482213438735178,0,1.7786561264822134,0,NA,NA,0,0,1.4673913043478262,2,0,1.482213438735178,1.7786561264822134,0,0,0,0,0,NA,NA,1,0.013412531136232995,NA,0.016798253400676966,0.007657846531373422,NA,NA,NA,NA,0.20098584361301935,0.5537210051546392,0.512138905961893,0.12475397702274563,0.8699373501251256,0.15032620101281993,0.07774783134386844,0.1844192974153495,0.3270852858481724,0.7401869158878505,0.3279041180086048,0.3288260602335587,0.5208236385479872,0.49686569301260025,0.5184921122720754,0.6507351915172096,0.5044925592386792,0.5921801785361254,0.599145201099469,0.5291608678754232,0.42575445173383314,0.4660934579439253,0.44784265519360783,0.5245564433517722,https://a.espncdn.com/i/headshots/wnba/players/full/4790258.png
2026,4790264,Janelle Salaun,F,129689,Valkyries,10,0,230,142,46,109,27,67,23,31,9,29,38,14,8,2,6,24,2000,292,717,319,157,204,98,237,335,97,88,269,357,23,14.2,3.8,1.4,0.8,0.2,0.6,0.9,2.9,0.42201834862385323,0.40298507462686567,0.7419354838709677,0.5458715596330275,0.5789302022178735,22.22608695652174,5.947826086956522,2.1913043478260867,1.2521739130434784,0.3130434782608696,0.9391304347826087,1.4086956521739131,4.539130434782609,128.64,0.24754551997259755,121.89999999999998,0.1148482362592289,128.64,0.04664179104477612,211.02499999999998,0.04264897523990049,186.87499999999997,0.15518394648829434,0.6146788990825688,0.28440366972477066,122.64,109,121.89999999999998,230,128.64,211.02499999999998,186.87499999999997,67,31,109,109,0.7720060221725443,0.5950816151202749,0.6192378610940381,0.6177543851455591,0.4500862234144472,0.04624298553766139,0.2765890224112679,0.3411675834999818,0.8228678537956888,0.48785046728971965,0.96220036877689,0.49078057775046097,0.20098584361301935,0.5537210051546392,0.512138905961893,0.12475397702274563,0.8699373501251256,0.15032620101281993,0.07774783134386844,0.1844192974153495,0.3270852858481724,0.7401869158878505,0.3279041180086048,0.3288260602335587,0.5208236385479872,0.49686569301260025,0.5184921122720754,0.6507351915172096,0.5044925592386792,0.5921801785361254,0.599145201099469,0.5291608678754232,0.42575445173383314,0.4660934579439253,0.44784265519360783,0.5245564433517722,https://a.espncdn.com/i/headshots/wnba/players/full/4790264.png
2026,4790266,Awak Kuier,F,3,Wings,8,0,110,53,17,26,7,13,12,16,4,20,24,7,5,7,6,4,1798,287,635,221,138,177,81,220,301,90,61,234,295,13.75,6.625,3,0.875,0.625,0.875,0.75,0.5,2.5,0.6538461538461539,0.5384615384615384,0.75,0.7884615384615384,0.8020581113801453,17.345454545454544,7.8545454545454545,2.290909090909091,1.6363636363636365,2.290909090909091,1.9636363636363636,1.309090909090909,6.545454545454546,39.04,0.1589593825863256,70.79199110122357,0.09888124194714183,39.04,0.15368852459016394,96.35706340378198,0.041512265512265514,85.95661846496107,0.23267550954383695,0.5,0.6153846153846154,33.04,26,70.79199110122357,110,39.04,96.35706340378198,85.95661846496107,13,16,26,26,0.2102103198138601,0.9986576460481099,0.9984634296250768,0.41383576210966455,0.30772178578271697,0.643460011861855,0.2522466839701109,0.7977321266426688,0.9803186504217432,0.5102803738317757,0.7716656422864168,0.9760295021511985,0.20098584361301935,0.5537210051546392,0.512138905961893,0.12475397702274563,0.8699373501251256,0.15032620101281993,0.07774783134386844,0.1844192974153495,0.3270852858481724,0.7401869158878505,0.3279041180086048,0.3288260602335587,0.5208236385479872,0.49686569301260025,0.5184921122720754,0.6507351915172096,0.5044925592386792,0.5921801785361254,0.599145201099469,0.5291608678754232,0.42575445173383314,0.4660934579439253,0.44784265519360783,0.5245564433517722,https://a.espncdn.com/i/headshots/wnba/players/full/4790266.png
2026,4858656,Gabriela Jaquez,G,19,Sky,6,6,170,69,21,49,4,12,23,26,5,27,32,7,7,0,7,16,1803,256,622,206,169,223,73,233,306,106,90,267,357,28.333333333333332,11.5,5.333333333333333,1.1666666666666667,1.1666666666666667,0,1.1666666666666667,0.8333333333333334,4.5,0.42857142857142855,0.3333333333333333,0.8846153846153846,0.46938775510204084,0.5708140304434149,14.611764705882353,6.776470588235294,1.4823529411764707,1.4823529411764707,0,1.4823529411764707,1.0588235294117647,5.7176470588235295,67.44,0.17316145496594998,99.68774265113699,0.07021926481470149,67.44,0.10379596678529063,160.2884082085413,0.03119377162629758,152.27398779811423,0.1773119650336915,0.24489795918367346,0.5306122448979592,60.44,49,99.68774265113699,170,67.44,160.2884082085413,152.27398779811423,12,26,49,49,0.16542861551347895,0.6130041611757755,0.39134438305709024,0.04443373605887267,0.7552819183408943,0.21606564242731502,0.6544477231023541,0.9202954982832889,0.5659965034965035,0.7534576067348165,0.051933701657458566,0.929097605893186,0.22213637643936943,0.5456268704192985,0.49281767955801103,0.20159915392003824,0.9192844120306856,0.1511285736328168,0.026978910525859517,0.1102015928408422,0.3339160839160839,0.82501503307276,0.42136279926335174,0.30626151012891345,0.5414786656878927,0.4817975854439699,0.49520620570344326,0.5353616282620299,0.5497659681716713,0.5460117297025181,0.541234652214206,0.5142351181195609,0.5703803771985589,0.423799024520612,0.5663039232100006,0.51635321911565,https://a.espncdn.com/i/headshots/wnba/players/full/4858656.png
2026,4873358,Antonia Delaere,F,8,Lynx,10,0,135,29,10,21,6,12,3,3,1,4,5,15,2,0,4,10,2004,345,688,202,138,178,91,288,379,145,101,217,318,13.5,2.9,0.5,1.5,0.2,0,0.4,0.1,0.4,0.47619047619047616,0.5,1,0.6190476190476191,0.6496415770609318,7.733333333333333,1.3333333333333333,4,0.5333333333333333,0,1.0666666666666667,0.26666666666666666,1.0666666666666667,26.32,0.08574502431149932,106.20508982035926,0.14123616886320392,26.32,0.1519756838905775,103.74251497005987,0.00963924963924964,131.0254491017964,0.03052842045129963,0.5714285714285714,0.14285714285714285,22.32,21,106.20508982035926,135,26.32,103.74251497005987,131.0254491017964,12,3,21,21,0.010283315844700944,0.8883483676975945,0.8807621389059619,0.7231059600661424,0.06830810500095803,0.6107212920297459,0.028765249776168005,0.03215875999775161,0.9662605435801312,0.985981308411215,0.8417332513829133,0.11278426551936079,0.20098584361301935,0.5537210051546392,0.512138905961893,0.12475397702274563,0.8699373501251256,0.15032620101281993,0.07774783134386844,0.1844192974153495,0.3270852858481724,0.7401869158878505,0.3279041180086048,0.3288260602335587,0.5208236385479872,0.49686569301260025,0.5184921122720754,0.6507351915172096,0.5044925592386792,0.5921801785361254,0.599145201099469,0.5291608678754232,0.42575445173383314,0.4660934579439253,0.44784265519360783,0.5245564433517722,https://a.espncdn.com/i/headshots/wnba/players/full/4873358.png
2026,4873359,Kyara Linskens,C,11,Mercury,9,0,98,38,13,30,5,15,7,9,8,14,22,5,7,6,4,14,2198,296,718,267,228,282,89,267,356,139,79,301,380,10.88888888888889,4.222222222222222,2.4444444444444446,0.5555555555555556,0.7777777777777778,0.6666666666666666,0.4444444444444444,0.8888888888888888,1.5555555555555556,0.43333333333333335,0.3333333333333333,0.7777777777777778,0.5166666666666667,0.5594817432273262,13.959183673469388,8.081632653061224,1.836734693877551,2.5714285714285716,2.204081632653061,1.469387755102041,2.938775510204082,5.142857142857143,37.96,0.17356149782455485,52.987261146496806,0.09436230316143769,37.96,0.1053740779768177,86.94267515923566,0.09201465201465202,77.13375796178343,0.18150289017341042,0.5,0.3,33.96,30,52.987261146496806,98,37.96,86.94267515923566,77.13375796178343,15,9,30,30,0.29229746317512273,0.421967718965108,0.5142857142857142,0.2970377604743475,0.5976141984288624,0.2763400163666121,0.6538280070341647,0.3653804344402798,0.27710843373493976,0.5854214123006833,0.9809523809523809,0.27965367965367965,0.22272243313641205,0.5655856871587942,0.5207792207792208,0.12336122254069086,0.6729113950091548,0.13809328968903437,0.07540553458344665,0.21911445418178252,0.3493975903614458,0.7334851936218679,0.21558441558441557,0.3800865800865801,0.6070636094674556,0.4441997297741423,0.532967032967033,0.5465561525233654,0.503424274300038,0.503690356288556,0.5337923887319408,0.4851744951134827,0.30491195551436523,0.3538636761871386,0.5770895770895771,0.6203796203796204,https://a.espncdn.com/i/headshots/wnba/players/full/4873359.png
2026,4874375,Jihyun Park,F,6,Sparks,6,0,38,4,1,5,0,3,2,4,1,2,3,4,3,0,1,9,1802,275,585,219,165,209,69,194,263,142,84,212,296,6.333333333333333,0.6666666666666666,0.5,0.6666666666666666,0.5,0,0.16666666666666666,0.16666666666666666,0.3333333333333333,0.2,0,0.5,0.2,0.2958579881656805,3.789473684210526,2.8421052631578947,3.789473684210526,2.8421052631578947,0,0.9473684210526315,0.9473684210526315,1.894736842105263,7.76,0.08986699433941892,27.995560488346285,0.1428797970187123,7.76,0.1288659793814433,29.628190899001112,0.03375163888368608,29.3118756936737,0.06823173040514956,0.6,0.8,6.76,5,27.995560488346285,38,7.76,29.628190899001112,29.3118756936737,3,4,5,5,0.012053469592590902,0.008494415807560137,0.007682851874615857,0.7275664421988397,0.23577313661621,0.49640038322916186,0.16530166105791824,0.06287525057384195,0.016869728209934397,0.05700934579439252,0.907498463429625,0.9972341733251383,0.20098584361301935,0.5537210051546392,0.512138905961893,0.12475397702274563,0.8699373501251256,0.15032620101281993,0.07774783134386844,0.1844192974153495,0.3270852858481724,0.7401869158878505,0.3279041180086048,0.3288260602335587,0.5208236385479872,0.49686569301260025,0.5184921122720754,0.6507351915172096,0.5044925592386792,0.5921801785361254,0.599145201099469,0.5291608678754232,0.42575445173383314,0.4660934579439253,0.44784265519360783,0.5245564433517722,https://a.espncdn.com/i/headshots/wnba/players/full/4874375.png
2026,4874475,Nikolina Milic,F,131935,Tempo,7,1,63,21,9,19,0,2,3,4,2,7,9,3,0,0,5,7,2000,292,674,287,206,240,88,225,313,126,85,247,332,9,3,1.2857142857142858,0.42857142857142855,0,0,0.7142857142857143,0.2857142857142857,1,0.47368421052631576,0,0.75,0.47368421052631576,0.5057803468208092,12,5.142857142857143,1.7142857142857142,0,0,2.857142857142857,1.1428571428571428,4,25.76,0.18060463290145268,36.99,0.08110300081103,25.76,0.19409937888198756,52.7625,0.03790570954750059,48.825,0.14336917562724014,0.10526315789473684,0.21052631578947367,20.76,19,36.99,63,25.76,52.7625,48.825,2,4,19,19,0.404261143300333,0.3173754295532646,0.35279655808236016,0.30019908826306757,0.019448170147537844,0.7419225329622702,0.1842220125572652,0.2759981706241313,0.01874414245548266,0.514018691588785,0.19514443761524278,0.2141979102642901,0.20098584361301935,0.5537210051546392,0.512138905961893,0.12475397702274563,0.8699373501251256,0.15032620101281993,0.07774783134386844,0.1844192974153495,0.3270852858481724,0.7401869158878505,0.3279041180086048,0.3288260602335587,0.5208236385479872,0.49686569301260025,0.5184921122720754,0.6507351915172096,0.5044925592386792,0.5921801785361254,0.599145201099469,0.5291608678754232,0.42575445173383314,0.4660934579439253,0.44784265519360783,0.5245564433517722,https://a.espncdn.com/i/headshots/wnba/players/full/4874475.png
2026,4898384,Kiki Iriafen,F,16,Mystics,8,8,222,120,44,81,4,11,28,42,23,61,84,12,5,3,14,28,1647,235,518,158,161,217,81,216,297,125,68,176,244,27.75,15,10.5,1.5,0.625,0.375,1.75,2.875,7.625,0.5432098765432098,0.36363636363636365,0.6666666666666666,0.5679012345679012,0.6031363088057901,19.45945945945946,13.621621621621621,1.945945945945946,0.8108108108108109,0.4864864864864865,2.27027027027027,3.72972972972973,9.891891891891891,113.48,0.22800859032578238,114.37887067395263,0.10491448227537664,113.48,0.12336975678533661,173.20582877959927,0.13278998843201179,191.4025500910747,0.31870003806623526,0.13580246913580246,0.5185185185185185,99.48,81,114.37887067395263,222,113.48,173.20582877959927,191.4025500910747,11,42,81,81,0.6656051827181897,0.7361254295532645,0.746158574062692,0.5238099239642475,0.3289902280130293,0.4284045805009352,0.8251153937278057,0.949339288492303,0.47797563261480785,0.29906542056074764,0.26490473263675474,0.8451137062077443,0.20098584361301935,0.5537210051546392,0.512138905961893,0.12475397702274563,0.8699373501251256,0.15032620101281993,0.07774783134386844,0.1844192974153495,0.3270852858481724,0.7401869158878505,0.3279041180086048,0.3288260602335587,0.5208236385479872,0.49686569301260025,0.5184921122720754,0.6507351915172096,0.5044925592386792,0.5921801785361254,0.599145201099469,0.5291608678754232,0.42575445173383314,0.4660934579439253,0.44784265519360783,0.5245564433517722,https://a.espncdn.com/i/headshots/wnba/players/full/4898384.png
2026,4898400,Taylor Thierry,F,14,Storm,2,0,13,6,2,4,2,3,0,0,2,1,3,0,0,0,0,5,2203,283,703,265,182,229,71,275,346,157,111,299,410,6.5,3,1.5,0,0,0,0,1,0.5,0.5,0.6666666666666666,NA,0.75,0.75,16.615384615384617,8.307692307692308,0,0,0,0,5.538461538461538,2.769230769230769,4,0.14110623961158955,6.349977303676804,0,4,0,10.916931457103948,0.18320166320166323,11.389014979573307,0.08780390593862097,0.75,0,4,4,6.349977303676804,13,4,10.916931457103948,11.389014979573307,3,0,4,4,0.15856562799397783,0.9671176975945017,0.9877074370006146,0.013282934398899184,0.020693619467330907,0.0031662028377206987,0.9720195298046536,0.07268184683389523,0.9962511715089035,NA,0.9892440073755377,0.010141364474492931,0.20098584361301935,0.5537210051546392,0.512138905961893,0.12475397702274563,0.8699373501251256,0.15032620101281993,0.07774783134386844,0.1844192974153495,0.3270852858481724,0.7401869158878505,0.3279041180086048,0.3288260602335587,0.5208236385479872,0.49686569301260025,0.5184921122720754,0.6507351915172096,0.5044925592386792,0.5921801785361254,0.599145201099469,0.5291608678754232,0.42575445173383314,0.4660934579439253,0.44784265519360783,0.5245564433517722,https://a.espncdn.com/i/headshots/wnba/players/full/4898400.png
2026,4898898,Gianna Kneepkens,G,18,Sun,11,4,106,38,14,33,3,14,7,7,8,9,17,5,2,0,2,16,2200,307,745,218,160,237,107,260,367,163,84,275,359,9.636363636363637,3.4545454545454546,1.5454545454545454,0.45454545454545453,0.18181818181818182,0,0.18181818181818182,0.7272727272727273,0.8181818181818182,0.42424242424242425,0.21428571428571427,1,0.4696969696969697,0.5266075388026608,12.90566037735849,5.773584905660377,1.6981132075471699,0.6792452830188679,0,0.6792452830188679,2.7169811320754715,3.056603773584906,38.08,0.15615039764521862,59.959090909090904,0.08339019028125237,38.08,0.052521008403361345,92.02727272727273,0.08693075175343278,82.87272727272727,0.10860026327336551,0.42424242424242425,0.21212121212121213,36.08,33,59.959090909090904,106,38.08,92.02727272727273,82.87272727272727,14,7,33,33,0.09276566667401415,0.3512071304765552,0.3974217311233886,0.16212603673921835,0.044264419961114715,0.014007979368263274,0.9789939907238656,0.509278333610577,0.11145104895104894,0.9969933854479855,0.5679558011049723,0.2731123388581952,0.22213637643936943,0.5456268704192985,0.49281767955801103,0.20159915392003824,0.9192844120306856,0.1511285736328168,0.026978910525859517,0.1102015928408422,0.3339160839160839,0.82501503307276,0.42136279926335174,0.30626151012891345,0.5414786656878927,0.4817975854439699,0.49520620570344326,0.5353616282620299,0.5497659681716713,0.5460117297025181,0.541234652214206,0.5142351181195609,0.5703803771985589,0.423799024520612,0.5663039232100006,0.51635321911565,https://a.espncdn.com/i/headshots/wnba/players/full/4898898.png
2026,4899328,Kaitlyn Chen,G,129689,Valkyries,10,0,154,71,26,53,8,13,11,13,5,11,16,20,1,0,7,10,2000,292,717,319,157,204,98,237,335,97,88,269,357,15.4,7.1,1.6,2,0.1,0,0.7,0.5,1.1,0.49056603773584906,0.6153846153846154,0.8461538461538461,0.5660377358490566,0.6045640326975477,16.5974025974026,3.74025974025974,4.675324675324675,0.23376623376623376,0,1.6363636363636365,1.1688311688311688,2.5714285714285716,65.72,0.1888790151160692,86.42,0.23142791020597084,65.72,0.10651247717589775,141.29500000000002,0.0353869563678828,125.125,0.08791208791208792,0.24528301886792453,0.24528301886792453,58.72,53,86.42,154,65.72,141.29500000000002,125.125,13,13,53,53,0.356046245068001,0.7738358769953844,0.8267034990791897,0.613856332174604,0.03130265716137395,0.24977406484889897,0.6795711388149062,0.3359386073518086,0.9973776223776224,0.6482260974143115,0.061694290976058934,0.32228360957642727,0.22213637643936943,0.5456268704192985,0.49281767955801103,0.20159915392003824,0.9192844120306856,0.1511285736328168,0.026978910525859517,0.1102015928408422,0.3339160839160839,0.82501503307276,0.42136279926335174,0.30626151012891345,0.5414786656878927,0.4817975854439699,0.49520620570344326,0.5353616282620299,0.5497659681716713,0.5460117297025181,0.541234652214206,0.5142351181195609,0.5703803771985589,0.423799024520612,0.5663039232100006,0.51635321911565,https://a.espncdn.com/i/headshots/wnba/players/full/4899328.png
2026,5017721,Sika Kone,F,20,Dream,9,0,35,9,3,12,1,5,2,2,1,6,7,0,0,0,2,4,1799,262,613,245,147,196,98,231,329,128,59,210,269,3.888888888888889,1,0.7777777777777778,0,0,0,0.2222222222222222,0.1111111111111111,0.6666666666666666,0.25,0.2,1,0.2916666666666667,0.3493788819875776,9.257142857142858,7.2,0,0,0,2.057142857142857,1.0285714285714285,6.171428571428572,14.88,0.1849117547507374,22.4863813229572,0,14.88,0.13440860215053763,29.961089494163424,0.03337662337662338,28.21011673151751,0.2126896551724138,0.4166666666666667,0.16666666666666666,12.88,12,22.4863813229572,35,14.88,29.961089494163424,28.21011673151751,5,2,12,12,0.40902413431269674,0.011952319587628867,0.012599877074370006,0.016865648956867128,0.024046752251389154,0.49979469866326015,0.16188396433827512,0.7226556770038498,0.232427366447985,0.9878504672897196,0.6324523663183774,0.18223724646588813,0.20098584361301935,0.5537210051546392,0.512138905961893,0.12475397702274563,0.8699373501251256,0.15032620101281993,0.07774783134386844,0.1844192974153495,0.3270852858481724,0.7401869158878505,0.3279041180086048,0.3288260602335587,0.5208236385479872,0.49686569301260025,0.5184921122720754,0.6507351915172096,0.5044925592386792,0.5921801785361254,0.599145201099469,0.5291608678754232,0.42575445173383314,0.4660934579439253,0.44784265519360783,0.5245564433517722,https://a.espncdn.com/i/headshots/wnba/players/full/5017721.png
2026,5017726,Jade Melbourne,G,14,Storm,11,7,260,105,31,68,7,19,36,45,4,21,25,41,11,3,21,34,2203,283,703,265,182,229,71,275,346,157,111,299,410,23.636363636363637,9.545454545454545,2.272727272727273,3.727272727272727,1,0.2727272727272727,1.9090909090909092,0.36363636363636365,1.9090909090909092,0.45588235294117646,0.3684210526315789,0.8,0.5073529411764706,0.5979498861047836,14.538461538461538,3.4615384615384617,5.676923076923077,1.523076923076923,0.4153846153846154,2.9076923076923076,0.5538461538461539,2.9076923076923076,108.8,0.19190448587176176,135.99954607353607,0.3014715944554033,108.8,0.19301470588235295,218.33862914207896,0.018320166320166323,227.78029959146616,0.09219410123555202,0.27941176470588236,0.6617647058823529,87.8,68,135.99954607353607,260,108.8,218.33862914207896,227.78029959146616,19,45,68,68,0.40580708444464036,0.7419356932804477,0.5749539594843462,0.7995644902125689,0.6561892417368762,0.7879130204774395,0.37560085263146864,0.3892852121894507,0.6582167832167832,0.28923631990378834,0.19171270718232045,0.9906077348066298,0.22213637643936943,0.5456268704192985,0.49281767955801103,0.20159915392003824,0.9192844120306856,0.1511285736328168,0.026978910525859517,0.1102015928408422,0.3339160839160839,0.82501503307276,0.42136279926335174,0.30626151012891345,0.5414786656878927,0.4817975854439699,0.49520620570344326,0.5353616282620299,0.5497659681716713,0.5460117297025181,0.541234652214206,0.5142351181195609,0.5703803771985589,0.423799024520612,0.5663039232100006,0.51635321911565,https://a.espncdn.com/i/headshots/wnba/players/full/5017726.png
2026,5105406,Frieda Buhner,F,132052,Fire,8,0,99,37,12,22,3,11,10,10,4,5,9,2,1,0,6,10,2205,327,715,276,162,201,74,225,299,162,99,250,349,12.375,4.625,1.125,0.25,0.125,0,0.75,0.5,0.625,0.5454545454545454,0.2727272727272727,1,0.6136363636363636,0.7007575757575758,13.454545454545455,3.272727272727273,0.7272727272727273,0.36363636363636365,0,2.1818181818181817,1.4545454545454546,1.8181818181818181,32.4,0.14949377768403288,61.40816326530613,0.03256895978730475,32.4,0.1851851851851852,72.73469387755102,0.05499438832772166,72.73469387755102,0.06874298540965207,0.5,0.45454545454545453,26.4,22,61.40816326530613,99,32.4,72.73469387755102,72.73469387755102,11,10,22,22,0.17226150828048722,0.9621670962199312,0.8475722188076213,0.0563135005449744,0.033531327840582485,0.7360463524795838,0.4308934687426631,0.07135418934920129,0.28959700093720714,0.997196261682243,0.7784265519360787,0.7901044867854948,0.20098584361301935,0.5537210051546392,0.512138905961893,0.12475397702274563,0.8699373501251256,0.15032620101281993,0.07774783134386844,0.1844192974153495,0.3270852858481724,0.7401869158878505,0.3279041180086048,0.3288260602335587,0.5208236385479872,0.49686569301260025,0.5184921122720754,0.6507351915172096,0.5044925592386792,0.5921801785361254,0.599145201099469,0.5291608678754232,0.42575445173383314,0.4660934579439253,0.44784265519360783,0.5245564433517722,https://a.espncdn.com/i/headshots/wnba/players/full/5105406.png
2026,5105729,Chance Gray,G,6,Sparks,8,0,94,21,8,22,4,15,1,1,3,8,11,4,1,0,3,10,1802,275,585,219,165,209,69,194,263,142,84,212,296,11.75,2.625,1.375,0.5,0.125,0,0.375,0.375,1,0.36363636363636365,0.26666666666666666,1,0.45454545454545453,0.4679144385026738,8.042553191489361,4.212765957446808,1.5319148936170213,0.3829787234042553,0,1.148936170212766,1.148936170212766,3.0638297872340425,25.44,0.11909988589575983,63.72586015538292,0.06276886636362052,25.44,0.11792452830188678,73.29078801331853,0.04093283864617248,72.50832408435072,0.11033215980407164,0.6818181818181818,0.045454545454545456,22.44,22,63.72586015538292,94,25.44,73.29078801331853,72.50832408435072,15,1,22,22,0.020119249674873805,0.24247774971923422,0.35303867403314915,0.027136356147237584,0.037394685677252106,0.33902947076068507,0.8465613430747353,0.5149213652548674,0.23513986013986013,0.9975947083583885,0.921915285451197,0.013996316758747698,0.22213637643936943,0.5456268704192985,0.49281767955801103,0.20159915392003824,0.9192844120306856,0.1511285736328168,0.026978910525859517,0.1102015928408422,0.3339160839160839,0.82501503307276,0.42136279926335174,0.30626151012891345,0.5414786656878927,0.4817975854439699,0.49520620570344326,0.5353616282620299,0.5497659681716713,0.5460117297025181,0.541234652214206,0.5142351181195609,0.5703803771985589,0.423799024520612,0.5663039232100006,0.51635321911565,https://a.espncdn.com/i/headshots/wnba/players/full/5105729.png
2026,5105731,Grace VanSlooten,F,5,Fever,6,0,55,19,6,9,2,3,5,8,1,5,6,3,4,3,1,2,1825,279,618,246,177,210,68,225,293,132,56,211,267,9.166666666666666,3.1666666666666665,1,0.5,0.6666666666666666,0.5,0.16666666666666666,0.16666666666666666,0.8333333333333334,0.6666666666666666,0.6666666666666666,0.625,0.7777777777777778,0.7587859424920128,12.436363636363636,3.9272727272727272,1.9636363636363636,2.618181818181818,1.9636363636363636,0.6545454545454545,0.6545454545454545,3.272727272727273,13.52,0.10650953984287317,36.04109589041096,0.08323831242873432,13.52,0.07396449704142012,42.04109589041096,0.023786249592701206,42.342465753424655,0.1180847622128761,0.3333333333333333,0.8888888888888888,12.52,9,36.04109589041096,55,13.52,42.04109589041096,42.342465753424655,3,8,9,9,0.028842556685980198,0.9897873711340206,0.9904732636754764,0.3059414510326549,0.3706648783291818,0.07910944842374196,0.07401896860103353,0.12657762223453178,0.9990627928772259,0.19439252336448598,0.49170251997541486,1,0.20098584361301935,0.5537210051546392,0.512138905961893,0.12475397702274563,0.8699373501251256,0.15032620101281993,0.07774783134386844,0.1844192974153495,0.3270852858481724,0.7401869158878505,0.3279041180086048,0.3288260602335587,0.5208236385479872,0.49686569301260025,0.5184921122720754,0.6507351915172096,0.5044925592386792,0.5921801785361254,0.599145201099469,0.5291608678754232,0.42575445173383314,0.4660934579439253,0.44784265519360783,0.5245564433517722,https://a.espncdn.com/i/headshots/wnba/players/full/5105731.png
2026,5105732,Raegan Beers,F,18,Sun,9,0,120,39,16,30,1,2,6,12,13,24,37,9,5,0,8,26,2200,307,745,218,160,237,107,260,367,163,84,275,359,13.333333333333334,4.333333333333333,4.111111111111111,1,0.5555555555555556,0,0.8888888888888888,1.4444444444444444,2.6666666666666665,0.5333333333333333,0.5,0.5,0.55,0.5527210884353742,11.7,11.1,2.7,1.5,0,2.4,3.9,7.2,43.28,0.15676821959668605,67.72727272727272,0.13288590604026848,43.28,0.18484288354898337,104.18181818181817,0.12478184991273998,93.81818181818181,0.2558139534883721,0.06666666666666667,0.4,35.28,30,67.72727272727272,120,43.28,104.18181818181817,93.81818181818181,2,12,30,30,0.2013048040512797,0.4900665807560137,0.6284572833435771,0.696661210807557,0.26326882544548763,0.7286555043569506,0.8051356050575814,0.8649418092409599,0.9681349578256795,0.06822429906542056,0.17639827904118008,0.6920712968653965,0.20098584361301935,0.5537210051546392,0.512138905961893,0.12475397702274563,0.8699373501251256,0.15032620101281993,0.07774783134386844,0.1844192974153495,0.3270852858481724,0.7401869158878505,0.3279041180086048,0.3288260602335587,0.5208236385479872,0.49686569301260025,0.5184921122720754,0.6507351915172096,0.5044925592386792,0.5921801785361254,0.599145201099469,0.5291608678754232,0.42575445173383314,0.4660934579439253,0.44784265519360783,0.5245564433517722,https://a.espncdn.com/i/headshots/wnba/players/full/5105732.png
2026,5105737,Lauren Betts,C,16,Mystics,8,0,108,44,17,37,0,0,10,13,8,15,23,2,1,3,3,12,1647,235,518,158,161,217,81,216,297,125,68,176,244,13.5,5.5,2.875,0.25,0.125,0.375,0.375,1,1.875,0.4594594594594595,NA,0.7692307692307693,0.4594594594594595,0.5149812734082397,14.666666666666666,7.666666666666667,0.6666666666666666,0.3333333333333333,1,1,2.6666666666666665,5,45.72,0.18882840428989273,60.049180327868854,0.03330603330603331,45.72,0.06561679790026247,84.26229508196722,0.09494163424124512,93.11475409836066,0.16109154929577463,0,0.35135135135135137,42.72,37,60.049180327868854,108,45.72,84.26229508196722,93.11475409836066,0,13,37,37,0.32152720949263497,0.24495608829812485,0.21125541125541125,0.04784151858393119,0.09426825720104742,0.0705298690671031,0.7375085463454406,0.2774352723581879,NA,0.5649202733485194,0.17835497835497835,0.34285714285714286,0.22272243313641205,0.5655856871587942,0.5207792207792208,0.12336122254069086,0.6729113950091548,0.13809328968903437,0.07540553458344665,0.21911445418178252,0.3493975903614458,0.7334851936218679,0.21558441558441557,0.3800865800865801,0.6070636094674556,0.4441997297741423,0.532967032967033,0.5465561525233654,0.503424274300038,0.503690356288556,0.5337923887319408,0.4851744951134827,0.30491195551436523,0.3538636761871386,0.5770895770895771,0.6203796203796204,https://a.espncdn.com/i/headshots/wnba/players/full/5105737.png
2026,5105740,Indya Nivar,G,20,Dream,8,0,29,10,4,10,1,2,1,8,3,10,13,5,3,2,1,4,1799,262,613,245,147,196,98,231,329,128,59,210,269,3.625,1.25,1.625,0.625,0.375,0.25,0.125,0.375,1.25,0.4,0.5,0.125,0.45,0.3698224852071006,12.413793103448276,16.137931034482758,6.206896551724138,3.7241379310344827,2.4827586206896552,1.2413793103448276,3.7241379310344827,12.413793103448276,14.52,0.21777010049203918,17.117287381878818,0.2921023576021304,14.52,0.06887052341597796,24.824902723735406,0.12084639498432603,23.37409672040022,0.4278240190249703,0.2,0.8,13.52,10,17.117287381878818,29,14.52,24.824902723735406,23.37409672040022,2,8,10,10,0.5177992814160072,0.014502444122744948,0.3261510128913444,0.7847121644152049,0.1101749837977965,0.028908678114047657,0.998766325548317,0.9990935836036594,0.9755244755244755,0.006013229104028864,0.022467771639042358,0.9974217311233886,0.22213637643936943,0.5456268704192985,0.49281767955801103,0.20159915392003824,0.9192844120306856,0.1511285736328168,0.026978910525859517,0.1102015928408422,0.3339160839160839,0.82501503307276,0.42136279926335174,0.30626151012891345,0.5414786656878927,0.4817975854439699,0.49520620570344326,0.5353616282620299,0.5497659681716713,0.5460117297025181,0.541234652214206,0.5142351181195609,0.5703803771985589,0.423799024520612,0.5663039232100006,0.51635321911565,https://a.espncdn.com/i/headshots/wnba/players/full/5105740.png
2026,5106170,Ndjakalenga Mwenentanda,G,129689,Valkyries,5,0,13,0,0,1,0,1,0,0,1,1,2,2,0,0,1,1,2000,292,717,319,157,204,98,237,335,97,88,269,357,2.6,0,0.4,0.4,0,0,0.2,0.2,0.2,0,0,NA,0,0,0,5.538461538461538,5.538461538461538,0,0,2.769230769230769,2.769230769230769,2.769230769230769,2,0.06809159681603694,9.49,0.2107481559536354,2,0.5,11.9275,0.08383986585621463,10.5625,0.09467455621301775,1,0,1,1,9.49,13,2,11.9275,10.5625,1,0,1,1,4.13296008111623e-4,8.11461734710438e-4,9.208103130755065e-4,0.5523891229497774,0.00829552819183409,0.9968644609517932,0.9718182810219931,0.4076861931974356,0.012237762237762238,NA,1,0.005156537753222836,0.22213637643936943,0.5456268704192985,0.49281767955801103,0.20159915392003824,0.9192844120306856,0.1511285736328168,0.026978910525859517,0.1102015928408422,0.3339160839160839,0.82501503307276,0.42136279926335174,0.30626151012891345,0.5414786656878927,0.4817975854439699,0.49520620570344326,0.5353616282620299,0.5497659681716713,0.5460117297025181,0.541234652214206,0.5142351181195609,0.5703803771985589,0.423799024520612,0.5663039232100006,0.51635321911565,https://a.espncdn.com/i/headshots/wnba/players/full/5106170.png
2026,5106222,Taina Mair,G,14,Storm,1,0,3,0,0,1,0,0,0,0,0,0,0,1,0,0,0,0,2203,283,703,265,182,229,71,275,346,157,111,299,410,3,0,0,1,0,0,0,0,0,0,NA,NA,0,0,0,0,12,0,0,0,0,0,1,0.15286509291255537,1.9269178393100317,0.5189634864546525,1,0,2.519291874716296,0,2.628234226055379,0,0,0,1,1,1.9269178393100317,3,1,2.519291874716296,2.628234226055379,0,0,1,1,0.0671523353979765,9.737540816525255e-4,0.0011049723756906078,0.9938203404643761,0.008489954633830201,5.510613441488307e-4,0.052079835438632996,0.0013825346787077204,NA,NA,5.524861878453039e-4,0.005340699815837937,0.22213637643936943,0.5456268704192985,0.49281767955801103,0.20159915392003824,0.9192844120306856,0.1511285736328168,0.026978910525859517,0.1102015928408422,0.3339160839160839,0.82501503307276,0.42136279926335174,0.30626151012891345,0.5414786656878927,0.4817975854439699,0.49520620570344326,0.5353616282620299,0.5497659681716713,0.5460117297025181,0.541234652214206,0.5142351181195609,0.5703803771985589,0.423799024520612,0.5663039232100006,0.51635321911565,https://a.espncdn.com/i/headshots/wnba/players/full/5106222.png
2026,5106232,Ashlon Jackson,G,18,Sun,4,0,55,10,4,9,2,7,0,2,0,5,5,5,6,0,3,2,2200,307,745,218,160,237,107,260,367,163,84,275,359,13.75,2.5,1.25,1.25,1.5,0,0.75,0,1.25,0.4444444444444444,0.2857142857142857,0,0.5555555555555556,0.5060728744939271,6.545454545454546,3.272727272727273,3.272727272727273,3.9272727272727272,0,1.9636363636363636,0,3.272727272727273,12.88,0.10179001857193663,34.375,0.14545454545454545,12.88,0.2329192546583851,47.75,0,43,0.11627906976744186,0.7777777777777778,0.2222222222222222,9.88,9,34.375,55,12.88,47.75,43,7,2,9,9,0.0021877135362708576,0.3081022831287368,0.7832412523020258,0.35070118419364377,0.895398574206092,0.9348700597350497,0.055803081038661294,0.553173962766432,0.2757867132867133,0.0012026458208057728,0.9771639042357274,0.27476979742173113,0.22213637643936943,0.5456268704192985,0.49281767955801103,0.20159915392003824,0.9192844120306856,0.1511285736328168,0.026978910525859517,0.1102015928408422,0.3339160839160839,0.82501503307276,0.42136279926335174,0.30626151012891345,0.5414786656878927,0.4817975854439699,0.49520620570344326,0.5353616282620299,0.5497659681716713,0.5460117297025181,0.541234652214206,0.5142351181195609,0.5703803771985589,0.423799024520612,0.5663039232100006,0.51635321911565,https://a.espncdn.com/i/headshots/wnba/players/full/5106232.png
2026,5107404,Quionche Carter,G,11,Mercury,3,0,28,8,2,6,0,2,4,5,0,2,2,3,1,0,0,1,2198,296,718,267,228,282,89,267,356,139,79,301,380,9.333333333333334,2.6666666666666665,0.6666666666666666,1,0.3333333333333333,0,0,0,0.6666666666666666,0.3333333333333333,0,0.8,0.3333333333333333,0.48780487804878053,10.285714285714286,2.5714285714285716,3.857142857142857,1.2857142857142858,0,0,0,2.5714285714285716,8.2,0.13122273412973456,16.853503184713375,0.17800453514739228,8.2,0,24.840764331210192,0,22.038216560509554,0.0907514450867052,0.3333333333333333,0.8333333333333334,8.2,6,16.853503184713375,28,8.2,24.840764331210192,22.038216560509554,2,5,6,6,0.03232525844777041,0.29334666294476214,0.03756906077348066,0.5138048547346213,0.09624108878807518,0.0016807370996539334,0.05774000808572974,0.3613989222622663,0.013111888111888112,0.29224293445580274,0.3023941068139963,0.9985267034990792,0.22213637643936943,0.5456268704192985,0.49281767955801103,0.20159915392003824,0.9192844120306856,0.1511285736328168,0.026978910525859517,0.1102015928408422,0.3339160839160839,0.82501503307276,0.42136279926335174,0.30626151012891345,0.5414786656878927,0.4817975854439699,0.49520620570344326,0.5353616282620299,0.5497659681716713,0.5460117297025181,0.541234652214206,0.5142351181195609,0.5703803771985589,0.423799024520612,0.5663039232100006,0.51635321911565,https://a.espncdn.com/i/headshots/wnba/players/full/5107404.png
2026,5108051,Jordan Harrison,G,132052,Fire,1,0,11,4,2,6,0,0,0,0,0,0,0,4,0,0,2,2,2205,327,715,276,162,201,74,225,299,162,99,250,349,11,4,0,4,0,0,2,0,0,0.3333333333333333,NA,NA,0.3333333333333333,0.3333333333333333,13.090909090909092,0,13.090909090909092,0,0,6.545454545454546,0,0,8,0.3322083948534065,6.156462585034014,0.6497237569060773,8,0.25,8.081632653061225,0,8.081632653061225,0,0,0,6,6,6.156462585034014,11,8,8.081632653061225,8.081632653061225,0,0,6,6,0.9875570348491193,0.007082438020552703,0.03867403314917127,1,0.009202851587815943,0.9522835982101526,0.05837016312691415,0.0020114956893870343,NA,NA,0.0016574585635359116,0.006445672191528545,0.22213637643936943,0.5456268704192985,0.49281767955801103,0.20159915392003824,0.9192844120306856,0.1511285736328168,0.026978910525859517,0.1102015928408422,0.3339160839160839,0.82501503307276,0.42136279926335174,0.30626151012891345,0.5414786656878927,0.4817975854439699,0.49520620570344326,0.5353616282620299,0.5497659681716713,0.5460117297025181,0.541234652214206,0.5142351181195609,0.5703803771985589,0.423799024520612,0.5663039232100006,0.51635321911565,https://a.espncdn.com/i/headshots/wnba/players/full/5108051.png
2026,5108550,Serah Williams,C,132052,Fire,9,0,106,30,10,25,1,2,9,19,7,18,25,4,5,4,3,15,2205,327,715,276,162,201,74,225,299,162,99,250,349,11.777777777777779,3.3333333333333335,2.7777777777777777,0.4444444444444444,0.5555555555555556,0.4444444444444444,0.3333333333333333,0.7777777777777778,2,0.4,0.5,0.47368421052631576,0.42,0.44964028776978415,10.18867924528302,8.49056603773585,1.3584905660377358,1.6981132075471699,1.3584905660377358,1.0188679245283019,2.3773584905660377,6.113207547169812,36.36,0.15668640283675525,68.59863945578232,0.05831019436731455,36.36,0.08250825082508251,77.87755102040816,0.08988469601677149,77.87755102040816,0.23113207547169812,0.08,0.76,33.36,25,68.59863945578232,106,36.36,77.87755102040816,77.87755102040816,2,19,25,25,0.09321297054009821,0.13938998338476144,0.09437229437229437,0.15656668088791167,0.4835612452720396,0.17844721767594107,0.5843226601934777,0.5655750812242177,0.927710843373494,0.10250569476082004,0.31861471861471863,0.9688311688311688,0.22272243313641205,0.5655856871587942,0.5207792207792208,0.12336122254069086,0.6729113950091548,0.13809328968903437,0.07540553458344665,0.21911445418178252,0.3493975903614458,0.7334851936218679,0.21558441558441557,0.3800865800865801,0.6070636094674556,0.4441997297741423,0.532967032967033,0.5465561525233654,0.503424274300038,0.503690356288556,0.5337923887319408,0.4851744951134827,0.30491195551436523,0.3538636761871386,0.5770895770895771,0.6203796203796204,https://a.espncdn.com/i/headshots/wnba/players/full/5108550.png
2026,5108587,Madina Okot,C,20,Dream,9,0,80,40,17,30,0,3,6,10,8,25,33,2,2,3,13,16,1799,262,613,245,147,196,98,231,329,128,59,210,269,8.88888888888889,4.444444444444445,3.6666666666666665,0.2222222222222222,0.2222222222222222,0.3333333333333333,1.4444444444444444,0.8888888888888888,2.7777777777777777,0.5666666666666667,0,0.6,0.5666666666666667,0.5813953488372093,18,14.85,0.9,0.9,1.35,5.85,3.6,11.25,47.4,0.2577021178859823,41.254585881045024,0.048479458884083164,47.4,0.2742616033755274,68.48249027237354,0.11681818181818182,64.48026681489716,0.3877155172413793,0.1,0.3333333333333333,34.4,30,41.254585881045024,80,47.4,68.48249027237354,64.48026681489716,3,10,30,30,0.6676554828150572,0.5359601234274862,0.7567099567099567,0.09134617679751093,0.13092813500145475,0.9771378887070377,0.8922943524298889,1,0.024096385542168676,0.1776765375854214,0.3445887445887446,0.31082251082251083,0.22272243313641205,0.5655856871587942,0.5207792207792208,0.12336122254069086,0.6729113950091548,0.13809328968903437,0.07540553458344665,0.21911445418178252,0.3493975903614458,0.7334851936218679,0.21558441558441557,0.3800865800865801,0.6070636094674556,0.4441997297741423,0.532967032967033,0.5465561525233654,0.503424274300038,0.503690356288556,0.5337923887319408,0.4851744951134827,0.30491195551436523,0.3538636761871386,0.5770895770895771,0.6203796203796204,https://a.espncdn.com/i/headshots/wnba/players/full/5108587.png
2026,5122345,Cassandre Prosper,G,16,Mystics,8,2,155,34,15,44,3,15,1,3,8,6,14,7,4,1,10,29,1647,235,518,158,161,217,81,216,297,125,68,176,244,19.375,4.25,1.75,0.875,0.5,0.125,1.25,1,0.75,0.3409090909090909,0.2,0.3333333333333333,0.375,0.37511032656663723,7.896774193548387,3.2516129032258063,1.6258064516129032,0.9290322580645162,0.23225806451612904,2.3225806451612905,1.8580645161290323,1.3935483870967742,55.32,0.15919716523215952,95.57984213721919,0.07323719984754161,55.32,0.18076644974692696,120.93199757134184,0.06615288063260952,133.63691560412872,0.04489777373920945,0.3409090909090909,0.06818181818181818,45.32,44,95.57984213721919,155,55.32,120.93199757134184,133.63691560412872,15,3,44,44,0.10038684506359248,0.03915140577630921,0.1292817679558011,0.07598981236653568,0.2510693454309786,0.7499008089580531,0.9638530500690363,0.0541425208020841,0.05812937062937063,0.007817197835237523,0.33278084714548806,0.08600368324125231,0.22213637643936943,0.5456268704192985,0.49281767955801103,0.20159915392003824,0.9192844120306856,0.1511285736328168,0.026978910525859517,0.1102015928408422,0.3339160839160839,0.82501503307276,0.42136279926335174,0.30626151012891345,0.5414786656878927,0.4817975854439699,0.49520620570344326,0.5353616282620299,0.5497659681716713,0.5460117297025181,0.541234652214206,0.5142351181195609,0.5703803771985589,0.423799024520612,0.5663039232100006,0.51635321911565,https://a.espncdn.com/i/headshots/wnba/players/full/5122345.png
2026,5208981,Leila Lacan,G,18,Sun,2,2,49,23,9,27,2,12,3,8,2,2,4,8,2,0,5,7,2200,307,745,218,160,237,107,260,367,163,84,275,359,24.5,11.5,2,4,1,0,2.5,1,1,0.3333333333333333,0.16666666666666666,0.375,0.37037037037037035,0.37680209698558326,16.897959183673468,2.938775510204082,5.877551020408164,1.469387755102041,0,3.673469387755102,1.469387755102041,1.469387755102041,35.519999999999996,0.31508584782947036,25.188636363636363,0.31760353694847965,35.519999999999996,0.14076576576576577,42.54090909090909,0.04701356982583609,38.309090909090905,0.05220692928334125,0.4444444444444444,0.2962962962962963,30.52,27,25.188636363636363,49,35.519999999999996,42.54090909090909,38.309090909090905,12,8,27,27,0.961822470077369,0.04410456820498172,0.08747697974217311,0.8974887870344128,0.6593648736228127,0.45837833667643885,0.8900244895240296,0.08656723072167702,0.044580419580419584,0.014431749849669273,0.6279926335174953,0.47016574585635357,0.22213637643936943,0.5456268704192985,0.49281767955801103,0.20159915392003824,0.9192844120306856,0.1511285736328168,0.026978910525859517,0.1102015928408422,0.3339160839160839,0.82501503307276,0.42136279926335174,0.30626151012891345,0.5414786656878927,0.4817975854439699,0.49520620570344326,0.5353616282620299,0.5497659681716713,0.5460117297025181,0.541234652214206,0.5142351181195609,0.5703803771985589,0.423799024520612,0.5663039232100006,0.51635321911565,https://a.espncdn.com/i/headshots/wnba/players/full/5208981.png
2026,5208982,Carla Leite,G,132052,Fire,9,8,211,137,40,85,5,14,52,54,3,11,14,47,4,0,31,19,2205,327,715,276,162,201,74,225,299,162,99,250,349,23.444444444444443,15.222222222222221,1.5555555555555556,5.222222222222222,0.4444444444444444,0,3.4444444444444446,0.3333333333333333,1.2222222222222223,0.47058823529411764,0.35714285714285715,0.9629629629629629,0.5,0.6298271423317395,23.37440758293839,2.3886255924170614,8.018957345971565,0.6824644549763034,0,5.289099526066351,0.5118483412322274,1.8767772511848342,139.76,0.3025615508956356,116.45578231292518,0.403586658099188,139.76,0.22180881511161993,155.0204081632653,0.019352290679304898,155.0204081632653,0.0709583991574513,0.16470588235294117,0.6352941176470588,108.76,85,116.45578231292518,211,139.76,155.0204081632653,155.0204081632653,14,54,85,85,0.913251923204091,0.835623819323176,0.5624309392265193,0.9703273952643908,0.18360337005832794,0.9189774505697974,0.42485884401134394,0.18078955521833082,0.6341783216783217,0.9530968129885748,0.017495395948434623,0.978084714548803,0.22213637643936943,0.5456268704192985,0.49281767955801103,0.20159915392003824,0.9192844120306856,0.1511285736328168,0.026978910525859517,0.1102015928408422,0.3339160839160839,0.82501503307276,0.42136279926335174,0.30626151012891345,0.5414786656878927,0.4817975854439699,0.49520620570344326,0.5353616282620299,0.5497659681716713,0.5460117297025181,0.541234652214206,0.5142351181195609,0.5703803771985589,0.423799024520612,0.5663039232100006,0.51635321911565,https://a.espncdn.com/i/headshots/wnba/players/full/5208982.png
2026,5208983,Isobel Borlase,G,20,Dream,9,0,64,20,9,19,2,7,0,0,2,6,8,6,0,1,1,2,1799,262,613,245,147,196,98,231,329,128,59,210,269,7.111111111111111,2.2222222222222223,0.8888888888888888,0.6666666666666666,0,0.1111111111111111,0.1111111111111111,0.2222222222222222,0.6666666666666666,0.47368421052631576,0.2857142857142857,NA,0.5263157894736842,0.5263157894736842,11.25,4.5,3.375,0,0.5625,0.5625,1.125,3.375,20,0.135918838547459,37.603668704836025,0.15955889961418496,20,0.05,54.78599221789884,0.03650568181818181,51.584213451917734,0.1163146551724138,0.3684210526315789,0,19,19,37.603668704836025,64,20,54.78599221789884,51.584213451917734,7,0,19,19,0.04258602067582163,0.34535162259888474,0.6169429097605893,0.4708413864367529,0.013350615683732988,0.008761875371966408,0.7382076650266475,0.5571885549188638,0.27884615384615385,NA,0.427255985267035,0.009944751381215469,0.22213637643936943,0.5456268704192985,0.49281767955801103,0.20159915392003824,0.9192844120306856,0.1511285736328168,0.026978910525859517,0.1102015928408422,0.3339160839160839,0.82501503307276,0.42136279926335174,0.30626151012891345,0.5414786656878927,0.4817975854439699,0.49520620570344326,0.5353616282620299,0.5497659681716713,0.5460117297025181,0.541234652214206,0.5142351181195609,0.5703803771985589,0.423799024520612,0.5663039232100006,0.51635321911565,https://a.espncdn.com/i/headshots/wnba/players/full/5208983.png
2026,5209202,Nyadiew Puoch,F,132052,Fire,11,11,219,44,18,53,4,22,4,8,12,10,22,9,9,1,11,26,2205,327,715,276,162,201,74,225,299,162,99,250,349,19.90909090909091,4,2,0.8181818181818182,0.8181818181818182,0.09090909090909091,1,1.0909090909090908,0.9090909090909091,0.33962264150943394,0.18181818181818182,0.5,0.37735849056603776,0.389242745930644,7.232876712328767,3.6164383561643834,1.4794520547945205,1.4794520547945205,0.1643835616438356,1.8082191780821917,1.9726027397260273,1.643835616438356,67.52000000000001,0.140832088484887,144.3877551020408,0.0623321554770318,67.52000000000001,0.16291469194312794,160.89795918367346,0.0745814307458143,160.89795918367346,0.06215119228817859,0.41509433962264153,0.1509433962264151,56.52,53,144.3877551020408,219,67.52000000000001,160.89795918367346,160.89795918367346,22,8,53,53,0.15765317760846753,0.05416666666666667,0.12753534111862325,0.14322472491617413,0.49779651274190456,0.6660705324148,0.5861552605127204,0.0594582622544024,0.16494845360824742,0.07570093457943926,0.6287645974185617,0.17854947756607253,0.20098584361301935,0.5537210051546392,0.512138905961893,0.12475397702274563,0.8699373501251256,0.15032620101281993,0.07774783134386844,0.1844192974153495,0.3270852858481724,0.7401869158878505,0.3279041180086048,0.3288260602335587,0.5208236385479872,0.49686569301260025,0.5184921122720754,0.6507351915172096,0.5044925592386792,0.5921801785361254,0.599145201099469,0.5291608678754232,0.42575445173383314,0.4660934579439253,0.44784265519360783,0.5245564433517722,https://a.espncdn.com/i/headshots/wnba/players/full/5209202.png
2026,5220150,Dominique Malonga,C,14,Storm,3,3,81,48,19,40,2,5,8,15,5,17,22,1,3,6,6,8,2203,283,703,265,182,229,71,275,346,157,111,299,410,27,16,7.333333333333333,0.3333333333333333,1,2,2,1.6666666666666667,5.666666666666667,0.475,0.4,0.5333333333333333,0.5,0.5150214592274678,21.333333333333332,9.777777777777779,0.4444444444444444,1.3333333333333333,2.6666666666666665,2.6666666666666665,2.2222222222222223,7.555555555555555,52.6,0.2978038476740893,33.026781661370855,0.03027845735176888,52.6,0.11406844106463879,68.02088061733998,0.07350684017350685,70.96232410349523,0.23956374336339795,0.125,0.375,46.6,40,33.026781661370855,81,52.6,68.02088061733998,70.96232410349523,5,15,40,40,0.8654101882160391,0.2795217184903869,0.44761904761904764,0.016975934009713242,0.8827465813209194,0.30996828968903434,0.5151440842812184,0.5901388583386066,0.7710843373493976,0.1548974943052392,0.5177489177489177,0.6051948051948052,0.22272243313641205,0.5655856871587942,0.5207792207792208,0.12336122254069086,0.6729113950091548,0.13809328968903437,0.07540553458344665,0.21911445418178252,0.3493975903614458,0.7334851936218679,0.21558441558441557,0.3800865800865801,0.6070636094674556,0.4441997297741423,0.532967032967033,0.5465561525233654,0.503424274300038,0.503690356288556,0.5337923887319408,0.4851744951134827,0.30491195551436523,0.3538636761871386,0.5770895770895771,0.6203796203796204,https://a.espncdn.com/i/headshots/wnba/players/full/5220150.png
2026,5274110,Monique Akoa Makani,G,11,Mercury,4,4,100,44,11,27,6,15,16,19,1,10,11,14,7,0,9,13,2198,296,718,267,228,282,89,267,356,139,79,301,380,25,11,2.75,3.5,1.75,0,2.25,0.25,2.5,0.4074074074074074,0.4,0.8421052631578947,0.5185185185185185,0.6221719457013575,15.84,3.96,5.04,2.52,0,3.24,0.36,3.6,44.36,0.19876723610714722,56.33393994540491,0.24851803395196334,44.36,0.20288548241659152,88.71701546860783,0.011271794871794872,78.70791628753412,0.12705202312138728,0.5555555555555556,0.7037037037037037,35.36,27,56.33393994540491,100,44.36,88.71701546860783,78.70791628753412,15,19,27,27,0.4438137853505852,0.7816648598118706,0.6134438305709023,0.6612152784271864,0.9226830848995463,0.8412833116582538,0.2687289094564708,0.6657481389619934,0.7749125874125874,0.5784726398075767,0.8031307550644567,0.9955801104972376,0.22213637643936943,0.5456268704192985,0.49281767955801103,0.20159915392003824,0.9192844120306856,0.1511285736328168,0.026978910525859517,0.1102015928408422,0.3339160839160839,0.82501503307276,0.42136279926335174,0.30626151012891345,0.5414786656878927,0.4817975854439699,0.49520620570344326,0.5353616282620299,0.5497659681716713,0.5460117297025181,0.541234652214206,0.5142351181195609,0.5703803771985589,0.423799024520612,0.5663039232100006,0.51635321911565,https://a.espncdn.com/i/headshots/wnba/players/full/5274110.png
2026,5277552,Juste Jocyte,G,129689,Valkyries,5,0,46,21,7,20,5,11,2,2,0,3,3,6,0,1,5,4,2000,292,717,319,157,204,98,237,335,97,88,269,357,9.2,4.2,0.6,1.2,0,0.2,1,0,0.6,0.35,0.45454545454545453,1,0.475,0.5028735632183908,16.434782608695652,2.347826086956522,4.695652173913044,0,0.782608695652174,3.9130434782608696,0,2.347826086956522,25.88,0.24900800905203768,26.58,0.22573363431151244,25.88,0.19319938176197837,42.205,0,37.375,0.0802675585284281,0.55,0.1,20.88,20,26.58,46,25.88,42.205,37.375,11,2,20,20,0.6648334692617982,0.3064988347409489,0.4208103130755064,0.5958347220013186,0.016331821127673365,0.7914783873740825,0.0616610443949601,0.22814453920229052,0.9042832167832168,0.9987973541791942,0.7965009208103131,0.12173112338858195,0.22213637643936943,0.5456268704192985,0.49281767955801103,0.20159915392003824,0.9192844120306856,0.1511285736328168,0.026978910525859517,0.1102015928408422,0.3339160839160839,0.82501503307276,0.42136279926335174,0.30626151012891345,0.5414786656878927,0.4817975854439699,0.49520620570344326,0.5353616282620299,0.5497659681716713,0.5460117297025181,0.541234652214206,0.5142351181195609,0.5703803771985589,0.423799024520612,0.5663039232100006,0.51635321911565,https://a.espncdn.com/i/headshots/wnba/players/full/5277552.png
2026,5278157,Alex Wilson,G,16,Mystics,4,0,58,12,4,15,2,11,2,3,5,2,7,3,0,1,2,7,1647,235,518,158,161,217,81,216,297,125,68,176,244,14.5,3,1.75,0.75,0,0.25,0.5,1.25,0.5,0.26666666666666666,0.18181818181818182,0.6666666666666666,0.3333333333333333,0.3676470588235294,7.448275862068965,4.344827586206897,1.8620689655172413,0,0.6206896551724138,1.2413793103448276,3.103448275862069,1.2413793103448276,18.32,0.14089070187038424,37.378263509411056,0.08026055033949513,18.32,0.1091703056768559,45.251973284760176,0.11049241916006976,50.006071645415915,0.0399951432734337,0.7333333333333333,0.2,16.32,15,37.378263509411056,58,18.32,45.251973284760176,50.006071645415915,11,3,15,15,0.04510988163202327,0.012308251592087923,0.04143646408839779,0.10746620591593473,0.020090732339598186,0.27637379593096306,0.9968306352899448,0.04374209639395402,0.04938811188811189,0.05351773902585689,0.948987108655617,0.2434622467771639,0.22213637643936943,0.5456268704192985,0.49281767955801103,0.20159915392003824,0.9192844120306856,0.1511285736328168,0.026978910525859517,0.1102015928408422,0.3339160839160839,0.82501503307276,0.42136279926335174,0.30626151012891345,0.5414786656878927,0.4817975854439699,0.49520620570344326,0.5353616282620299,0.5497659681716713,0.5460117297025181,0.541234652214206,0.5142351181195609,0.5703803771985589,0.423799024520612,0.5663039232100006,0.51635321911565,https://a.espncdn.com/i/headshots/wnba/players/full/5278157.png
2026,5278237,Anastasiia Olairi Kosu,F,8,Lynx,9,0,83,39,15,26,0,0,9,10,10,9,19,4,5,5,3,12,2004,345,688,202,138,178,91,288,379,145,101,217,318,9.222222222222221,4.333333333333333,2.111111111111111,0.4444444444444444,0.5555555555555556,0.5555555555555556,0.3333333333333333,1.1111111111111112,1,0.5769230769230769,NA,0.9,0.5769230769230769,0.6414473684210527,16.91566265060241,8.240963855421686,1.7349397590361446,2.1686746987951806,2.1686746987951806,1.3012048192771084,4.337349397590361,3.9036144578313254,33.4,0.17698040549151792,56.44461077844312,0.07086593290014587,33.4,0.08982035928143713,63.78243512974052,0.15678297606008448,80.5563872255489,0.11172298448291883,0,0.38461538461538464,30.4,26,56.44461077844312,83,33.4,63.78243512974052,80.5563872255489,0,10,26,26,0.3566768556959716,0.8713917525773196,0.7830362630608482,0.23415513782362696,0.2712205403333972,0.11765135270769651,0.9333968548242567,0.12164161225660505,NA,0.8271028037383178,0.054701905347264906,0.6567301782421635,0.20098584361301935,0.5537210051546392,0.512138905961893,0.12475397702274563,0.8699373501251256,0.15032620101281993,0.07774783134386844,0.1844192974153495,0.3270852858481724,0.7401869158878505,0.3279041180086048,0.3288260602335587,0.5208236385479872,0.49686569301260025,0.5184921122720754,0.6507351915172096,0.5044925592386792,0.5921801785361254,0.599145201099469,0.5291608678754232,0.42575445173383314,0.4660934579439253,0.44784265519360783,0.5245564433517722,https://a.espncdn.com/i/headshots/wnba/players/full/5278237.png
2026,5345319,Nell Angloma,F,18,Sun,8,0,99,39,14,28,1,3,10,16,4,8,12,2,6,2,6,18,2200,307,745,218,160,237,107,260,367,163,84,275,359,12.375,4.875,1.5,0.25,0.75,0.25,0.75,0.5,1,0.5,0.3333333333333333,0.625,0.5178571428571429,0.5565068493150686,14.181818181818182,4.363636363636363,0.7272727272727273,2.1818181818181817,0.7272727272727273,2.1818181818181817,1.4545454545454546,2.909090909090909,41.04,0.18018729995653374,55.075,0.036314117113027684,41.04,0.14619883040935672,85.95,0.04653868528214078,77.4,0.10335917312661498,0.10714285714285714,0.5714285714285714,35.04,28,55.075,99,41.04,85.95,77.4,3,16,28,28,0.3892422099548337,0.5134772336769758,0.5307314074984635,0.0650885009083559,0.3961486874880245,0.5388384506592453,0.3145514997040594,0.11225087121080572,0.45454545454545453,0.20934579439252338,0.20374923171481255,0.8859864781807006,0.20098584361301935,0.5537210051546392,0.512138905961893,0.12475397702274563,0.8699373501251256,0.15032620101281993,0.07774783134386844,0.1844192974153495,0.3270852858481724,0.7401869158878505,0.3279041180086048,0.3288260602335587,0.5208236385479872,0.49686569301260025,0.5184921122720754,0.6507351915172096,0.5044925592386792,0.5921801785361254,0.599145201099469,0.5291608678754232,0.42575445173383314,0.4660934579439253,0.44784265519360783,0.5245564433517722,https://a.espncdn.com/i/headshots/wnba/players/full/5345319.png
2026,5345320,Pauline Astier,G,9,Liberty,10,9,264,118,45,76,10,20,18,25,7,26,33,37,7,3,16,35,2024,297,649,285,177,204,71,273,344,140,87,229,316,26.4,11.8,3.3,3.7,0.7,0.3,1.6,0.7,2.6,0.5921052631578947,0.5,0.72,0.6578947368421053,0.6781609195402298,16.09090909090909,4.5,5.045454545454546,0.9545454545454546,0.4090909090909091,2.1818181818181817,0.9545454545454546,3.5454545454545454,103,0.1797229429347414,148.69565217391303,0.24883040935672515,103,0.1553398058252427,195.65217391304347,0.035777777777777776,234.7826086956522,0.11074074074074074,0.2631578947368421,0.32894736842105265,87,76,148.69565217391303,264,103,195.65217391304347,234.7826086956522,20,25,76,76,0.2601505499592215,0.9631206870808801,0.951012891344383,0.6774541287358804,0.3918340894361633,0.5966175854696145,0.7123280722302792,0.5331935527192665,0.9842657342657343,0.105832832230908,0.16040515653775322,0.5998158379373849,0.22213637643936943,0.5456268704192985,0.49281767955801103,0.20159915392003824,0.9192844120306856,0.1511285736328168,0.026978910525859517,0.1102015928408422,0.3339160839160839,0.82501503307276,0.42136279926335174,0.30626151012891345,0.5414786656878927,0.4817975854439699,0.49520620570344326,0.5353616282620299,0.5497659681716713,0.5460117297025181,0.541234652214206,0.5142351181195609,0.5703803771985589,0.423799024520612,0.5663039232100006,0.51635321911565,https://a.espncdn.com/i/headshots/wnba/players/full/5345320.png
2026,5345322,Emma Cechova,F,8,Lynx,3,0,52,25,10,16,0,1,5,8,4,7,11,0,1,2,4,12,2004,345,688,202,138,178,91,288,379,145,101,217,318,17.333333333333332,8.333333333333334,3.6666666666666665,0,0.3333333333333333,0.6666666666666666,1.3333333333333333,1.3333333333333333,2.3333333333333335,0.625,0,0.625,0.625,0.6403688524590164,17.307692307692307,7.615384615384615,0,0.6923076923076923,1.3846153846153846,2.769230769230769,2.769230769230769,4.846153846153846,23.52,0.19892564969157167,34.76047904191616,0,23.52,0.17006802721088435,39.96007984031936,0.10009990009990011,50.4690618762475,0.13869883330037572,0.0625,0.5,19.52,16,34.76047904191616,52,23.52,39.96007984031936,50.4690618762475,1,8,16,16,0.4851954924950956,0.8632302405498282,0.9200983405039951,0.022403973354944828,0.1324008430733857,0.6890095351065285,0.6813561787564387,0.23083106057864494,0.019681349578256794,0.21682242990654205,0.16717885679164105,0.8202212661339889,0.20098584361301935,0.5537210051546392,0.512138905961893,0.12475397702274563,0.8699373501251256,0.15032620101281993,0.07774783134386844,0.1844192974153495,0.3270852858481724,0.7401869158878505,0.3279041180086048,0.3288260602335587,0.5208236385479872,0.49686569301260025,0.5184921122720754,0.6507351915172096,0.5044925592386792,0.5921801785361254,0.599145201099469,0.5291608678754232,0.42575445173383314,0.4660934579439253,0.44784265519360783,0.5245564433517722,https://a.espncdn.com/i/headshots/wnba/players/full/5345322.png
2026,5345325,Awa Fam,C,14,Storm,5,1,125,49,22,49,0,9,5,7,9,16,25,3,6,3,9,16,2203,283,703,265,182,229,71,275,346,157,111,299,410,25,9.8,5,0.6,1.2,0.6,1.8,1.8,3.2,0.4489795918367347,0,0.7142857142857143,0.4489795918367347,0.47043010752688175,14.112,7.2,0.864,1.728,0.864,2.592,2.592,4.608,61.08,0.22408799700237314,58.28824330458464,0.05146835502184428,61.08,0.14734774066797643,104.97049477984565,0.08573837837837839,109.50975941897411,0.1461056994818653,0.1836734693877551,0.14285714285714285,52.08,49,58.28824330458464,125,61.08,104.97049477984565,109.50975941897411,9,7,49,49,0.6303958674304418,0.17802041300735816,0.17922077922077922,0.12130663077168927,0.9191155077102124,0.6161518003273322,0.5567527148097052,0.16712812307108227,0.060240963855421686,0.2870159453302961,0.5601731601731602,0.15670995670995672,0.22272243313641205,0.5655856871587942,0.5207792207792208,0.12336122254069086,0.6729113950091548,0.13809328968903437,0.07540553458344665,0.21911445418178252,0.3493975903614458,0.7334851936218679,0.21558441558441557,0.3800865800865801,0.6070636094674556,0.4441997297741423,0.532967032967033,0.5465561525233654,0.503424274300038,0.503690356288556,0.5337923887319408,0.4851744951134827,0.30491195551436523,0.3538636761871386,0.5770895770895771,0.6203796203796204,https://a.espncdn.com/i/headshots/wnba/players/full/5345325.png
2026,5345444,Laura Juskaite,F,131935,Tempo,10,7,204,79,27,57,12,27,13,16,9,28,37,13,11,1,13,42,2000,292,674,287,206,240,88,225,313,126,85,247,332,20.4,7.9,3.7,1.3,1.1,0.1,1.3,0.9,2.8,0.47368421052631576,0.4444444444444444,0.8125,0.5789473684210527,0.6168019987507807,13.941176470588236,6.529411764705882,2.2941176470588234,1.9411764705882353,0.17647058823529413,2.2941176470588234,1.588235294117647,4.9411764705882355,77.04,0.1668052379962586,121.92000000000002,0.1066272965879265,77.04,0.16874350986500516,170.85,0.05267778753292362,158.1,0.17710309930423784,0.47368421052631576,0.2807017543859649,64.04,57,121.92000000000002,204,77.04,170.85,158.1,27,16,57,57,0.24903508371732286,0.7877255154639174,0.8005531653349723,0.5673477096891253,0.7797470779842882,0.6836443268397281,0.42250331338296027,0.47898135463310076,0.8566073102155577,0.7224299065420561,0.7350952673632453,0.43761524277811925,0.20098584361301935,0.5537210051546392,0.512138905961893,0.12475397702274563,0.8699373501251256,0.15032620101281993,0.07774783134386844,0.1844192974153495,0.3270852858481724,0.7401869158878505,0.3279041180086048,0.3288260602335587,0.5208236385479872,0.49686569301260025,0.5184921122720754,0.6507351915172096,0.5044925592386792,0.5921801785361254,0.599145201099469,0.5291608678754232,0.42575445173383314,0.4660934579439253,0.44784265519360783,0.5245564433517722,https://a.espncdn.com/i/headshots/wnba/players/full/5345444.png
2026,5345478,Eliska Hamzova,G,8,Lynx,3,0,12,6,0,2,0,1,6,8,2,5,7,2,0,0,4,1,2004,345,688,202,138,178,91,288,379,145,101,217,318,4,2,2.3333333333333335,0.6666666666666666,0,0,1.3333333333333333,0.6666666666666666,1.6666666666666667,0,0,0.75,0,0.5434782608695653,18,21,6,0,0,12,6,15,9.52,0.3489092744590265,10.32934131736527,0.1936231884057971,9.52,0.42016806722689076,9.221556886227544,0.2168831168831169,11.646706586826348,0.429305912596401,0.5,4,5.52,2,10.32934131736527,12,9.52,9.221556886227544,11.646706586826348,1,8,2,2,1,0.4765098057036022,0.0014732965009208103,0.5245124052986309,0.02086843810758263,0.9963133996076443,1,1,0.013548951048951048,0.17257967528562837,0.785451197053407,1,0.22213637643936943,0.5456268704192985,0.49281767955801103,0.20159915392003824,0.9192844120306856,0.1511285736328168,0.026978910525859517,0.1102015928408422,0.3339160839160839,0.82501503307276,0.42136279926335174,0.30626151012891345,0.5414786656878927,0.4817975854439699,0.49520620570344326,0.5353616282620299,0.5497659681716713,0.5460117297025181,0.541234652214206,0.5142351181195609,0.5703803771985589,0.423799024520612,0.5663039232100006,0.51635321911565,https://a.espncdn.com/i/headshots/wnba/players/full/5345478.png
2026,5345524,Noemie Brochant,F,11,Mercury,11,5,216,50,19,50,9,28,3,3,6,21,27,6,7,6,7,16,2198,296,718,267,228,282,89,267,356,139,79,301,380,19.636363636363637,4.545454545454546,2.4545454545454546,0.5454545454545454,0.6363636363636364,0.5454545454545454,0.6363636363636364,0.5454545454545454,1.9090909090909092,0.38,0.32142857142857145,1,0.47,0.48713951675759937,8.333333333333334,4.5,1,1.1666666666666667,1,1.1666666666666667,1,3.5,58.32,0.12098095975863335,126.4413102820746,0.04745284580343843,58.32,0.12002743484224966,191.62875341219288,0.03131054131054131,170.00909918107368,0.12352280025690432,0.56,0.06,51.32,50,126.4413102820746,216,58.32,191.62875341219288,170.00909918107368,28,3,50,50,0.053861946256672295,0.20201890034364262,0.34695759065765214,0.11711624829889368,0.34968384748036024,0.3087549614489712,0.12987567096428693,0.14929899885263612,0.41799437675726336,1,0.826060233558697,0.04671173939766441,0.20098584361301935,0.5537210051546392,0.512138905961893,0.12475397702274563,0.8699373501251256,0.15032620101281993,0.07774783134386844,0.1844192974153495,0.3270852858481724,0.7401869158878505,0.3279041180086048,0.3288260602335587,0.5208236385479872,0.49686569301260025,0.5184921122720754,0.6507351915172096,0.5044925592386792,0.5921801785361254,0.599145201099469,0.5291608678754232,0.42575445173383314,0.4660934579439253,0.44784265519360783,0.5245564433517722,https://a.espncdn.com/i/headshots/wnba/players/full/5345524.png
2026,5346554,Teja Oblak,G,132052,Fire,5,0,74,32,13,24,5,6,1,3,3,3,6,17,3,0,14,9,2205,327,715,276,162,201,74,225,299,162,99,250,349,14.8,6.4,1.2,3.4,0.6,0,2.8,0.6,0.6,0.5416666666666666,0.8333333333333334,0.3333333333333333,0.6458333333333334,0.631911532385466,15.567567567567568,2.918918918918919,8.27027027027027,1.4594594594594594,0,6.8108108108108105,1.4594594594594594,1.4594594594594594,39.32,0.24271414686147863,41.87074829931973,0.4060113728675873,39.32,0.3560528992878942,54.36734693877551,0.05518018018018018,54.36734693877551,0.05518018018018018,0.25,0.125,25.32,24,41.87074829931973,74,39.32,54.36734693877551,54.36734693877551,6,3,24,24,0.6393027971873829,0.857734528670566,0.9370165745856354,0.9749000428435576,0.3139338950097213,0.9907642118720656,0.9367132819500986,0.09804836873959606,1,0.009621166566446182,0.09484346224677716,0.15101289134438306,0.22213637643936943,0.5456268704192985,0.49281767955801103,0.20159915392003824,0.9192844120306856,0.1511285736328168,0.026978910525859517,0.1102015928408422,0.3339160839160839,0.82501503307276,0.42136279926335174,0.30626151012891345,0.5414786656878927,0.4817975854439699,0.49520620570344326,0.5353616282620299,0.5497659681716713,0.5460117297025181,0.541234652214206,0.5142351181195609,0.5703803771985589,0.423799024520612,0.5663039232100006,0.51635321911565,https://a.espncdn.com/i/headshots/wnba/players/full/5346554.png
2026,5349415,Alicia Florez Getino,G,16,Mystics,3,0,67,22,8,25,1,12,5,8,3,3,6,13,3,0,1,9,1647,235,518,158,161,217,81,216,297,125,68,176,244,22.333333333333332,7.333333333333333,2,4.333333333333333,1,0,0.3333333333333333,1,1,0.32,0.08333333333333333,0.625,0.34,0.3856942496493689,11.82089552238806,3.2238805970149254,6.985074626865671,1.6119402985074627,0,0.5373134328358209,1.6119402985074627,1.6119402985074627,29.52,0.19652889274783053,39.79902853673346,0.32664113869014016,29.52,0.03387533875338754,52.27383120825744,0.05739009233985713,57.76563448694597,0.051933992011772116,0.48,0.32,28.52,25,39.79902853673346,67,29.52,52.27383120825744,57.76563448694597,12,8,25,25,0.43770251504397467,0.05258921210311407,0.04604051565377532,0.9018351849108186,0.6637070641607259,0.006006568651222254,0.9407892675426174,0.08358578803914421,0.018793706293706292,0.05171377029464823,0.7489871086556169,0.5537753222836096,0.22213637643936943,0.5456268704192985,0.49281767955801103,0.20159915392003824,0.9192844120306856,0.1511285736328168,0.026978910525859517,0.1102015928408422,0.3339160839160839,0.82501503307276,0.42136279926335174,0.30626151012891345,0.5414786656878927,0.4817975854439699,0.49520620570344326,0.5353616282620299,0.5497659681716713,0.5460117297025181,0.541234652214206,0.5142351181195609,0.5703803771985589,0.423799024520612,0.5663039232100006,0.51635321911565,https://a.espncdn.com/i/headshots/wnba/players/full/5349415.png
2026,5355509,Tima Pouye,G,131935,Tempo,2,0,7,4,1,1,0,0,2,2,0,0,0,0,0,0,0,0,2000,292,674,287,206,240,88,225,313,126,85,247,332,3.5,2,0,0,0,0,0,0,0,1,NA,1,1,1.0638297872340425,20.571428571428573,0,0,0,0,0,0,0,1.88,0.11862695608278648,4.11,0,1.88,0,5.862500000000001,0,5.425000000000001,0,0,2,1.88,1,4.11,7,1.88,5.862500000000001,5.425000000000001,0,2,1,1,0.011291246941609538,1,1,0.001970756954258649,0.021322099805573556,0.0019397359314038836,0.06211816538616777,0.002433701650659329,NA,1,0.001841620626151013,0.9996316758747698,0.22213637643936943,0.5456268704192985,0.49281767955801103,0.20159915392003824,0.9192844120306856,0.1511285736328168,0.026978910525859517,0.1102015928408422,0.3339160839160839,0.82501503307276,0.42136279926335174,0.30626151012891345,0.5414786656878927,0.4817975854439699,0.49520620570344326,0.5353616282620299,0.5497659681716713,0.5460117297025181,0.541234652214206,0.5142351181195609,0.5703803771985589,0.423799024520612,0.5663039232100006,0.51635321911565,https://a.espncdn.com/i/headshots/wnba/players/full/5355509.png
