season,athlete_id,player,team,position,headshot_url,games_played,first_game_date,last_game_date,games_started,minutes_total,mpg,pts_total,ppg,pts_per_36,reb_total,rpg,reb_per_36,oreb_total,oreb_pg,oreb_per_36,dreb_total,dreb_pg,dreb_per_36,ast_total,apg,ast_per_36,stl_total,spg,stl_per_36,blk_total,bpg,blk_per_36,tov_total,tovpg,tov_per_36,fg_pct,fg3_pct,threepar,ft_pct,fta_rate,efg_pct,ts_pct,usage,ast_pct,tov_pct,oreb_pct,dreb_pct,usage_pctile_pos,ts_pctile_pos,efg_pctile_pos,ast_pctile_pos,stl_pctile_pos,tov_pctile_pos,oreb_pctile_pos,dreb_pctile_pos,fg3_pctile_pos,ft_pctile_pos,threepar_pctile_pos,fta_rate_pctile_pos,usage_pos_avg,ts_pos_avg,efg_pos_avg,ast_pos_avg,stl_pos_avg,tov_pos_avg,oreb_pos_avg,dreb_pos_avg,fg3_pos_avg,ft_pos_avg,threepar_pos_avg,fta_rate_pos_avg,usage_pos_avg_pctile,ts_pos_avg_pctile,efg_pos_avg_pctile,ast_pos_avg_pctile,stl_pos_avg_pctile,tov_pos_avg_pctile,oreb_pos_avg_pctile,dreb_pos_avg_pctile,fg3_pos_avg_pctile,ft_pos_avg_pctile,threepar_pos_avg_pctile,fta_rate_pos_avg_pctile
2026,869,DeWanna Bonner,Dream,F,https://a.espncdn.com/i/headshots/wnba/players/full/869.png,38,2026-05-09,2026-08-30,26,1038,27.32,400,10.53,13.87,229,6.03,7.94,32,0.84,1.11,197,5.18,6.83,59,1.55,2.05,44,1.16,1.53,29,0.76,1.01,31,0.82,1.08,0.4,0.26,0.51,0.85,0.31,0.46,0.52,0.17,0.09,0.08,0.04,0.25,0.28,0.33,0.17,0.31,0.78,0.06,0.18,0.86,0.22,0.87,0.78,0.56,0.2,0.56,0.52,0.12,0.87,0.14,0.07,0.19,0.33,0.75,0.32,0.31,0.48,0.41,0.48,0.62,0.59,0.55,0.63,0.53,0.48,0.57,0.48,0.52
2026,887,Sami Whitcomb,Mercury,G,https://a.espncdn.com/i/headshots/wnba/players/full/887.png,17,2026-07-09,2026-08-29,6,283,16.65,86,5.06,10.94,29,1.71,3.69,6,0.35,0.76,23,1.35,2.93,34,2,4.33,11,0.65,1.4,1,0.06,0.13,19,1.12,2.42,0.33,0.32,0.78,1,0.13,0.45,0.49,0.17,0.19,0.18,0.03,0.1,0.18,0.12,0.17,0.52,0.27,0.75,0.56,0.45,0.31,1,0.98,0.1,0.22,0.56,0.51,0.2,0.93,0.15,0.03,0.11,0.34,0.82,0.44,0.29,0.55,0.44,0.5,0.54,0.56,0.53,0.62,0.51,0.5,0.45,0.61,0.54
2026,924,Alysha Clark,Wings,F,https://a.espncdn.com/i/headshots/wnba/players/full/924.png,27,2026-05-09,2026-08-30,1,311,11.52,66,2.44,7.64,45,1.67,5.21,10,0.37,1.16,35,1.3,4.05,18,0.67,2.08,5,0.19,0.58,4,0.15,0.46,15,0.56,1.74,0.4,0.36,0.66,0.67,0.42,0.52,0.56,0.11,0.08,0.2,0.04,0.13,0.02,0.37,0.51,0.16,0.03,0.93,0.19,0.21,0.67,0.19,0.97,0.75,0.2,0.56,0.52,0.12,0.87,0.14,0.07,0.19,0.33,0.75,0.32,0.31,0.48,0.41,0.48,0.62,0.59,0.55,0.63,0.53,0.48,0.57,0.48,0.52
2026,981,Courtney Vandersloot,Sky,G,https://a.espncdn.com/i/headshots/wnba/players/full/981.png,23,2026-06-26,2026-08-29,20,507,22.04,208,9.04,14.77,65,2.83,4.62,10,0.43,0.71,55,2.39,3.91,120,5.22,8.52,27,1.17,1.92,7,0.3,0.5,46,2,3.27,0.43,0.39,0.35,0.76,0.35,0.5,0.55,0.2,0.38,0.2,0.02,0.13,0.45,0.39,0.44,0.96,0.74,0.83,0.35,0.79,0.76,0.12,0.25,0.73,0.22,0.56,0.51,0.2,0.93,0.15,0.03,0.11,0.34,0.82,0.44,0.29,0.55,0.44,0.5,0.54,0.56,0.53,0.62,0.51,0.5,0.45,0.61,0.54
2026,1054,Tiffany Hayes,Valkyries,G,https://a.espncdn.com/i/headshots/wnba/players/full/1054.png,38,2026-05-08,2026-08-30,2,632,16.63,340,8.95,19.37,79,2.08,4.5,21,0.55,1.2,58,1.53,3.3,91,2.39,5.18,30,0.79,1.71,8,0.21,0.46,43,1.13,2.45,0.46,0.3,0.33,0.81,0.49,0.51,0.59,0.24,0.26,0.13,0.04,0.12,0.68,0.66,0.51,0.72,0.35,0.37,0.8,0.61,0.19,0.38,0.23,0.96,0.22,0.56,0.51,0.2,0.93,0.15,0.03,0.11,0.34,0.82,0.44,0.29,0.55,0.44,0.5,0.54,0.56,0.53,0.62,0.51,0.5,0.45,0.61,0.54
2026,1068,Nneka Ogwumike,Sparks,F,https://a.espncdn.com/i/headshots/wnba/players/full/1068.png,40,2026-05-10,2026-08-30,39,1228,30.7,681,17.02,19.96,355,8.88,10.41,69,1.73,2.02,286,7.15,8.38,120,3,3.52,46,1.15,1.35,13,0.32,0.38,74,1.85,2.17,0.52,0.39,0.27,0.85,0.21,0.57,0.6,0.23,0.17,0.12,0.07,0.28,0.71,0.83,0.86,0.86,0.73,0.32,0.59,0.93,0.81,0.91,0.44,0.27,0.2,0.56,0.52,0.12,0.87,0.14,0.07,0.19,0.33,0.75,0.32,0.31,0.48,0.41,0.48,0.62,0.59,0.55,0.63,0.53,0.48,0.57,0.48,0.52
2026,2284331,Emma Cannon,Sparks,F,https://a.espncdn.com/i/headshots/wnba/players/full/2284331.png,16,2026-05-10,2026-08-22,0,108,6.75,61,3.81,20.33,22,1.38,7.33,9,0.56,3,13,0.81,4.33,5,0.31,1.67,1,0.06,0.33,2,0.12,0.67,14,0.88,4.67,0.5,0.5,0.56,0.79,0.53,0.64,0.69,0.24,0.07,0.24,0.1,0.14,0.73,1,1,0.15,0.01,0.99,0.76,0.27,0.99,0.63,0.85,0.96,0.2,0.56,0.52,0.12,0.87,0.14,0.07,0.19,0.33,0.75,0.32,0.31,0.48,0.41,0.48,0.62,0.59,0.55,0.63,0.53,0.48,0.57,0.48,0.52
2026,2327695,Rebekah Gardner,Liberty,G,https://a.espncdn.com/i/headshots/wnba/players/full/2327695.png,39,2026-05-08,2026-08-29,2,579,14.85,209,5.36,12.99,97,2.49,6.03,38,0.97,2.36,59,1.51,3.67,48,1.23,2.98,21,0.54,1.31,8,0.21,0.5,23,0.59,1.43,0.5,0.24,0.27,0.93,0.28,0.53,0.59,0.15,0.13,0.11,0.08,0.12,0.08,0.68,0.66,0.26,0.2,0.33,0.99,0.66,0.05,0.95,0.1,0.5,0.22,0.56,0.51,0.2,0.93,0.15,0.03,0.11,0.34,0.82,0.44,0.29,0.55,0.44,0.5,0.54,0.56,0.53,0.62,0.51,0.5,0.45,0.61,0.54
2026,2490553,Brittney Griner,Sun,C,https://a.espncdn.com/i/headshots/wnba/players/full/2490553.png,18,2026-05-08,2026-08-13,18,455,25.28,238,13.22,18.83,105,5.83,8.31,35,1.94,2.77,70,3.89,5.54,45,2.5,3.56,8,0.44,0.63,32,1.78,2.53,32,1.78,2.53,0.53,0.25,0.02,0.67,0.35,0.53,0.56,0.24,0.19,0.13,0.09,0.2,0.59,0.37,0.33,1,0.29,0.35,0.69,0.38,0.04,0.13,0.24,0.46,0.23,0.58,0.54,0.13,0.68,0.14,0.08,0.23,0.35,0.75,0.22,0.35,0.57,0.41,0.4,0.54,0.63,0.44,0.52,0.46,0.31,0.52,0.59,0.48
2026,2491205,Skylar Diggins,Sky,G,https://a.espncdn.com/i/headshots/wnba/players/full/2491205.png,19,2026-05-09,2026-07-03,19,553,29.11,269,14.16,17.51,60,3.16,3.91,13,0.68,0.85,47,2.47,3.06,93,4.89,6.05,18,0.95,1.17,11,0.58,0.72,33,1.74,2.15,0.39,0.38,0.31,0.78,0.4,0.45,0.52,0.23,0.28,0.11,0.03,0.1,0.6,0.29,0.15,0.76,0.56,0.31,0.6,0.44,0.72,0.17,0.19,0.85,0.22,0.56,0.51,0.2,0.93,0.15,0.03,0.11,0.34,0.82,0.44,0.29,0.55,0.44,0.5,0.54,0.56,0.53,0.62,0.51,0.5,0.45,0.61,0.54
2026,2491214,Erica Wheeler,Sparks,G,https://a.espncdn.com/i/headshots/wnba/players/full/2491214.png,39,2026-05-10,2026-08-30,37,1053,27,352,9.03,12.03,76,1.95,2.6,9,0.23,0.31,67,1.72,2.29,201,5.15,6.87,36,0.92,1.23,4,0.1,0.14,75,1.92,2.56,0.4,0.31,0.52,0.87,0.14,0.48,0.51,0.18,0.29,0.18,0.01,0.08,0.27,0.25,0.32,0.8,0.55,0.76,0.13,0.2,0.25,0.69,0.78,0.12,0.22,0.56,0.51,0.2,0.93,0.15,0.03,0.11,0.34,0.82,0.44,0.29,0.55,0.44,0.5,0.54,0.56,0.53,0.62,0.51,0.5,0.45,0.61,0.54
2026,2491232,Kayla Alexander,Tempo,C,https://a.espncdn.com/i/headshots/wnba/players/full/2491232.png,4,2026-07-10,2026-07-20,0,40,10,9,2.25,8.1,11,2.75,9.9,4,1,3.6,7,1.75,6.3,2,0.5,1.8,1,0.25,0.9,1,0.25,0.9,4,1,3.6,0.43,NA,0,0.75,0.57,0.43,0.51,0.14,0.07,0.31,0.12,0.21,0.05,0.09,0.03,0.15,0.04,1,0.97,0.4,NA,0.49,0,0.98,0.23,0.58,0.54,0.13,0.68,0.14,0.08,0.23,0.35,0.75,0.22,0.35,0.57,0.41,0.4,0.54,0.63,0.44,0.52,0.46,0.31,0.52,0.59,0.48
2026,2529047,Odyssey Sims,Wings,G,https://a.espncdn.com/i/headshots/wnba/players/full/2529047.png,31,2026-05-09,2026-08-30,11,451,14.55,148,4.77,11.81,29,0.94,2.31,3,0.1,0.24,26,0.84,2.08,62,2,4.95,16,0.52,1.28,2,0.06,0.16,31,1,2.47,0.38,0.32,0.35,0.86,0.26,0.43,0.49,0.18,0.19,0.17,0.01,0.07,0.33,0.1,0.07,0.54,0.17,0.71,0.04,0.12,0.3,0.61,0.24,0.46,0.22,0.56,0.51,0.2,0.93,0.15,0.03,0.11,0.34,0.82,0.44,0.29,0.55,0.44,0.5,0.54,0.56,0.53,0.62,0.51,0.5,0.45,0.61,0.54
2026,2529122,Chelsea Gray,Aces,G,https://a.espncdn.com/i/headshots/wnba/players/full/2529122.png,40,2026-05-09,2026-08-28,40,1317,32.92,476,11.9,13.01,125,3.12,3.42,10,0.25,0.27,115,2.88,3.14,271,6.78,7.41,53,1.32,1.45,14,0.35,0.38,112,2.8,3.06,0.43,0.37,0.47,0.94,0.16,0.52,0.55,0.19,0.3,0.21,0.01,0.1,0.36,0.43,0.53,0.85,0.85,0.94,0.08,0.48,0.65,0.99,0.66,0.15,0.22,0.56,0.51,0.2,0.93,0.15,0.03,0.11,0.34,0.82,0.44,0.29,0.55,0.44,0.5,0.54,0.56,0.53,0.62,0.51,0.5,0.45,0.61,0.54
2026,2529130,Natasha Howard,Lynx,F,https://a.espncdn.com/i/headshots/wnba/players/full/2529130.png,41,2026-05-09,2026-08-30,41,1198,29.22,603,14.71,18.12,313,7.63,9.41,136,3.32,4.09,177,4.32,5.32,134,3.27,4.03,69,1.68,2.07,38,0.93,1.14,104,2.54,3.13,0.58,0.22,0.05,0.72,0.35,0.59,0.62,0.22,0.17,0.18,0.14,0.17,0.62,0.91,0.91,0.89,0.97,0.78,0.95,0.46,0.05,0.39,0.15,0.64,0.2,0.56,0.52,0.12,0.87,0.14,0.07,0.19,0.33,0.75,0.32,0.31,0.48,0.41,0.48,0.62,0.59,0.55,0.63,0.53,0.48,0.57,0.48,0.52
2026,2529137,Natasha Cloud,Sky,G,https://a.espncdn.com/i/headshots/wnba/players/full/2529137.png,39,2026-05-13,2026-08-29,26,1116,28.62,443,11.36,14.29,134,3.44,4.32,11,0.28,0.35,123,3.15,3.97,191,4.9,6.16,42,1.08,1.35,13,0.33,0.42,86,2.21,2.77,0.49,0.36,0.41,0.85,0.38,0.56,0.62,0.17,0.27,0.19,0.01,0.13,0.22,0.9,0.81,0.75,0.65,0.83,0.15,0.81,0.55,0.58,0.5,0.81,0.22,0.56,0.51,0.2,0.93,0.15,0.03,0.11,0.34,0.82,0.44,0.29,0.55,0.44,0.5,0.54,0.56,0.53,0.62,0.51,0.5,0.45,0.61,0.54
2026,2529140,Alyssa Thomas,Mercury,F,https://a.espncdn.com/i/headshots/wnba/players/full/2529140.png,38,2026-05-09,2026-08-29,38,1274,33.53,541,14.24,15.29,292,7.68,8.25,62,1.63,1.75,230,6.05,6.5,320,8.42,9.04,53,1.39,1.5,17,0.45,0.48,134,3.53,3.79,0.51,0.33,0.01,0.7,0.45,0.51,0.56,0.22,0.45,0.22,0.06,0.22,0.65,0.44,0.45,1,0.84,0.96,0.44,0.7,0.48,0.33,0.04,0.84,0.2,0.56,0.52,0.12,0.87,0.14,0.07,0.19,0.33,0.75,0.32,0.31,0.48,0.41,0.48,0.62,0.59,0.55,0.63,0.53,0.48,0.57,0.48,0.52
2026,2529183,Stefanie Dolson,Storm,C,https://a.espncdn.com/i/headshots/wnba/players/full/2529183.png,40,2026-05-08,2026-08-30,12,606,15.15,128,3.2,7.6,96,2.4,5.7,24,0.6,1.43,72,1.8,4.28,47,1.18,2.79,12,0.3,0.71,16,0.4,0.95,33,0.82,1.96,0.44,0.37,0.55,0.83,0.32,0.54,0.59,0.1,0.12,0.23,0.05,0.14,0.04,0.41,0.4,0.45,0.08,0.99,0.07,0.05,0.47,0.81,0.98,0.43,0.23,0.58,0.54,0.13,0.68,0.14,0.08,0.23,0.35,0.75,0.22,0.35,0.57,0.41,0.4,0.54,0.63,0.44,0.52,0.46,0.31,0.52,0.59,0.48
2026,2529205,Kayla McBride,Lynx,G,https://a.espncdn.com/i/headshots/wnba/players/full/2529205.png,40,2026-05-09,2026-08-30,40,1303,32.58,723,18.08,19.98,124,3.1,3.43,24,0.6,0.66,100,2.5,2.76,86,2.15,2.38,67,1.68,1.85,9,0.22,0.25,51,1.27,1.41,0.46,0.42,0.55,0.92,0.28,0.58,0.63,0.21,0.1,0.08,0.02,0.09,0.49,0.92,0.91,0.16,0.94,0.07,0.37,0.29,0.93,0.94,0.84,0.54,0.22,0.56,0.51,0.2,0.93,0.15,0.03,0.11,0.34,0.82,0.44,0.29,0.55,0.44,0.5,0.54,0.56,0.53,0.62,0.51,0.5,0.45,0.61,0.54
2026,2529458,Cheyenne Parker-Tyus,Aces,F,https://a.espncdn.com/i/headshots/wnba/players/full/2529458.png,28,2026-05-09,2026-08-28,1,307,10.96,152,5.43,17.82,83,2.96,9.73,31,1.11,3.64,52,1.86,6.1,17,0.61,1.99,11,0.39,1.29,16,0.57,1.88,16,0.57,1.88,0.52,0.41,0.18,0.8,0.58,0.55,0.62,0.2,0.08,0.12,0.12,0.2,0.48,0.94,0.67,0.29,0.09,0.32,0.86,0.57,0.95,0.69,0.29,0.97,0.2,0.56,0.52,0.12,0.87,0.14,0.07,0.19,0.33,0.75,0.32,0.31,0.48,0.41,0.48,0.62,0.59,0.55,0.63,0.53,0.48,0.57,0.48,0.52
2026,2529622,Kayla Thornton,Valkyries,F,https://a.espncdn.com/i/headshots/wnba/players/full/2529622.png,40,2026-05-08,2026-08-30,40,962,24.05,313,7.82,11.71,179,4.47,6.7,52,1.3,1.95,127,3.17,4.75,28,0.7,1.05,24,0.6,0.9,9,0.22,0.34,25,0.62,0.94,0.37,0.36,0.62,0.93,0.2,0.48,0.52,0.16,0.05,0.08,0.06,0.17,0.2,0.3,0.31,0.06,0.32,0.08,0.56,0.43,0.64,0.99,0.93,0.21,0.2,0.56,0.52,0.12,0.87,0.14,0.07,0.19,0.33,0.75,0.32,0.31,0.48,0.41,0.48,0.62,0.59,0.55,0.63,0.53,0.48,0.57,0.48,0.52
2026,2566081,Elizabeth Williams,Sky,C,https://a.espncdn.com/i/headshots/wnba/players/full/2566081.png,40,2026-05-09,2026-08-29,1,655,16.38,201,5.03,11.05,137,3.42,7.53,49,1.23,2.69,88,2.2,4.84,53,1.32,2.91,22,0.55,1.21,31,0.78,1.7,33,0.82,1.81,0.46,NA,0,0.45,0.5,0.46,0.47,0.16,0.13,0.13,0.08,0.16,0.14,0.07,0.08,0.53,0.41,0.38,0.61,0.21,NA,0.05,0.03,0.94,0.23,0.58,0.54,0.13,0.68,0.14,0.08,0.23,0.35,0.75,0.22,0.35,0.57,0.41,0.4,0.54,0.63,0.44,0.52,0.46,0.31,0.52,0.59,0.48
2026,2566106,Dearica Hamby,Sparks,F,https://a.espncdn.com/i/headshots/wnba/players/full/2566106.png,40,2026-05-10,2026-08-30,40,1155,28.88,578,14.45,18.02,282,7.05,8.79,77,1.93,2.4,205,5.12,6.39,98,2.45,3.05,59,1.48,1.84,16,0.4,0.5,77,1.93,2.4,0.55,0.24,0.09,0.69,0.44,0.56,0.6,0.21,0.14,0.14,0.08,0.21,0.55,0.79,0.81,0.74,0.87,0.53,0.7,0.67,0.1,0.26,0.19,0.81,0.2,0.56,0.52,0.12,0.87,0.14,0.07,0.19,0.33,0.75,0.32,0.31,0.48,0.41,0.48,0.62,0.59,0.55,0.63,0.53,0.48,0.57,0.48,0.52
2026,2566110,Julie Vanloo,Liberty,G,https://a.espncdn.com/i/headshots/wnba/players/full/2566110.png,5,2026-05-08,2026-05-21,0,81,16.2,29,5.8,12.89,10,2,4.44,1,0.2,0.44,9,1.8,4,27,5.4,12,2,0.4,0.89,0,0,0,12,2.4,5.33,0.53,0.5,0.82,1,0.24,0.74,0.77,0.17,0.51,0.39,0.02,0.13,0.16,1,1,1,0.13,1,0.21,0.79,1,1,1,0.37,0.22,0.56,0.51,0.2,0.93,0.15,0.03,0.11,0.34,0.82,0.44,0.29,0.55,0.44,0.5,0.54,0.56,0.53,0.62,0.51,0.5,0.45,0.61,0.54
2026,2566186,Rachel Banham,Sky,G,https://a.espncdn.com/i/headshots/wnba/players/full/2566186.png,36,2026-05-09,2026-08-29,2,478,13.28,168,4.67,12.65,45,1.25,3.39,3,0.08,0.23,42,1.17,3.16,45,1.25,3.39,11,0.31,0.83,8,0.22,0.6,27,0.75,2.03,0.35,0.33,0.74,0.82,0.1,0.47,0.49,0.18,0.15,0.14,0.01,0.1,0.3,0.14,0.24,0.32,0.1,0.43,0.03,0.46,0.36,0.45,0.97,0.08,0.22,0.56,0.51,0.2,0.93,0.15,0.03,0.11,0.34,0.82,0.44,0.29,0.55,0.44,0.5,0.54,0.56,0.53,0.62,0.51,0.5,0.45,0.61,0.54
2026,2566453,Isabelle Harrison,Tempo,F,https://a.espncdn.com/i/headshots/wnba/players/full/2566453.png,28,2026-06-07,2026-08-29,22,655,23.39,347,12.39,19.07,182,6.5,10,50,1.79,2.75,132,4.71,7.25,47,1.68,2.58,22,0.79,1.21,21,0.75,1.15,49,1.75,2.69,0.44,0.29,0.21,0.73,0.35,0.47,0.52,0.26,0.13,0.13,0.09,0.24,0.91,0.29,0.25,0.67,0.54,0.43,0.74,0.82,0.27,0.47,0.36,0.61,0.2,0.56,0.52,0.12,0.87,0.14,0.07,0.19,0.33,0.75,0.32,0.31,0.48,0.41,0.48,0.62,0.59,0.55,0.63,0.53,0.48,0.57,0.48,0.52
2026,2569044,Temi Fagbenle,Tempo,C,https://a.espncdn.com/i/headshots/wnba/players/full/2569044.png,23,2026-05-08,2026-08-29,8,399,17.35,127,5.52,11.46,77,3.35,6.95,26,1.13,2.35,51,2.22,4.6,23,1,2.08,12,0.52,1.08,7,0.3,0.63,28,1.22,2.53,0.52,0.36,0.28,0.58,0.26,0.57,0.57,0.15,0.09,0.2,0.08,0.15,0.07,0.39,0.65,0.28,0.31,0.94,0.41,0.17,0.43,0.07,0.67,0.31,0.23,0.58,0.54,0.13,0.68,0.14,0.08,0.23,0.35,0.75,0.22,0.35,0.57,0.41,0.4,0.54,0.63,0.44,0.52,0.46,0.31,0.52,0.59,0.48
2026,2590093,Kiah Stokes,Valkyries,C,https://a.espncdn.com/i/headshots/wnba/players/full/2590093.png,39,2026-05-08,2026-08-30,39,856,21.95,140,3.59,5.89,211,5.41,8.87,43,1.1,1.81,168,4.31,7.07,48,1.23,2.02,23,0.59,0.97,66,1.69,2.78,19,0.49,0.8,0.44,0.3,0.49,0.47,0.11,0.51,0.51,0.08,0.09,0.12,0.06,0.25,0.02,0.09,0.29,0.26,0.55,0.31,0.13,0.5,0.23,0.06,0.96,0.03,0.23,0.58,0.54,0.13,0.68,0.14,0.08,0.23,0.35,0.75,0.22,0.35,0.57,0.41,0.4,0.54,0.63,0.44,0.52,0.46,0.31,0.52,0.59,0.48
2026,2593770,Betnijah Laney-Hamilton,Mystics,G,https://a.espncdn.com/i/headshots/wnba/players/full/2593770.png,26,2026-05-08,2026-08-28,5,430,16.54,122,4.69,10.21,50,1.92,4.19,6,0.23,0.5,44,1.69,3.68,51,1.96,4.27,9,0.35,0.75,4,0.15,0.33,34,1.31,2.85,0.38,0.26,0.5,0.8,0.33,0.45,0.51,0.16,0.19,0.22,0.02,0.12,0.1,0.2,0.12,0.51,0.11,0.96,0.23,0.73,0.07,0.3,0.69,0.67,0.22,0.56,0.51,0.2,0.93,0.15,0.03,0.11,0.34,0.82,0.44,0.29,0.55,0.44,0.5,0.54,0.56,0.53,0.62,0.51,0.5,0.45,0.61,0.54
2026,2955898,Damiris Dantas,Fever,C,https://a.espncdn.com/i/headshots/wnba/players/full/2955898.png,12,2026-05-09,2026-07-17,0,99,8.25,40,3.33,14.55,18,1.5,6.55,4,0.33,1.45,14,1.17,5.09,4,0.33,1.45,2,0.17,0.73,2,0.17,0.73,9,0.75,3.27,0.41,0.35,0.62,0.78,0.28,0.52,0.56,0.2,0.06,0.2,0.05,0.17,0.29,0.2,0.29,0.03,0.04,0.92,0.07,0.31,0.29,0.6,1,0.31,0.23,0.58,0.54,0.13,0.68,0.14,0.08,0.23,0.35,0.75,0.22,0.35,0.57,0.41,0.4,0.54,0.63,0.44,0.52,0.46,0.31,0.52,0.59,0.48
2026,2987869,Jewell Loyd,Aces,G,https://a.espncdn.com/i/headshots/wnba/players/full/2987869.png,39,2026-05-09,2026-08-28,4,1034,26.51,297,7.62,10.34,92,2.36,3.2,18,0.46,0.63,74,1.9,2.58,55,1.41,1.91,43,1.1,1.5,5,0.13,0.17,36,0.92,1.25,0.35,0.32,0.72,0.8,0.18,0.46,0.5,0.15,0.07,0.11,0.02,0.08,0.07,0.15,0.21,0.07,0.68,0.2,0.34,0.26,0.29,0.3,0.95,0.2,0.22,0.56,0.51,0.2,0.93,0.15,0.03,0.11,0.34,0.82,0.44,0.29,0.55,0.44,0.5,0.54,0.56,0.53,0.62,0.51,0.5,0.45,0.61,0.54
2026,2987891,Courtney Williams,Lynx,G,https://a.espncdn.com/i/headshots/wnba/players/full/2987891.png,40,2026-05-09,2026-08-30,39,1214,30.35,570,14.25,16.9,196,4.9,5.81,33,0.82,0.98,163,4.08,4.83,176,4.4,5.22,46,1.15,1.36,11,0.28,0.33,70,1.75,2.08,0.45,0.36,0.24,0.82,0.09,0.5,0.51,0.23,0.22,0.11,0.03,0.16,0.59,0.28,0.42,0.58,0.74,0.3,0.75,0.94,0.62,0.42,0.07,0.07,0.22,0.56,0.51,0.2,0.93,0.15,0.03,0.11,0.34,0.82,0.44,0.29,0.55,0.44,0.5,0.54,0.56,0.53,0.62,0.51,0.5,0.45,0.61,0.54
2026,2988756,Brittney Sykes,Tempo,G,https://a.espncdn.com/i/headshots/wnba/players/full/2988756.png,17,2026-05-08,2026-08-21,17,500,29.41,316,18.59,22.75,59,3.47,4.25,16,0.94,1.15,43,2.53,3.1,57,3.35,4.1,20,1.18,1.44,8,0.47,0.58,36,2.12,2.59,0.42,0.26,0.25,0.9,0.44,0.45,0.54,0.29,0.21,0.11,0.04,0.1,0.9,0.38,0.16,0.56,0.75,0.23,0.79,0.49,0.06,0.91,0.09,0.89,0.22,0.56,0.51,0.2,0.93,0.15,0.03,0.11,0.34,0.82,0.44,0.29,0.55,0.44,0.5,0.54,0.56,0.53,0.62,0.51,0.5,0.45,0.61,0.54
2026,2998928,Breanna Stewart,Liberty,F,https://a.espncdn.com/i/headshots/wnba/players/full/2998928.png,41,2026-05-08,2026-08-29,41,1351,32.95,828,20.2,22.06,340,8.29,9.06,66,1.61,1.76,274,6.68,7.3,136,3.32,3.62,53,1.29,1.41,56,1.37,1.49,83,2.02,2.21,0.47,0.24,0.2,0.84,0.46,0.49,0.57,0.27,0.18,0.1,0.06,0.23,0.96,0.55,0.38,0.92,0.81,0.21,0.54,0.8,0.09,0.85,0.34,0.88,0.2,0.56,0.52,0.12,0.87,0.14,0.07,0.19,0.33,0.75,0.32,0.31,0.48,0.41,0.48,0.62,0.59,0.55,0.63,0.53,0.48,0.57,0.48,0.52
2026,2998938,Kahleah Copper,Mercury,G,https://a.espncdn.com/i/headshots/wnba/players/full/2998938.png,39,2026-05-09,2026-08-27,38,1265,32.44,814,20.87,23.17,140,3.59,3.98,20,0.51,0.57,120,3.08,3.42,73,1.87,2.08,31,0.79,0.88,3,0.08,0.09,92,2.36,2.62,0.44,0.29,0.36,0.79,0.41,0.5,0.56,0.29,0.11,0.11,0.02,0.12,0.93,0.47,0.4,0.19,0.38,0.28,0.26,0.68,0.16,0.25,0.29,0.88,0.22,0.56,0.51,0.2,0.93,0.15,0.03,0.11,0.34,0.82,0.44,0.29,0.55,0.44,0.5,0.54,0.56,0.53,0.62,0.51,0.5,0.45,0.61,0.54
2026,2999101,Jonquel Jones,Liberty,C,https://a.espncdn.com/i/headshots/wnba/players/full/2999101.png,41,2026-05-08,2026-08-29,40,1163,28.37,599,14.61,18.54,373,9.1,11.55,84,2.05,2.6,289,7.05,8.95,115,2.8,3.56,24,0.59,0.74,45,1.1,1.39,84,2.05,2.6,0.49,0.39,0.48,0.83,0.36,0.58,0.63,0.21,0.17,0.15,0.09,0.28,0.47,0.94,0.9,0.77,0.49,0.72,0.82,0.9,0.84,0.79,0.93,0.54,0.23,0.58,0.54,0.13,0.68,0.14,0.08,0.23,0.35,0.75,0.22,0.35,0.57,0.41,0.4,0.54,0.63,0.44,0.52,0.46,0.31,0.52,0.59,0.48
2026,3054590,Nia Coffey,Lynx,F,https://a.espncdn.com/i/headshots/wnba/players/full/3054590.png,40,2026-05-09,2026-08-30,28,920,23,256,6.4,10.02,178,4.45,6.97,35,0.88,1.37,143,3.58,5.6,70,1.75,2.74,38,0.95,1.49,42,1.05,1.64,28,0.7,1.1,0.45,0.39,0.59,0.55,0.1,0.56,0.56,0.12,0.1,0.11,0.05,0.18,0.06,0.49,0.79,0.42,0.64,0.25,0.24,0.51,0.78,0.02,0.89,0.05,0.2,0.56,0.52,0.12,0.87,0.14,0.07,0.19,0.33,0.75,0.32,0.31,0.48,0.41,0.48,0.62,0.59,0.55,0.63,0.53,0.48,0.57,0.48,0.52
2026,3056672,Mercedes Russell,Fever,C,https://a.espncdn.com/i/headshots/wnba/players/full/3056672.png,5,2026-08-11,2026-08-28,0,34,6.8,8,1.6,8.47,4,0.8,4.24,0,0,0,4,0.8,4.24,4,0.8,4.24,1,0.2,1.06,0,0,0,1,0.2,1.06,0.33,NA,0,0.75,2.67,0.33,0.61,0.1,0.14,0.13,0,0.14,0.02,0.67,0,0.62,0.04,0.35,0,0.05,NA,0.5,0.03,1,0.23,0.58,0.54,0.13,0.68,0.14,0.08,0.23,0.35,0.75,0.22,0.35,0.57,0.41,0.4,0.54,0.63,0.44,0.52,0.46,0.31,0.52,0.59,0.48
2026,3056730,Karlie Samuelson,Fire,G,https://a.espncdn.com/i/headshots/wnba/players/full/3056730.png,28,2026-05-25,2026-08-30,0,429,15.32,127,4.54,10.66,42,1.5,3.52,14,0.5,1.17,28,1,2.35,22,0.79,1.85,15,0.54,1.26,3,0.11,0.25,9,0.32,0.76,0.38,0.33,0.87,0.89,0.29,0.52,0.58,0.13,0.08,0.08,0.04,0.08,0.01,0.61,0.58,0.1,0.19,0.02,0.81,0.24,0.35,0.87,1,0.54,0.22,0.56,0.51,0.2,0.93,0.15,0.03,0.11,0.34,0.82,0.44,0.29,0.55,0.44,0.5,0.54,0.56,0.53,0.62,0.51,0.5,0.45,0.61,0.54
2026,3058892,Lexie Brown,Storm,G,https://a.espncdn.com/i/headshots/wnba/players/full/3058892.png,10,2026-05-08,2026-06-01,0,149,14.9,38,3.8,9.18,13,1.3,3.14,1,0.1,0.24,12,1.2,2.9,11,1.1,2.66,5,0.5,1.21,1,0.1,0.24,10,1,2.42,0.46,0.45,0.77,0.83,0.23,0.63,0.66,0.11,0.11,0.26,0.01,0.09,0.01,0.98,0.99,0.17,0.16,0.98,0.04,0.33,0.97,0.47,0.98,0.34,0.22,0.56,0.51,0.2,0.93,0.15,0.03,0.11,0.34,0.82,0.44,0.29,0.55,0.44,0.5,0.54,0.56,0.53,0.62,0.51,0.5,0.45,0.61,0.54
2026,3058893,Shatori Walker-Kimbrough,Dream,G,https://a.espncdn.com/i/headshots/wnba/players/full/3058893.png,12,2026-05-17,2026-08-30,0,34,2.83,13,1.08,13.76,3,0.25,3.18,0,0,0,3,0.25,3.18,6,0.5,6.35,2,0.17,2.12,0,0,0,1,0.08,1.06,0.57,1,0.14,1,0.57,0.64,0.74,0.12,0.27,0.1,0,0.11,0.01,1,0.99,0.73,0.02,0.18,0,0.61,1,1,0,0.98,0.22,0.56,0.51,0.2,0.93,0.15,0.03,0.11,0.34,0.82,0.44,0.29,0.55,0.44,0.5,0.54,0.56,0.53,0.62,0.51,0.5,0.45,0.61,0.54
2026,3058895,Brionna Jones,Dream,F,https://a.espncdn.com/i/headshots/wnba/players/full/3058895.png,9,2026-07-17,2026-08-13,0,152,16.89,74,8.22,17.53,50,5.56,11.84,18,2,4.26,32,3.56,7.58,18,2,4.26,3,0.33,0.71,6,0.67,1.42,9,1,2.13,0.52,0.17,0.12,0.9,0.4,0.53,0.6,0.19,0.2,0.13,0.14,0.27,0.45,0.84,0.57,0.94,0.08,0.41,0.92,0.9,0.02,0.98,0.28,0.75,0.2,0.56,0.52,0.12,0.87,0.14,0.07,0.19,0.33,0.75,0.32,0.31,0.48,0.41,0.48,0.62,0.59,0.55,0.63,0.53,0.48,0.57,0.48,0.52
2026,3058901,Allisha Gray,Dream,G,https://a.espncdn.com/i/headshots/wnba/players/full/3058901.png,41,2026-05-09,2026-08-30,40,1342,32.73,791,19.29,21.22,138,3.37,3.7,29,0.71,0.78,109,2.66,2.92,105,2.56,2.82,52,1.27,1.39,15,0.37,0.4,62,1.51,1.66,0.46,0.34,0.4,0.79,0.39,0.53,0.58,0.23,0.13,0.08,0.02,0.1,0.63,0.65,0.64,0.28,0.81,0.12,0.55,0.51,0.48,0.29,0.46,0.84,0.22,0.56,0.51,0.2,0.93,0.15,0.03,0.11,0.34,0.82,0.44,0.29,0.55,0.44,0.5,0.54,0.56,0.53,0.62,0.51,0.5,0.45,0.61,0.54
2026,3065570,Kelsey Plum,Mercury,G,https://a.espncdn.com/i/headshots/wnba/players/full/3065570.png,17,2026-05-10,2026-08-25,15,521,30.65,366,21.53,25.29,35,2.06,2.42,3,0.18,0.21,32,1.88,2.21,91,5.35,6.29,17,1,1.17,0,0,0,48,2.82,3.32,0.52,0.38,0.44,0.81,0.37,0.6,0.65,0.29,0.36,0.14,0.01,0.08,0.89,0.98,0.94,0.95,0.62,0.52,0.02,0.18,0.72,0.39,0.6,0.77,0.22,0.56,0.51,0.2,0.93,0.15,0.03,0.11,0.34,0.82,0.44,0.29,0.55,0.44,0.5,0.54,0.56,0.53,0.62,0.51,0.5,0.45,0.61,0.54
2026,3099736,Stephanie Talbot,Aces,F,https://a.espncdn.com/i/headshots/wnba/players/full/3099736.png,41,2026-05-09,2026-08-28,40,686,16.73,138,3.37,7.24,103,2.51,5.41,31,0.76,1.63,72,1.76,3.78,41,1,2.15,26,0.63,1.36,12,0.29,0.63,27,0.66,1.42,0.43,0.25,0.56,0.67,0.14,0.5,0.52,0.11,0.08,0.17,0.05,0.12,0.02,0.26,0.39,0.23,0.39,0.7,0.34,0.16,0.17,0.19,0.86,0.06,0.2,0.56,0.52,0.12,0.87,0.14,0.07,0.19,0.33,0.75,0.32,0.31,0.48,0.41,0.48,0.62,0.59,0.55,0.63,0.53,0.48,0.57,0.48,0.52
2026,3102133,Rebecca Allen,Liberty,G,https://a.espncdn.com/i/headshots/wnba/players/full/3102133.png,25,2026-05-14,2026-08-29,12,462,18.48,143,5.72,11.14,62,2.48,4.83,15,0.6,1.17,47,1.88,3.66,17,0.68,1.32,14,0.56,1.09,10,0.4,0.78,14,0.56,1.09,0.42,0.4,0.67,0.85,0.11,0.55,0.57,0.14,0.06,0.1,0.04,0.12,0.05,0.59,0.77,0.02,0.22,0.16,0.84,0.65,0.85,0.54,0.91,0.09,0.22,0.56,0.51,0.2,0.93,0.15,0.03,0.11,0.34,0.82,0.44,0.29,0.55,0.44,0.5,0.54,0.56,0.53,0.62,0.51,0.5,0.45,0.61,0.54
2026,3142010,Azura Stevens,Sky,F,https://a.espncdn.com/i/headshots/wnba/players/full/3142010.png,31,2026-05-23,2026-08-29,30,763,24.61,333,10.74,15.71,202,6.52,9.53,42,1.35,1.98,160,5.16,7.55,67,2.16,3.16,26,0.84,1.23,22,0.71,1.04,51,1.65,2.41,0.43,0.25,0.36,0.79,0.22,0.47,0.51,0.22,0.15,0.13,0.06,0.24,0.58,0.17,0.23,0.76,0.57,0.46,0.51,0.83,0.15,0.62,0.52,0.31,0.2,0.56,0.52,0.12,0.87,0.14,0.07,0.19,0.33,0.75,0.32,0.31,0.48,0.41,0.48,0.62,0.59,0.55,0.63,0.53,0.48,0.57,0.48,0.52
2026,3142055,Myisha Hines-Allen,Fever,F,https://a.espncdn.com/i/headshots/wnba/players/full/3142055.png,34,2026-05-09,2026-08-28,3,461,13.56,124,3.65,9.68,108,3.18,8.43,20,0.59,1.56,88,2.59,6.87,51,1.5,3.98,17,0.5,1.33,12,0.35,0.94,37,1.09,2.89,0.48,0.33,0.2,0.66,0.28,0.51,0.54,0.14,0.15,0.24,0.06,0.23,0.13,0.35,0.4,0.8,0.2,0.99,0.39,0.75,0.48,0.11,0.34,0.48,0.2,0.56,0.52,0.12,0.87,0.14,0.07,0.19,0.33,0.75,0.32,0.31,0.48,0.41,0.48,0.62,0.59,0.55,0.63,0.53,0.48,0.57,0.48,0.52
2026,3142086,Brianna Turner,Aces,F,https://a.espncdn.com/i/headshots/wnba/players/full/3142086.png,38,2026-05-09,2026-08-28,3,490,12.89,62,1.63,4.56,86,2.26,6.32,21,0.55,1.54,65,1.71,4.78,8,0.21,0.59,9,0.24,0.66,19,0.5,1.4,23,0.61,1.69,0.58,NA,0,1,0.04,0.58,0.59,0.07,0.02,0.3,0.05,0.16,0,0.67,0.88,0.02,0.05,1,0.28,0.36,NA,1,0,0,0.2,0.56,0.52,0.12,0.87,0.14,0.07,0.19,0.33,0.75,0.32,0.31,0.48,0.41,0.48,0.62,0.59,0.55,0.63,0.53,0.48,0.57,0.48,0.52
2026,3142191,Kelsey Mitchell,Fever,G,https://a.espncdn.com/i/headshots/wnba/players/full/3142191.png,41,2026-05-09,2026-08-28,41,1335,32.56,1029,25.1,27.75,72,1.76,1.94,24,0.59,0.65,48,1.17,1.29,114,2.78,3.07,47,1.15,1.27,5,0.12,0.13,72,1.76,1.94,0.51,0.45,0.39,0.84,0.3,0.6,0.65,0.28,0.15,0.08,0.02,0.04,0.86,0.97,0.98,0.35,0.72,0.1,0.46,0.03,1,0.54,0.43,0.6,0.22,0.56,0.51,0.2,0.93,0.15,0.03,0.11,0.34,0.82,0.44,0.29,0.55,0.44,0.5,0.54,0.56,0.53,0.62,0.51,0.5,0.45,0.61,0.54
2026,3142242,Amy Okonkwo,Fire,F,https://a.espncdn.com/i/headshots/wnba/players/full/3142242.png,4,2026-06-27,2026-08-30,0,32,8,17,4.25,19.12,4,1,4.5,2,0.5,2.25,2,0.5,2.25,1,0.25,1.12,1,0.25,1.12,0,0,0,0,0,0,0.33,0.36,0.73,0.75,0.27,0.47,0.51,0.24,0.05,0,0.08,0.08,0.71,0.15,0.21,0.06,0.05,0,0.66,0.05,0.67,0.57,1,0.44,0.2,0.56,0.52,0.12,0.87,0.14,0.07,0.19,0.33,0.75,0.32,0.31,0.48,0.41,0.48,0.62,0.59,0.55,0.63,0.53,0.48,0.57,0.48,0.52
2026,3142250,Jordin Canada,Dream,G,https://a.espncdn.com/i/headshots/wnba/players/full/3142250.png,39,2026-05-09,2026-08-30,39,1231,31.56,452,11.59,13.22,144,3.69,4.21,28,0.72,0.82,116,2.97,3.39,288,7.38,8.42,74,1.9,2.16,11,0.28,0.32,101,2.59,2.95,0.44,0.3,0.35,0.77,0.45,0.49,0.55,0.17,0.35,0.2,0.03,0.12,0.25,0.41,0.37,0.94,0.98,0.86,0.58,0.76,0.17,0.16,0.26,0.93,0.22,0.56,0.51,0.2,0.93,0.15,0.03,0.11,0.34,0.82,0.44,0.29,0.55,0.44,0.5,0.54,0.56,0.53,0.62,0.51,0.5,0.45,0.61,0.54
2026,3142255,Monique Billings,Fever,F,https://a.espncdn.com/i/headshots/wnba/players/full/3142255.png,39,2026-05-13,2026-08-28,31,766,19.64,266,6.82,12.5,189,4.85,8.88,67,1.72,3.15,122,3.13,5.73,40,1.03,1.88,35,0.9,1.64,19,0.49,0.89,32,0.82,1.5,0.52,0.28,0.1,0.75,0.58,0.53,0.6,0.15,0.07,0.13,0.12,0.19,0.15,0.74,0.58,0.13,0.62,0.37,0.85,0.54,0.25,0.57,0.27,0.99,0.2,0.56,0.52,0.12,0.87,0.14,0.07,0.19,0.33,0.75,0.32,0.31,0.48,0.41,0.48,0.62,0.59,0.55,0.63,0.53,0.48,0.57,0.48,0.52
2026,3142327,Kia Nurse,Tempo,G,https://a.espncdn.com/i/headshots/wnba/players/full/3142327.png,39,2026-05-08,2026-08-29,3,535,13.72,212,5.44,14.27,45,1.15,3.03,9,0.23,0.61,36,0.92,2.42,40,1.03,2.69,14,0.36,0.94,0,0,0,19,0.49,1.28,0.35,0.33,0.73,0.9,0.27,0.47,0.53,0.18,0.12,0.09,0.02,0.08,0.3,0.32,0.24,0.22,0.12,0.14,0.3,0.24,0.38,0.9,0.96,0.47,0.22,0.56,0.51,0.2,0.93,0.15,0.03,0.11,0.34,0.82,0.44,0.29,0.55,0.44,0.5,0.54,0.56,0.53,0.62,0.51,0.5,0.45,0.61,0.54
2026,3142328,Gabby Williams,Valkyries,F,https://a.espncdn.com/i/headshots/wnba/players/full/3142328.png,38,2026-05-08,2026-08-27,38,940,24.74,547,14.39,20.95,127,3.34,4.86,26,0.68,1,101,2.66,3.87,87,2.29,3.33,62,1.63,2.37,6,0.16,0.23,58,1.53,2.22,0.41,0.34,0.41,0.73,0.24,0.48,0.51,0.29,0.18,0.1,0.03,0.14,1,0.21,0.29,0.94,0.94,0.16,0.15,0.24,0.54,0.45,0.6,0.35,0.2,0.56,0.52,0.12,0.87,0.14,0.07,0.19,0.33,0.75,0.32,0.31,0.48,0.41,0.48,0.62,0.59,0.55,0.63,0.53,0.48,0.57,0.48,0.52
2026,3146151,Ariel Atkins,Sparks,G,https://a.espncdn.com/i/headshots/wnba/players/full/3146151.png,38,2026-05-10,2026-08-30,38,1036,27.26,323,8.5,11.22,109,2.87,3.79,27,0.71,0.94,82,2.16,2.85,111,2.92,3.86,63,1.66,2.19,15,0.39,0.52,57,1.5,1.98,0.37,0.28,0.52,0.93,0.18,0.45,0.49,0.16,0.16,0.15,0.03,0.1,0.12,0.13,0.11,0.38,0.91,0.54,0.67,0.39,0.1,0.95,0.76,0.19,0.22,0.56,0.51,0.2,0.93,0.15,0.03,0.11,0.34,0.82,0.44,0.29,0.55,0.44,0.5,0.54,0.56,0.53,0.62,0.51,0.5,0.45,0.61,0.54
2026,3149391,A'ja Wilson,Aces,C,https://a.espncdn.com/i/headshots/wnba/players/full/3149391.png,38,2026-05-09,2026-08-28,38,1201,31.61,974,25.63,29.2,352,9.26,10.55,68,1.79,2.04,284,7.47,8.51,118,3.11,3.54,53,1.39,1.59,75,1.97,2.25,91,2.39,2.73,0.52,0.38,0.14,0.86,0.44,0.55,0.62,0.33,0.19,0.1,0.07,0.28,1,0.8,0.6,0.97,0.93,0.21,0.21,0.69,0.67,1,0.49,0.72,0.23,0.58,0.54,0.13,0.68,0.14,0.08,0.23,0.35,0.75,0.22,0.35,0.57,0.41,0.4,0.54,0.63,0.44,0.52,0.46,0.31,0.52,0.59,0.48
2026,3904479,Mariella Fasoula,Tempo,C,https://a.espncdn.com/i/headshots/wnba/players/full/3904479.png,3,2026-05-08,2026-05-23,0,15,5,4,1.33,9.6,3,1,7.2,1,0.33,2.4,2,0.67,4.8,1,0.33,2.4,1,0.33,2.4,2,0.67,4.8,2,0.67,4.8,0.4,NA,0,NA,0,0.4,0.4,0.21,0.11,0.29,0.08,0.16,0.39,0,0.01,0.4,0.14,1,0.41,0.28,NA,NA,0.04,0,0.23,0.58,0.54,0.13,0.68,0.14,0.08,0.23,0.35,0.75,0.22,0.35,0.57,0.41,0.4,0.54,0.63,0.44,0.52,0.46,0.31,0.52,0.59,0.48
2026,3904576,Marina Mabrey,Tempo,G,https://a.espncdn.com/i/headshots/wnba/players/full/3904576.png,33,2026-05-08,2026-08-18,32,964,29.21,690,20.91,25.77,108,3.27,4.03,19,0.58,0.71,89,2.7,3.32,120,3.64,4.48,30,0.91,1.12,12,0.36,0.45,101,3.06,3.77,0.44,0.38,0.56,0.88,0.28,0.55,0.6,0.31,0.25,0.15,0.02,0.11,0.97,0.71,0.74,0.67,0.53,0.57,0.5,0.58,0.75,0.81,0.86,0.49,0.22,0.56,0.51,0.2,0.93,0.15,0.03,0.11,0.34,0.82,0.44,0.29,0.55,0.44,0.5,0.54,0.56,0.53,0.62,0.51,0.5,0.45,0.61,0.54
2026,3904577,Arike Ogunbowale,Wings,G,https://a.espncdn.com/i/headshots/wnba/players/full/3904577.png,40,2026-05-09,2026-08-30,40,1194,29.85,609,15.22,18.36,124,3.1,3.74,33,0.82,0.99,91,2.28,2.74,127,3.17,3.83,39,0.98,1.18,2,0.05,0.06,64,1.6,1.93,0.4,0.33,0.43,0.89,0.32,0.47,0.54,0.24,0.16,0.1,0.03,0.09,0.67,0.36,0.28,0.42,0.61,0.18,0.73,0.32,0.4,0.85,0.55,0.67,0.22,0.56,0.51,0.2,0.93,0.15,0.03,0.11,0.34,0.82,0.44,0.29,0.55,0.44,0.5,0.54,0.56,0.53,0.62,0.51,0.5,0.45,0.61,0.54
2026,3906753,Natisha Hiedeman,Storm,G,https://a.espncdn.com/i/headshots/wnba/players/full/3906753.png,36,2026-05-08,2026-08-14,36,1073,29.81,555,15.42,18.62,97,2.69,3.25,9,0.25,0.3,88,2.44,2.95,172,4.78,5.77,39,1.08,1.31,5,0.14,0.17,80,2.22,2.68,0.44,0.34,0.45,0.86,0.24,0.52,0.56,0.23,0.29,0.14,0.01,0.09,0.65,0.54,0.58,0.81,0.67,0.48,0.1,0.36,0.42,0.6,0.62,0.39,0.22,0.56,0.51,0.2,0.93,0.15,0.03,0.11,0.34,0.82,0.44,0.29,0.55,0.44,0.5,0.54,0.56,0.53,0.62,0.51,0.5,0.45,0.61,0.54
2026,3906769,Jovana Nogic,Mercury,G,https://a.espncdn.com/i/headshots/wnba/players/full/3906769.png,16,2026-05-09,2026-06-17,7,321,20.06,166,10.38,18.62,17,1.06,1.91,7,0.44,0.79,10,0.62,1.12,26,1.62,2.92,10,0.62,1.12,0,0,0,23,1.44,2.58,0.42,0.42,0.64,0.89,0.32,0.55,0.61,0.22,0.14,0.14,0.03,0.04,0.55,0.81,0.77,0.29,0.25,0.51,0.59,0.01,0.94,0.89,0.9,0.61,0.22,0.56,0.51,0.2,0.93,0.15,0.03,0.11,0.34,0.82,0.44,0.29,0.55,0.44,0.5,0.54,0.56,0.53,0.62,0.51,0.5,0.45,0.61,0.54
2026,3906949,Jessica Shepard,Wings,F,https://a.espncdn.com/i/headshots/wnba/players/full/3906949.png,39,2026-05-09,2026-08-30,39,1228,31.49,555,14.23,16.27,425,10.9,12.46,110,2.82,3.22,315,8.08,9.23,193,4.95,5.66,29,0.74,0.85,4,0.1,0.12,75,1.92,2.2,0.59,0.17,0.03,0.69,0.36,0.59,0.62,0.19,0.25,0.14,0.11,0.3,0.41,0.94,0.94,0.97,0.51,0.58,0.8,0.96,0.02,0.29,0.09,0.67,0.2,0.56,0.52,0.12,0.87,0.14,0.07,0.19,0.33,0.75,0.32,0.31,0.48,0.41,0.48,0.62,0.59,0.55,0.63,0.53,0.48,0.57,0.48,0.52
2026,3906972,Bridget Carleton,Fire,F,https://a.espncdn.com/i/headshots/wnba/players/full/3906972.png,39,2026-05-09,2026-08-30,39,1195,30.64,557,14.28,16.78,175,4.49,5.27,28,0.72,0.84,147,3.77,4.43,84,2.15,2.53,61,1.56,1.84,17,0.44,0.51,47,1.21,1.42,0.4,0.37,0.63,0.88,0.2,0.52,0.56,0.21,0.12,0.09,0.03,0.16,0.52,0.41,0.51,0.56,0.92,0.11,0.12,0.35,0.74,0.96,0.97,0.19,0.2,0.56,0.52,0.12,0.87,0.14,0.07,0.19,0.33,0.75,0.32,0.31,0.48,0.41,0.48,0.62,0.59,0.55,0.63,0.53,0.48,0.57,0.48,0.52
2026,3907781,Sophie Cunningham,Fever,G,https://a.espncdn.com/i/headshots/wnba/players/full/3907781.png,39,2026-05-09,2026-08-28,3,885,22.69,322,8.26,13.1,89,2.28,3.62,10,0.26,0.41,79,2.03,3.21,49,1.26,1.99,22,0.56,0.89,5,0.13,0.2,28,0.72,1.14,0.47,0.43,0.69,0.88,0.34,0.62,0.67,0.13,0.08,0.1,0.01,0.11,0.04,0.99,0.99,0.09,0.23,0.19,0.19,0.55,0.96,0.76,0.93,0.72,0.22,0.56,0.51,0.2,0.93,0.15,0.03,0.11,0.34,0.82,0.44,0.29,0.55,0.44,0.5,0.54,0.56,0.53,0.62,0.51,0.5,0.45,0.61,0.54
2026,3910470,Maria Conde,Tempo,F,https://a.espncdn.com/i/headshots/wnba/players/full/3910470.png,33,2026-05-08,2026-08-26,19,889,26.94,293,8.88,11.87,153,4.64,6.2,32,0.97,1.3,121,3.67,4.9,86,2.61,3.48,15,0.45,0.61,5,0.15,0.2,53,1.61,2.15,0.37,0.35,0.54,0.88,0.15,0.47,0.5,0.17,0.15,0.15,0.04,0.16,0.32,0.13,0.21,0.82,0.19,0.62,0.22,0.41,0.57,0.97,0.85,0.12,0.2,0.56,0.52,0.12,0.87,0.14,0.07,0.19,0.33,0.75,0.32,0.31,0.48,0.41,0.48,0.62,0.59,0.55,0.63,0.53,0.48,0.57,0.48,0.52
2026,3913680,Emese Hof,Lynx,C,https://a.espncdn.com/i/headshots/wnba/players/full/3913680.png,3,2026-05-09,2026-05-23,0,21,7,7,2.33,12,5,1.67,8.57,2,0.67,3.43,3,1,5.14,2,0.67,3.43,0,0,0,0,0,0,4,1.33,6.86,0.5,NA,0,0.5,0.33,0.5,0.51,0.23,0.13,0.37,0.12,0.17,0.55,0.09,0.17,0.53,0,1,0.84,0.3,NA,0.06,0.04,0.43,0.23,0.58,0.54,0.13,0.68,0.14,0.08,0.23,0.35,0.75,0.22,0.35,0.57,0.41,0.4,0.54,0.63,0.44,0.52,0.46,0.31,0.52,0.59,0.48
2026,3913881,Alanna Smith,Wings,F,https://a.espncdn.com/i/headshots/wnba/players/full/3913881.png,32,2026-05-09,2026-08-30,18,573,17.91,193,6.03,12.13,126,3.94,7.92,36,1.12,2.26,90,2.81,5.65,33,1.03,2.07,23,0.72,1.45,15,0.47,0.94,38,1.19,2.39,0.46,0.26,0.42,0.68,0.23,0.51,0.54,0.17,0.08,0.17,0.08,0.19,0.29,0.35,0.42,0.27,0.47,0.75,0.64,0.52,0.18,0.2,0.66,0.32,0.2,0.56,0.52,0.12,0.87,0.14,0.07,0.19,0.33,0.75,0.32,0.31,0.48,0.41,0.48,0.62,0.59,0.55,0.63,0.53,0.48,0.57,0.48,0.52
2026,3913903,Teaira McCowan,Lynx,C,https://a.espncdn.com/i/headshots/wnba/players/full/3913903.png,10,2026-05-29,2026-06-24,0,68,6.8,14,1.4,7.41,24,2.4,12.71,5,0.5,2.65,19,1.9,10.06,3,0.3,1.59,1,0.1,0.53,5,0.5,2.65,6,0.6,3.18,0.47,NA,0,0,0.2,0.47,0.43,0.15,0.06,0.27,0.09,0.32,0.05,0.01,0.08,0.04,0.01,1,0.74,1,NA,0,0.04,0.14,0.23,0.58,0.54,0.13,0.68,0.14,0.08,0.23,0.35,0.75,0.22,0.35,0.57,0.41,0.4,0.54,0.63,0.44,0.52,0.46,0.31,0.52,0.59,0.48
2026,3917450,Napheesa Collier,Lynx,F,https://a.espncdn.com/i/headshots/wnba/players/full/3917450.png,12,2026-07-22,2026-08-30,12,366,30.5,216,18,21.25,88,7.33,8.66,15,1.25,1.48,73,6.08,7.18,33,2.75,3.25,17,1.42,1.67,12,1,1.18,26,2.17,2.56,0.49,0.47,0.28,0.86,0.27,0.56,0.6,0.25,0.14,0.13,0.05,0.23,0.83,0.8,0.74,0.71,0.85,0.38,0.26,0.77,0.99,0.93,0.45,0.45,0.2,0.56,0.52,0.12,0.87,0.14,0.07,0.19,0.33,0.75,0.32,0.31,0.48,0.41,0.48,0.62,0.59,0.55,0.63,0.53,0.48,0.57,0.48,0.52
2026,3917453,Katie Lou Samuelson,Storm,F,https://a.espncdn.com/i/headshots/wnba/players/full/3917453.png,32,2026-05-24,2026-08-30,1,489,15.28,142,4.44,10.45,67,2.09,4.93,12,0.38,0.88,55,1.72,4.05,26,0.81,1.91,26,0.81,1.91,3,0.09,0.22,15,0.47,1.1,0.41,0.32,0.7,0.79,0.24,0.52,0.55,0.13,0.08,0.1,0.03,0.13,0.08,0.37,0.46,0.26,0.56,0.22,0.08,0.18,0.41,0.61,0.99,0.36,0.2,0.56,0.52,0.12,0.87,0.14,0.07,0.19,0.33,0.75,0.32,0.31,0.48,0.41,0.48,0.62,0.59,0.55,0.63,0.53,0.48,0.57,0.48,0.52
2026,3919496,Valeriane Ayayi,Mercury,F,https://a.espncdn.com/i/headshots/wnba/players/full/3919496.png,33,2026-05-12,2026-08-27,5,542,16.42,209,6.33,13.88,89,2.7,5.91,21,0.64,1.39,68,2.06,4.52,42,1.27,2.79,17,0.52,1.13,7,0.21,0.46,45,1.36,2.99,0.38,0.3,0.49,0.84,0.85,0.45,0.59,0.19,0.12,0.2,0.05,0.16,0.37,0.66,0.13,0.6,0.22,0.92,0.25,0.32,0.29,0.78,0.7,1,0.2,0.56,0.52,0.12,0.87,0.14,0.07,0.19,0.33,0.75,0.32,0.31,0.48,0.41,0.48,0.62,0.59,0.55,0.63,0.53,0.48,0.57,0.48,0.52
2026,3922628,Kennedy Burke,Sun,G,https://a.espncdn.com/i/headshots/wnba/players/full/3922628.png,37,2026-05-08,2026-08-26,14,883,23.86,325,8.78,13.25,119,3.22,4.85,38,1.03,1.55,81,2.19,3.3,53,1.43,2.16,46,1.24,1.88,30,0.81,1.22,55,1.49,2.24,0.4,0.32,0.49,0.71,0.29,0.48,0.52,0.18,0.1,0.15,0.05,0.12,0.35,0.3,0.33,0.17,0.78,0.58,0.9,0.73,0.32,0.06,0.68,0.56,0.22,0.56,0.51,0.2,0.93,0.15,0.03,0.11,0.34,0.82,0.44,0.29,0.55,0.44,0.5,0.54,0.56,0.53,0.62,0.51,0.5,0.45,0.61,0.54
2026,3934218,Megan DiLeo,Fire,C,https://a.espncdn.com/i/headshots/wnba/players/full/3934218.png,38,2026-05-09,2026-08-30,29,913,24.03,503,13.24,19.83,159,4.18,6.27,52,1.37,2.05,107,2.82,4.22,35,0.92,1.38,14,0.37,0.55,23,0.61,0.91,28,0.74,1.1,0.55,0.37,0.39,0.81,0.2,0.62,0.65,0.21,0.07,0.07,0.07,0.15,0.39,1,1,0.15,0.23,0.06,0.3,0.14,0.59,0.64,0.74,0.2,0.23,0.58,0.54,0.13,0.68,0.14,0.08,0.23,0.35,0.75,0.22,0.35,0.57,0.41,0.4,0.54,0.63,0.44,0.52,0.46,0.31,0.52,0.59,0.48
2026,4001679,Julie Allemand,Tempo,G,https://a.espncdn.com/i/headshots/wnba/players/full/4001679.png,29,2026-05-08,2026-08-23,27,833,28.72,184,6.34,7.95,90,3.1,3.89,7,0.24,0.3,83,2.86,3.59,161,5.55,6.96,40,1.38,1.73,12,0.41,0.52,51,1.76,2.2,0.54,0.42,0.67,0.77,0.1,0.69,0.69,0.1,0.29,0.28,0.01,0.12,0.01,1,1,0.83,0.88,0.99,0.11,0.75,0.95,0.16,0.91,0.07,0.22,0.56,0.51,0.2,0.93,0.15,0.03,0.11,0.34,0.82,0.44,0.29,0.55,0.44,0.5,0.54,0.56,0.53,0.62,0.51,0.5,0.45,0.61,0.54
2026,4038379,Marine Johannes,Liberty,G,https://a.espncdn.com/i/headshots/wnba/players/full/4038379.png,38,2026-05-08,2026-08-29,18,790,20.79,323,8.5,14.72,80,2.11,3.65,14,0.37,0.64,66,1.74,3.01,90,2.37,4.1,32,0.84,1.46,5,0.13,0.23,61,1.61,2.78,0.42,0.39,0.78,0.88,0.09,0.57,0.59,0.19,0.18,0.18,0.02,0.1,0.39,0.68,0.88,0.49,0.45,0.78,0.41,0.41,0.81,0.76,0.99,0.04,0.22,0.56,0.51,0.2,0.93,0.15,0.03,0.11,0.34,0.82,0.44,0.29,0.55,0.44,0.5,0.54,0.56,0.53,0.62,0.51,0.5,0.45,0.61,0.54
2026,4065760,Tyasha Harris,Fever,G,https://a.espncdn.com/i/headshots/wnba/players/full/4065760.png,35,2026-05-09,2026-08-28,4,489,13.97,147,4.2,10.82,38,1.09,2.8,5,0.14,0.37,33,0.94,2.43,69,1.97,5.08,10,0.29,0.74,5,0.14,0.37,18,0.51,1.33,0.42,0.36,0.54,0.89,0.23,0.52,0.57,0.13,0.19,0.12,0.01,0.08,0.03,0.54,0.59,0.52,0.07,0.36,0.18,0.23,0.55,0.85,0.82,0.33,0.22,0.56,0.51,0.2,0.93,0.15,0.03,0.11,0.34,0.82,0.44,0.29,0.55,0.44,0.5,0.54,0.56,0.53,0.62,0.51,0.5,0.45,0.61,0.54
2026,4065780,Kaila Charles,Valkyries,G,https://a.espncdn.com/i/headshots/wnba/players/full/4065780.png,40,2026-05-08,2026-08-30,9,787,19.68,246,6.15,11.25,177,4.42,8.1,61,1.52,2.79,116,2.9,5.31,55,1.38,2.52,30,0.75,1.37,9,0.22,0.41,39,0.98,1.78,0.42,0.28,0.41,0.78,0.23,0.47,0.51,0.16,0.12,0.14,0.09,0.19,0.12,0.26,0.26,0.2,0.34,0.46,1,0.98,0.08,0.21,0.47,0.33,0.22,0.56,0.51,0.2,0.93,0.15,0.03,0.11,0.34,0.82,0.44,0.29,0.55,0.44,0.5,0.54,0.56,0.53,0.62,0.51,0.5,0.45,0.61,0.54
2026,4065870,Jackie Young,Aces,G,https://a.espncdn.com/i/headshots/wnba/players/full/4065870.png,41,2026-05-09,2026-08-28,40,1306,31.85,771,18.8,21.25,175,4.27,4.82,29,0.71,0.8,146,3.56,4.02,268,6.54,7.39,35,0.85,0.96,11,0.27,0.3,95,2.32,2.62,0.48,0.39,0.43,0.93,0.23,0.57,0.61,0.25,0.34,0.13,0.03,0.13,0.71,0.87,0.87,0.91,0.49,0.4,0.62,0.83,0.79,0.98,0.58,0.37,0.22,0.56,0.51,0.2,0.93,0.15,0.03,0.11,0.34,0.82,0.44,0.29,0.55,0.44,0.5,0.54,0.56,0.53,0.62,0.51,0.5,0.45,0.61,0.54
2026,4066533,Sabrina Ionescu,Liberty,G,https://a.espncdn.com/i/headshots/wnba/players/full/4066533.png,28,2026-05-24,2026-08-29,27,854,30.5,433,15.46,18.25,113,4.04,4.76,21,0.75,0.89,92,3.29,3.88,133,4.75,5.61,18,0.64,0.76,9,0.32,0.38,77,2.75,3.25,0.4,0.3,0.52,0.89,0.26,0.48,0.54,0.25,0.26,0.16,0.03,0.12,0.72,0.34,0.35,0.71,0.27,0.69,0.68,0.78,0.21,0.88,0.79,0.45,0.22,0.56,0.51,0.2,0.93,0.15,0.03,0.11,0.34,0.82,0.44,0.29,0.55,0.44,0.5,0.54,0.56,0.53,0.62,0.51,0.5,0.45,0.61,0.54
2026,4066546,Nadia Fingall,Valkyries,C,https://a.espncdn.com/i/headshots/wnba/players/full/4066546.png,9,2026-06-21,2026-08-30,0,29,3.22,11,1.22,13.66,5,0.56,6.21,3,0.33,3.72,2,0.22,2.48,2,0.22,2.48,0,0,0,0,0,0,1,0.11,1.24,0.67,0.33,0.5,1,0.33,0.75,0.8,0.13,0.12,0.13,0.12,0.09,0.04,1,1,0.48,0,0.31,0.97,0,0.23,1,0.96,0.43,0.23,0.58,0.54,0.13,0.68,0.14,0.08,0.23,0.35,0.75,0.22,0.35,0.57,0.41,0.4,0.54,0.63,0.44,0.52,0.46,0.31,0.52,0.59,0.48
2026,4066548,DiJonai Carrington,Sky,G,https://a.espncdn.com/i/headshots/wnba/players/full/4066548.png,11,2026-07-30,2026-08-25,0,178,16.18,97,8.82,19.62,34,3.09,6.88,5,0.45,1.01,29,2.64,5.87,7,0.64,1.42,7,0.64,1.42,2,0.18,0.4,9,0.82,1.82,0.33,0.28,0.27,0.74,0.4,0.37,0.44,0.29,0.07,0.08,0.03,0.19,0.9,0.04,0.02,0.03,0.26,0.01,0.68,1,0.07,0.1,0.1,0.85,0.22,0.56,0.51,0.2,0.93,0.15,0.03,0.11,0.34,0.82,0.44,0.29,0.55,0.44,0.5,0.54,0.56,0.53,0.62,0.51,0.5,0.45,0.61,0.54
2026,4068042,Natasha Mack,Mercury,F,https://a.espncdn.com/i/headshots/wnba/players/full/4068042.png,32,2026-05-09,2026-08-29,23,714,22.31,269,8.41,13.56,218,6.81,10.99,74,2.31,3.73,144,4.5,7.26,39,1.22,1.97,25,0.78,1.26,38,1.19,1.92,29,0.91,1.46,0.61,0.25,0.04,0.77,0.25,0.61,0.64,0.15,0.1,0.12,0.13,0.25,0.17,0.96,0.96,0.36,0.52,0.34,0.88,0.87,0.11,0.58,0.11,0.38,0.2,0.56,0.52,0.12,0.87,0.14,0.07,0.19,0.33,0.75,0.32,0.31,0.48,0.41,0.48,0.62,0.59,0.55,0.63,0.53,0.48,0.57,0.48,0.52
2026,4068104,Peyton Williams,Mercury,F,https://a.espncdn.com/i/headshots/wnba/players/full/4068104.png,1,2026-05-09,2026-05-09,0,6,6,0,0,0,0,0,0,0,0,0,0,0,0,2,2,12,0,0,0,1,1,6,0,0,0,0,NA,0,NA,0,0,0,0.08,0.46,0,0,0,0,0,0,1,0,0,0,0,NA,NA,0,0,0.2,0.56,0.52,0.12,0.87,0.14,0.07,0.19,0.33,0.75,0.32,0.31,0.48,0.41,0.48,0.62,0.59,0.55,0.63,0.53,0.48,0.57,0.48,0.52
2026,4068159,Sug Sutton,Wings,G,https://a.espncdn.com/i/headshots/wnba/players/full/4068159.png,25,2026-05-14,2026-08-30,2,260,10.4,84,3.36,11.63,21,0.84,2.91,2,0.08,0.28,19,0.76,2.63,50,2,6.92,9,0.36,1.25,2,0.08,0.28,21,0.84,2.91,0.46,0.27,0.35,0.64,0.19,0.51,0.52,0.17,0.28,0.21,0.01,0.09,0.24,0.31,0.48,0.77,0.13,0.94,0.06,0.27,0.07,0.05,0.25,0.22,0.22,0.56,0.51,0.2,0.93,0.15,0.03,0.11,0.34,0.82,0.44,0.29,0.55,0.44,0.5,0.54,0.56,0.53,0.62,0.51,0.5,0.45,0.61,0.54
2026,4068161,Joyner Holmes,Storm,F,https://a.espncdn.com/i/headshots/wnba/players/full/4068161.png,1,2026-05-22,2026-05-22,0,15,15,2,2,4.8,5,5,12,1,1,2.4,4,4,9.6,1,1,2.4,0,0,0,3,3,7.2,2,2,4.8,0.25,0,0.25,NA,0,0.25,0.25,0.17,0.1,0.33,0.08,0.3,0.32,0,0,0.36,0,1,0.65,0.99,0,NA,0.39,0,0.2,0.56,0.52,0.12,0.87,0.14,0.07,0.19,0.33,0.75,0.32,0.31,0.48,0.41,0.48,0.62,0.59,0.55,0.63,0.53,0.48,0.57,0.48,0.52
2026,4068346,Kamiah Smalls,Fire,F,https://a.espncdn.com/i/headshots/wnba/players/full/4068346.png,2,2026-05-12,2026-05-14,1,30,15,15,7.5,18,0,0,0,0,0,0,0,0,0,6,3,7.2,0,0,0,0,0,0,4,2,4.8,0.5,0.57,0.7,1,0.1,0.7,0.72,0.22,0.34,0.28,0,0,0.58,1,1,0.97,0,0.99,0,0,1,1,0.99,0.04,0.2,0.56,0.52,0.12,0.87,0.14,0.07,0.19,0.33,0.75,0.32,0.31,0.48,0.41,0.48,0.62,0.59,0.55,0.63,0.53,0.48,0.57,0.48,0.52
2026,4257500,Cecilia Zandalasini,Valkyries,F,https://a.espncdn.com/i/headshots/wnba/players/full/4257500.png,35,2026-05-08,2026-08-27,32,671,19.17,309,8.83,16.58,76,2.17,4.08,11,0.31,0.59,65,1.86,3.49,62,1.77,3.33,30,0.86,1.61,6,0.17,0.32,48,1.37,2.58,0.4,0.33,0.5,0.83,0.14,0.48,0.51,0.24,0.17,0.14,0.02,0.12,0.8,0.15,0.33,0.84,0.59,0.48,0.04,0.14,0.48,0.76,0.76,0.08,0.2,0.56,0.52,0.12,0.87,0.14,0.07,0.19,0.33,0.75,0.32,0.31,0.48,0.41,0.48,0.62,0.59,0.55,0.63,0.53,0.48,0.57,0.48,0.52
2026,4280850,Maya Caldwell,Lynx,G,https://a.espncdn.com/i/headshots/wnba/players/full/4280850.png,40,2026-05-09,2026-08-30,3,550,13.75,160,4,10.47,86,2.15,5.63,31,0.78,2.03,55,1.38,3.6,40,1,2.62,25,0.62,1.64,7,0.17,0.46,28,0.7,1.83,0.37,0.37,0.51,0.81,0.18,0.47,0.5,0.15,0.1,0.15,0.07,0.12,0.07,0.19,0.22,0.13,0.25,0.58,0.97,0.64,0.69,0.42,0.71,0.21,0.22,0.56,0.51,0.2,0.93,0.15,0.03,0.11,0.34,0.82,0.44,0.29,0.55,0.44,0.5,0.54,0.56,0.53,0.62,0.51,0.5,0.45,0.61,0.54
2026,4280877,Chloe Bibby,Lynx,F,https://a.espncdn.com/i/headshots/wnba/players/full/4280877.png,7,2026-07-15,2026-08-30,0,69,9.86,29,4.14,15.13,4,0.57,2.09,0,0,0,4,0.57,2.09,6,0.86,3.13,2,0.29,1.04,3,0.43,1.57,6,0.86,3.13,0.41,0.29,0.63,1,0.07,0.5,0.52,0.22,0.13,0.18,0,0.07,0.59,0.26,0.4,0.63,0.06,0.8,0,0.04,0.27,1,0.97,0.02,0.2,0.56,0.52,0.12,0.87,0.14,0.07,0.19,0.33,0.75,0.32,0.31,0.48,0.41,0.48,0.62,0.59,0.55,0.63,0.53,0.48,0.57,0.48,0.52
2026,4280892,Chennedy Carter,Aces,G,https://a.espncdn.com/i/headshots/wnba/players/full/4280892.png,14,2026-05-09,2026-07-05,0,244,17.43,177,12.64,26.11,26,1.86,3.84,10,0.71,1.48,16,1.14,2.36,20,1.43,2.95,13,0.93,1.92,4,0.29,0.59,18,1.29,2.66,0.59,0.5,0.19,0.76,0.37,0.64,0.67,0.28,0.15,0.12,0.05,0.08,0.83,0.98,0.99,0.35,0.55,0.34,0.93,0.2,1,0.12,0.02,0.73,0.22,0.56,0.51,0.2,0.93,0.15,0.03,0.11,0.34,0.82,0.44,0.29,0.55,0.44,0.5,0.54,0.56,0.53,0.62,0.51,0.5,0.45,0.61,0.54
2026,4281190,Dana Evans,Aces,G,https://a.espncdn.com/i/headshots/wnba/players/full/4281190.png,11,2026-07-12,2026-08-28,1,181,16.45,38,3.45,7.56,18,1.64,3.58,0,0,0,18,1.64,3.58,23,2.09,4.57,2,0.18,0.4,2,0.18,0.4,12,1.09,2.39,0.25,0.31,0.46,0.5,0.07,0.32,0.32,0.18,0.17,0.17,0,0.12,0.27,0,0,0.45,0.03,0.72,0,0.68,0.23,0.01,0.63,0.02,0.22,0.56,0.51,0.2,0.93,0.15,0.03,0.11,0.34,0.82,0.44,0.29,0.55,0.44,0.5,0.54,0.56,0.53,0.62,0.51,0.5,0.45,0.61,0.54
2026,4281929,Satou Sabally,Liberty,F,https://a.espncdn.com/i/headshots/wnba/players/full/4281929.png,13,2026-05-21,2026-06-23,5,217,16.69,135,10.38,22.4,36,2.77,5.97,5,0.38,0.83,31,2.38,5.14,25,1.92,4.15,1,0.08,0.17,2,0.15,0.33,22,1.69,3.65,0.46,0.38,0.53,0.86,0.3,0.56,0.61,0.27,0.2,0.17,0.03,0.16,0.96,0.86,0.77,0.94,0.01,0.69,0.1,0.38,0.75,0.93,0.83,0.51,0.2,0.56,0.52,0.12,0.87,0.14,0.07,0.19,0.33,0.75,0.32,0.31,0.48,0.41,0.48,0.62,0.59,0.55,0.63,0.53,0.48,0.57,0.48,0.52
2026,4281930,Anneli Maley,Liberty,F,https://a.espncdn.com/i/headshots/wnba/players/full/4281930.png,8,2026-05-09,2026-08-29,0,70,8.75,6,0.75,3.09,11,1.38,5.66,5,0.62,2.57,6,0.75,3.09,2,0.25,1.03,5,0.62,2.57,1,0.12,0.51,1,0.12,0.51,0.07,0.17,0.4,0.75,0.27,0.1,0.18,0.11,0.04,0.06,0.09,0.1,0.03,0,0,0.02,0.38,0.01,0.72,0.1,0.02,0.57,0.56,0.44,0.2,0.56,0.52,0.12,0.87,0.14,0.07,0.19,0.33,0.75,0.32,0.31,0.48,0.41,0.48,0.62,0.59,0.55,0.63,0.53,0.48,0.57,0.48,0.52
2026,4282168,Kiana Williams,Tempo,G,https://a.espncdn.com/i/headshots/wnba/players/full/4282168.png,24,2026-05-09,2026-08-29,0,311,12.96,98,4.08,11.34,10,0.42,1.16,1,0.04,0.12,9,0.38,1.04,29,1.21,3.36,9,0.38,1.04,1,0.04,0.12,20,0.83,2.32,0.35,0.28,0.67,0.75,0.12,0.44,0.47,0.18,0.15,0.16,0,0.03,0.27,0.05,0.1,0.33,0.13,0.63,0.01,0.01,0.12,0.11,0.92,0.1,0.22,0.56,0.51,0.2,0.93,0.15,0.03,0.11,0.34,0.82,0.44,0.29,0.55,0.44,0.5,0.54,0.56,0.53,0.62,0.51,0.5,0.45,0.61,0.54
2026,4282173,Michaela Onyenwere,Mystics,F,https://a.espncdn.com/i/headshots/wnba/players/full/4282173.png,36,2026-05-24,2026-08-28,36,906,25.17,320,8.89,12.72,97,2.69,3.85,51,1.42,2.03,46,1.28,1.83,61,1.69,2.42,16,0.44,0.64,6,0.17,0.24,59,1.64,2.34,0.44,0.4,0.52,0.83,0.29,0.54,0.59,0.16,0.11,0.18,0.07,0.06,0.24,0.71,0.6,0.5,0.17,0.82,0.61,0.03,0.93,0.75,0.8,0.51,0.2,0.56,0.52,0.12,0.87,0.14,0.07,0.19,0.33,0.75,0.32,0.31,0.48,0.41,0.48,0.62,0.59,0.55,0.63,0.53,0.48,0.57,0.48,0.52
2026,4336633,Li Yueru,Wings,C,https://a.espncdn.com/i/headshots/wnba/players/full/4336633.png,29,2026-05-09,2026-08-30,0,295,10.17,97,3.34,11.84,76,2.62,9.27,25,0.86,3.05,51,1.76,6.22,13,0.45,1.59,4,0.14,0.49,8,0.28,0.98,19,0.66,2.32,0.39,0.24,0.47,0.73,0.69,0.44,0.53,0.17,0.06,0.17,0.1,0.2,0.19,0.11,0.05,0.06,0.03,0.89,0.83,0.4,0.04,0.35,0.8,1,0.23,0.58,0.54,0.13,0.68,0.14,0.08,0.23,0.35,0.75,0.22,0.35,0.57,0.41,0.4,0.54,0.63,0.44,0.52,0.46,0.31,0.52,0.59,0.48
2026,4337216,Han Xu,Liberty,C,https://a.espncdn.com/i/headshots/wnba/players/full/4337216.png,40,2026-05-08,2026-08-29,2,558,13.95,257,6.42,16.58,103,2.58,6.65,31,0.78,2,72,1.8,4.65,28,0.7,1.81,13,0.32,0.84,26,0.65,1.68,19,0.48,1.23,0.51,0.4,0.46,0.85,0.17,0.6,0.63,0.18,0.08,0.08,0.07,0.15,0.28,0.86,0.93,0.19,0.14,0.09,0.24,0.09,0.91,0.84,0.79,0.13,0.23,0.58,0.54,0.13,0.68,0.14,0.08,0.23,0.35,0.75,0.22,0.35,0.57,0.41,0.4,0.54,0.63,0.44,0.52,0.46,0.31,0.52,0.59,0.48
2026,4398577,Miela Sowah,Valkyries,G,https://a.espncdn.com/i/headshots/wnba/players/full/4398577.png,6,2026-05-08,2026-08-30,0,21,3.5,2,0.33,3.43,5,0.83,8.57,1,0.17,1.71,4,0.67,6.86,0,0,0,0,0,0,0,0,0,2,0.33,3.43,0.11,0,0.78,NA,0,0.11,0.11,0.24,0,0.18,0.06,0.24,0.67,0,0,0,0,0.78,0.94,1,0,NA,0.98,0,0.22,0.56,0.51,0.2,0.93,0.15,0.03,0.11,0.34,0.82,0.44,0.29,0.55,0.44,0.5,0.54,0.56,0.53,0.62,0.51,0.5,0.45,0.61,0.54
2026,4398674,Rhyne Howard,Dream,G,https://a.espncdn.com/i/headshots/wnba/players/full/4398674.png,40,2026-05-09,2026-08-30,39,1370,34.25,723,18.08,19,150,3.75,3.94,27,0.68,0.71,123,3.08,3.23,144,3.6,3.78,93,2.33,2.44,35,0.88,0.92,56,1.4,1.47,0.41,0.36,0.62,0.88,0.25,0.52,0.57,0.21,0.17,0.08,0.02,0.12,0.52,0.57,0.56,0.47,1,0.04,0.39,0.64,0.59,0.78,0.89,0.42,0.22,0.56,0.51,0.2,0.93,0.15,0.03,0.11,0.34,0.82,0.44,0.29,0.55,0.44,0.5,0.54,0.56,0.53,0.62,0.51,0.5,0.45,0.61,0.54
2026,4398729,Emily Engstler,Fire,F,https://a.espncdn.com/i/headshots/wnba/players/full/4398729.png,40,2026-05-09,2026-08-30,40,980,24.5,401,10.03,14.73,222,5.55,8.16,48,1.2,1.76,174,4.35,6.39,84,2.1,3.09,59,1.48,2.17,59,1.48,2.17,76,1.9,2.79,0.48,0.36,0.42,0.7,0.2,0.55,0.57,0.2,0.14,0.18,0.06,0.23,0.48,0.58,0.72,0.7,0.89,0.84,0.47,0.72,0.6,0.35,0.64,0.23,0.2,0.56,0.52,0.12,0.87,0.14,0.07,0.19,0.33,0.75,0.32,0.31,0.48,0.41,0.48,0.62,0.59,0.55,0.63,0.53,0.48,0.57,0.48,0.52
2026,4398764,Rae Burrell,Sparks,G,https://a.espncdn.com/i/headshots/wnba/players/full/4398764.png,39,2026-05-10,2026-08-30,31,1130,28.97,568,14.56,18.1,93,2.38,2.96,22,0.56,0.7,71,1.82,2.26,100,2.56,3.19,34,0.87,1.08,24,0.62,0.76,95,2.44,3.03,0.46,0.38,0.39,0.8,0.33,0.54,0.58,0.23,0.14,0.16,0.02,0.08,0.57,0.63,0.68,0.31,0.51,0.71,0.42,0.17,0.71,0.34,0.39,0.69,0.22,0.56,0.51,0.2,0.93,0.15,0.03,0.11,0.34,0.82,0.44,0.29,0.55,0.44,0.5,0.54,0.56,0.53,0.62,0.51,0.5,0.45,0.61,0.54
2026,4398766,Zaay Green,Tempo,G,https://a.espncdn.com/i/headshots/wnba/players/full/4398766.png,3,2026-08-19,2026-08-29,0,30,10,7,2.33,8.4,2,0.67,2.4,0,0,0,2,0.67,2.4,1,0.33,1.2,1,0.33,1.2,0,0,0,2,0.67,2.4,0.38,0.2,0.62,NA,0,0.44,0.44,0.15,0.05,0.2,0,0.08,0.07,0.03,0.07,0.02,0.11,0.86,0,0.22,0.04,NA,0.89,0,0.22,0.56,0.51,0.2,0.93,0.15,0.03,0.11,0.34,0.82,0.44,0.29,0.55,0.44,0.5,0.54,0.56,0.53,0.62,0.51,0.5,0.45,0.61,0.54
2026,4398768,Nyara Sabally,Tempo,F,https://a.espncdn.com/i/headshots/wnba/players/full/4398768.png,24,2026-05-08,2026-08-12,20,574,23.92,295,12.29,18.5,126,5.25,7.9,43,1.79,2.7,83,3.46,5.21,41,1.71,2.57,24,1,1.51,21,0.88,1.32,38,1.58,2.38,0.53,0.39,0.25,0.72,0.4,0.58,0.61,0.21,0.13,0.14,0.09,0.17,0.56,0.87,0.88,0.66,0.65,0.5,0.73,0.48,0.82,0.41,0.39,0.74,0.2,0.56,0.52,0.12,0.87,0.14,0.07,0.19,0.33,0.75,0.32,0.31,0.48,0.41,0.48,0.62,0.59,0.55,0.63,0.53,0.48,0.57,0.48,0.52
2026,4398776,NaLyssa Smith,Aces,F,https://a.espncdn.com/i/headshots/wnba/players/full/4398776.png,39,2026-05-09,2026-08-23,39,943,24.18,453,11.62,17.29,250,6.41,9.54,88,2.26,3.36,162,4.15,6.18,35,0.9,1.34,24,0.62,0.92,25,0.64,0.95,34,0.87,1.3,0.63,0.12,0.03,0.57,0.46,0.64,0.64,0.19,0.06,0.09,0.11,0.2,0.36,0.98,0.98,0.09,0.37,0.13,0.83,0.61,0,0.06,0.06,0.91,0.2,0.56,0.52,0.12,0.87,0.14,0.07,0.19,0.33,0.75,0.32,0.31,0.48,0.41,0.48,0.62,0.59,0.55,0.63,0.53,0.48,0.57,0.48,0.52
2026,4398829,Lexie Hull,Fever,G,https://a.espncdn.com/i/headshots/wnba/players/full/4398829.png,40,2026-05-09,2026-08-28,37,766,19.15,215,5.38,10.1,125,3.12,5.87,36,0.9,1.69,89,2.22,4.18,28,0.7,1.32,22,0.55,1.03,7,0.17,0.33,30,0.75,1.41,0.44,0.35,0.52,0.83,0.2,0.53,0.56,0.13,0.05,0.13,0.06,0.14,0.02,0.48,0.62,0.02,0.21,0.42,0.95,0.87,0.5,0.47,0.75,0.23,0.22,0.56,0.51,0.2,0.93,0.15,0.03,0.11,0.34,0.82,0.44,0.29,0.55,0.44,0.5,0.54,0.56,0.53,0.62,0.51,0.5,0.45,0.61,0.54
2026,4398907,Kate Martin,Sparks,G,https://a.espncdn.com/i/headshots/wnba/players/full/4398907.png,17,2026-05-15,2026-08-20,0,120,7.06,39,2.29,11.7,19,1.12,5.7,5,0.29,1.5,14,0.82,4.2,6,0.35,1.8,5,0.29,1.5,3,0.18,0.9,3,0.18,0.9,0.37,0.31,0.74,0.62,0.23,0.49,0.51,0.15,0.07,0.07,0.05,0.14,0.08,0.19,0.35,0.07,0.08,0.01,0.93,0.88,0.23,0.04,0.97,0.33,0.22,0.56,0.51,0.2,0.93,0.15,0.03,0.11,0.34,0.82,0.44,0.29,0.55,0.44,0.5,0.54,0.56,0.53,0.62,0.51,0.5,0.45,0.61,0.54
2026,4398911,Shakira Austin,Mystics,C,https://a.espncdn.com/i/headshots/wnba/players/full/4398911.png,39,2026-05-08,2026-08-28,39,1151,29.51,657,16.85,20.55,367,9.41,11.48,75,1.92,2.35,292,7.49,9.13,97,2.49,3.03,27,0.69,0.84,52,1.33,1.63,114,2.92,3.57,0.49,0.34,0.1,0.73,0.46,0.51,0.56,0.27,0.17,0.16,0.08,0.3,0.79,0.34,0.26,0.69,0.69,0.83,0.51,0.97,0.27,0.33,0.36,0.84,0.23,0.58,0.54,0.13,0.68,0.14,0.08,0.23,0.35,0.75,0.22,0.35,0.57,0.41,0.4,0.54,0.63,0.44,0.52,0.46,0.31,0.52,0.59,0.48
2026,4398915,Naz Hillmon,Dream,F,https://a.espncdn.com/i/headshots/wnba/players/full/4398915.png,39,2026-05-09,2026-08-30,37,1146,29.38,356,9.13,11.18,179,4.59,5.62,58,1.49,1.82,121,3.1,3.8,58,1.49,1.82,23,0.59,0.72,16,0.41,0.5,56,1.44,1.76,0.47,0.3,0.52,0.82,0.17,0.55,0.58,0.13,0.08,0.15,0.06,0.14,0.12,0.63,0.65,0.19,0.3,0.65,0.41,0.26,0.32,0.73,0.82,0.15,0.2,0.56,0.52,0.12,0.87,0.14,0.07,0.19,0.33,0.75,0.32,0.31,0.48,0.41,0.48,0.62,0.59,0.55,0.63,0.53,0.48,0.57,0.48,0.52
2026,4398935,Veronica Burton,Valkyries,G,https://a.espncdn.com/i/headshots/wnba/players/full/4398935.png,40,2026-05-08,2026-08-30,40,1136,28.4,493,12.32,15.62,142,3.55,4.5,47,1.18,1.49,95,2.38,3.01,232,5.8,7.35,60,1.5,1.9,16,0.4,0.51,56,1.4,1.77,0.43,0.36,0.42,0.82,0.37,0.51,0.57,0.2,0.35,0.11,0.05,0.11,0.44,0.59,0.5,0.92,0.89,0.33,0.92,0.52,0.61,0.45,0.53,0.76,0.22,0.56,0.51,0.2,0.93,0.15,0.03,0.11,0.34,0.82,0.44,0.29,0.55,0.44,0.5,0.54,0.56,0.53,0.62,0.51,0.5,0.45,0.61,0.54
2026,4398938,Dorka Juhasz,Lynx,F,https://a.espncdn.com/i/headshots/wnba/players/full/4398938.png,17,2026-07-06,2026-08-24,0,245,14.41,65,3.82,9.55,45,2.65,6.61,7,0.41,1.03,38,2.24,5.58,21,1.24,3.09,5,0.29,0.73,11,0.65,1.62,9,0.53,1.32,0.4,0.33,0.69,0.25,0.06,0.52,0.51,0.13,0.11,0.12,0.03,0.18,0.1,0.18,0.46,0.53,0.06,0.36,0.15,0.49,0.42,0,0.98,0.01,0.2,0.56,0.52,0.12,0.87,0.14,0.07,0.19,0.33,0.75,0.32,0.31,0.48,0.41,0.48,0.62,0.59,0.55,0.63,0.53,0.48,0.57,0.48,0.52
2026,4398965,Christyn Williams,Wings,G,https://a.espncdn.com/i/headshots/wnba/players/full/4398965.png,1,2026-08-30,2026-08-30,0,5,5,1,1,7.2,1,1,7.2,0,0,0,1,1,7.2,0,0,0,0,0,0,0,0,0,0,0,0,0,0,0.5,0.5,1,0,0.17,0.26,0,0,0,0.24,0.77,0,0,0,0,0,0,1,0,0.01,0.68,1,0.22,0.56,0.51,0.2,0.93,0.15,0.03,0.11,0.34,0.82,0.44,0.29,0.55,0.44,0.5,0.54,0.56,0.53,0.62,0.51,0.5,0.45,0.61,0.54
2026,4398966,Olivia Nelson-Ododa,Sun,C,https://a.espncdn.com/i/headshots/wnba/players/full/4398966.png,32,2026-05-08,2026-08-22,22,685,21.41,321,10.03,16.87,190,5.94,9.99,53,1.66,2.79,137,4.28,7.2,52,1.62,2.73,25,0.78,1.31,26,0.81,1.37,52,1.62,2.73,0.57,0,0.01,0.68,0.57,0.57,0.61,0.2,0.14,0.16,0.09,0.26,0.33,0.59,0.69,0.62,0.74,0.88,0.74,0.54,0,0.2,0.19,0.98,0.23,0.58,0.54,0.13,0.68,0.14,0.08,0.23,0.35,0.75,0.22,0.35,0.57,0.41,0.4,0.54,0.63,0.44,0.52,0.46,0.31,0.52,0.59,0.48
2026,4399342,Lexi Held,Mercury,G,https://a.espncdn.com/i/headshots/wnba/players/full/4399342.png,38,2026-05-08,2026-08-29,8,573,15.08,187,4.92,11.75,41,1.08,2.58,14,0.37,0.88,27,0.71,1.7,51,1.34,3.2,17,0.45,1.07,4,0.11,0.25,31,0.82,1.95,0.38,0.35,0.51,0.89,0.16,0.47,0.5,0.17,0.15,0.14,0.03,0.06,0.19,0.18,0.22,0.31,0.15,0.5,0.65,0.09,0.53,0.86,0.7,0.13,0.22,0.56,0.51,0.2,0.93,0.15,0.03,0.11,0.34,0.82,0.44,0.29,0.55,0.44,0.5,0.54,0.56,0.53,0.62,0.51,0.5,0.45,0.61,0.54
2026,4399415,Maddy Siegrist,Wings,F,https://a.espncdn.com/i/headshots/wnba/players/full/4399415.png,37,2026-05-09,2026-08-30,6,526,14.22,233,6.3,15.95,101,2.73,6.91,32,0.86,2.19,69,1.86,4.72,33,0.89,2.26,15,0.41,1.03,14,0.38,0.96,10,0.27,0.68,0.48,0.4,0.37,0.85,0.14,0.56,0.58,0.18,0.1,0.05,0.07,0.15,0.33,0.65,0.73,0.34,0.11,0.01,0.63,0.31,0.94,0.92,0.54,0.1,0.2,0.56,0.52,0.12,0.87,0.14,0.07,0.19,0.33,0.75,0.32,0.31,0.48,0.41,0.48,0.62,0.59,0.55,0.63,0.53,0.48,0.57,0.48,0.52
2026,4420318,Ezi Magbegor,Storm,F,https://a.espncdn.com/i/headshots/wnba/players/full/4420318.png,14,2026-07-02,2026-08-30,9,285,20.36,96,6.86,12.13,56,4,7.07,7,0.5,0.88,49,3.5,6.19,25,1.79,3.16,11,0.79,1.39,17,1.21,2.15,15,1.07,1.89,0.4,0.31,0.28,0.88,0.17,0.44,0.48,0.18,0.14,0.13,0.03,0.2,0.32,0.05,0.08,0.74,0.54,0.44,0.09,0.56,0.33,0.94,0.45,0.12,0.2,0.56,0.52,0.12,0.87,0.14,0.07,0.19,0.33,0.75,0.32,0.31,0.48,0.41,0.48,0.62,0.59,0.55,0.63,0.53,0.48,0.57,0.48,0.52
2026,4432830,Jordan Horston,Storm,F,https://a.espncdn.com/i/headshots/wnba/players/full/4432830.png,35,2026-05-08,2026-08-30,21,611,17.46,166,4.74,9.78,125,3.57,7.36,33,0.94,1.94,92,2.63,5.42,46,1.31,2.71,37,1.06,2.18,18,0.51,1.06,42,1.2,2.47,0.37,0.22,0.34,0.68,0.22,0.41,0.44,0.16,0.12,0.18,0.06,0.17,0.25,0.04,0.03,0.58,0.67,0.86,0.48,0.47,0.06,0.21,0.49,0.28,0.2,0.56,0.52,0.12,0.87,0.14,0.07,0.19,0.33,0.75,0.32,0.31,0.48,0.41,0.48,0.62,0.59,0.55,0.63,0.53,0.48,0.57,0.48,0.52
2026,4432831,Aliyah Boston,Fever,C,https://a.espncdn.com/i/headshots/wnba/players/full/4432831.png,37,2026-05-09,2026-08-28,37,999,27,609,16.46,21.95,298,8.05,10.74,64,1.73,2.31,234,6.32,8.43,108,2.92,3.89,54,1.46,1.95,46,1.24,1.66,85,2.3,3.06,0.53,0.4,0.22,0.83,0.29,0.57,0.61,0.25,0.18,0.15,0.08,0.28,0.7,0.67,0.79,0.9,1,0.59,0.57,0.76,1,0.71,0.66,0.4,0.23,0.58,0.54,0.13,0.68,0.14,0.08,0.23,0.35,0.75,0.22,0.35,0.57,0.41,0.4,0.54,0.63,0.44,0.52,0.46,0.31,0.52,0.59,0.48
2026,4432832,Zia Cooke,Storm,G,https://a.espncdn.com/i/headshots/wnba/players/full/4432832.png,40,2026-05-08,2026-08-30,0,606,15.15,305,7.62,18.12,68,1.7,4.04,19,0.48,1.13,49,1.23,2.91,42,1.05,2.5,16,0.4,0.95,1,0.03,0.06,44,1.1,2.61,0.35,0.3,0.38,0.8,0.34,0.41,0.47,0.26,0.12,0.12,0.04,0.09,0.78,0.06,0.05,0.23,0.14,0.35,0.78,0.34,0.18,0.32,0.37,0.71,0.22,0.56,0.51,0.2,0.93,0.15,0.03,0.11,0.34,0.82,0.44,0.29,0.55,0.44,0.5,0.54,0.56,0.53,0.62,0.51,0.5,0.45,0.61,0.54
2026,4432834,Laeticia Amihere,Valkyries,F,https://a.espncdn.com/i/headshots/wnba/players/full/4432834.png,35,2026-05-08,2026-08-30,1,400,11.43,119,3.4,10.71,108,3.09,9.72,43,1.23,3.87,65,1.86,5.85,34,0.97,3.06,15,0.43,1.35,26,0.74,2.34,28,0.8,2.52,0.48,0.38,0.14,0.53,0.48,0.51,0.53,0.16,0.14,0.2,0.13,0.21,0.22,0.34,0.41,0.68,0.13,0.9,0.89,0.62,0.75,0.02,0.29,0.95,0.2,0.56,0.52,0.12,0.87,0.14,0.07,0.19,0.33,0.75,0.32,0.31,0.48,0.41,0.48,0.62,0.59,0.55,0.63,0.53,0.48,0.57,0.48,0.52
2026,4432844,Aubrey Griffin,Liberty,F,https://a.espncdn.com/i/headshots/wnba/players/full/4432844.png,2,2026-05-08,2026-05-14,0,7,3.5,2,1,10.29,1,0.5,5.14,0,0,0,1,0.5,5.14,0,0,0,0,0,0,0,0,0,1,0.5,5.14,1,NA,0,NA,0,1,1,0.13,0,0.5,0,0.16,0.07,1,1,0,0,1,0,0.38,NA,NA,0,0,0.2,0.56,0.52,0.12,0.87,0.14,0.07,0.19,0.33,0.75,0.32,0.31,0.48,0.41,0.48,0.62,0.59,0.55,0.63,0.53,0.48,0.57,0.48,0.52
2026,4432865,Jacy Sheldon,Sky,G,https://a.espncdn.com/i/headshots/wnba/players/full/4432865.png,40,2026-05-09,2026-08-29,18,827,20.68,255,6.38,11.1,52,1.3,2.26,15,0.38,0.65,37,0.92,1.61,65,1.62,2.83,32,0.8,1.39,11,0.28,0.48,37,0.92,1.61,0.43,0.31,0.51,0.85,0.21,0.5,0.54,0.14,0.12,0.14,0.02,0.05,0.06,0.39,0.48,0.24,0.4,0.43,0.31,0.07,0.26,0.55,0.71,0.27,0.22,0.56,0.51,0.2,0.93,0.15,0.03,0.11,0.34,0.82,0.44,0.29,0.55,0.44,0.5,0.54,0.56,0.53,0.62,0.51,0.5,0.45,0.61,0.54
2026,4433386,Jaylyn Sherrod,Dream,G,https://a.espncdn.com/i/headshots/wnba/players/full/4433386.png,10,2026-07-17,2026-08-16,1,71,7.1,23,2.3,11.66,9,0.9,4.56,0,0,0,9,0.9,4.56,11,1.1,5.58,5,0.5,2.54,2,0.2,1.01,3,0.3,1.52,0.29,0.4,0.21,1,0.29,0.33,0.42,0.18,0.23,0.1,0,0.16,0.28,0.03,0.01,0.59,0.16,0.15,0.01,0.96,0.85,1,0.03,0.57,0.22,0.56,0.51,0.2,0.93,0.15,0.03,0.11,0.34,0.82,0.44,0.29,0.55,0.44,0.5,0.54,0.56,0.53,0.62,0.51,0.5,0.45,0.61,0.54
2026,4433402,Angel Reese,Dream,F,https://a.espncdn.com/i/headshots/wnba/players/full/4433402.png,40,2026-05-09,2026-08-30,39,1241,31.02,628,15.7,18.22,490,12.25,14.21,198,4.95,5.74,292,7.3,8.47,112,2.8,3.25,72,1.8,2.09,26,0.65,0.75,126,3.15,3.66,0.44,0.18,0.1,0.73,0.48,0.44,0.51,0.25,0.15,0.17,0.18,0.3,0.87,0.25,0.12,0.79,1,0.74,1,0.99,0.04,0.53,0.26,0.94,0.2,0.56,0.52,0.12,0.87,0.14,0.07,0.19,0.33,0.75,0.32,0.31,0.48,0.41,0.48,0.62,0.59,0.55,0.63,0.53,0.48,0.57,0.48,0.52
2026,4433403,Caitlin Clark,Fever,G,https://a.espncdn.com/i/headshots/wnba/players/full/4433403.png,37,2026-05-09,2026-08-28,37,1147,31,826,22.32,25.93,143,3.86,4.49,11,0.3,0.35,132,3.57,4.14,307,8.3,9.64,36,0.97,1.13,18,0.49,0.56,171,4.62,5.37,0.45,0.37,0.51,0.83,0.38,0.55,0.6,0.33,0.44,0.2,0.01,0.14,1,0.8,0.76,1,0.59,0.89,0.17,0.86,0.68,0.5,0.74,0.8,0.22,0.56,0.51,0.2,0.93,0.15,0.03,0.11,0.34,0.82,0.44,0.29,0.55,0.44,0.5,0.54,0.56,0.53,0.62,0.51,0.5,0.45,0.61,0.54
2026,4433404,Cameron Brink,Sparks,F,https://a.espncdn.com/i/headshots/wnba/players/full/4433404.png,30,2026-05-10,2026-08-30,1,572,19.07,287,9.57,18.06,150,5,9.44,42,1.4,2.64,108,3.6,6.8,45,1.5,2.83,18,0.6,1.13,51,1.7,3.21,73,2.43,4.59,0.48,0.33,0.42,0.78,0.4,0.55,0.6,0.24,0.13,0.23,0.09,0.23,0.75,0.76,0.66,0.65,0.33,0.98,0.71,0.74,0.44,0.6,0.67,0.72,0.2,0.56,0.52,0.12,0.87,0.14,0.07,0.19,0.33,0.75,0.32,0.31,0.48,0.41,0.48,0.62,0.59,0.55,0.63,0.53,0.48,0.57,0.48,0.52
2026,4433405,Kamilla Cardoso,Sky,C,https://a.espncdn.com/i/headshots/wnba/players/full/4433405.png,39,2026-05-09,2026-08-29,39,1043,26.74,577,14.79,19.92,341,8.74,11.77,110,2.82,3.8,231,5.92,7.97,96,2.46,3.31,24,0.62,0.83,59,1.51,2.04,66,1.69,2.28,0.55,NA,0,0.75,0.47,0.55,0.6,0.23,0.17,0.12,0.12,0.26,0.55,0.54,0.47,0.83,0.62,0.29,0.97,0.61,NA,0.49,0.11,0.91,0.23,0.58,0.54,0.13,0.68,0.14,0.08,0.23,0.35,0.75,0.22,0.35,0.57,0.41,0.4,0.54,0.63,0.44,0.52,0.46,0.31,0.52,0.59,0.48
2026,4433408,Aaliyah Edwards,Sun,F,https://a.espncdn.com/i/headshots/wnba/players/full/4433408.png,26,2026-05-15,2026-08-30,17,529,20.35,289,11.12,19.67,114,4.38,7.76,35,1.35,2.38,79,3.04,5.38,24,0.92,1.63,19,0.73,1.29,9,0.35,0.61,42,1.62,2.86,0.54,0.43,0.07,0.75,0.38,0.55,0.6,0.24,0.09,0.15,0.08,0.19,0.73,0.73,0.68,0.32,0.48,0.61,0.65,0.55,0.97,0.54,0.16,0.7,0.2,0.56,0.52,0.12,0.87,0.14,0.07,0.19,0.33,0.75,0.32,0.31,0.48,0.41,0.48,0.62,0.59,0.55,0.63,0.53,0.48,0.57,0.48,0.52
2026,4433411,Angela Dugalic,Mystics,F,https://a.espncdn.com/i/headshots/wnba/players/full/4433411.png,33,2026-05-08,2026-08-28,3,320,9.7,97,2.94,10.91,82,2.48,9.22,20,0.61,2.25,62,1.88,6.97,21,0.64,2.36,12,0.36,1.35,7,0.21,0.79,23,0.7,2.59,0.43,0.13,0.34,0.68,0.28,0.45,0.49,0.17,0.11,0.19,0.08,0.23,0.3,0.08,0.14,0.46,0.09,0.89,0.66,0.73,0.01,0.21,0.5,0.49,0.2,0.56,0.52,0.12,0.87,0.14,0.07,0.19,0.33,0.75,0.32,0.31,0.48,0.41,0.48,0.62,0.59,0.55,0.63,0.53,0.48,0.57,0.48,0.52
2026,4433412,Hailey Van Lith,Sun,G,https://a.espncdn.com/i/headshots/wnba/players/full/4433412.png,19,2026-05-08,2026-08-30,3,287,15.11,104,5.47,13.05,25,1.32,3.14,6,0.32,0.75,19,1,2.38,35,1.84,4.39,15,0.79,1.88,4,0.21,0.5,19,1,2.38,0.41,0.38,0.33,0.86,0.14,0.47,0.5,0.19,0.21,0.15,0.02,0.09,0.37,0.15,0.23,0.55,0.35,0.63,0.48,0.27,0.69,0.58,0.21,0.11,0.22,0.56,0.51,0.2,0.93,0.15,0.03,0.11,0.34,0.82,0.44,0.29,0.55,0.44,0.5,0.54,0.56,0.53,0.62,0.51,0.5,0.45,0.61,0.54
2026,4433424,Maddy Westbeld,Mercury,F,https://a.espncdn.com/i/headshots/wnba/players/full/4433424.png,6,2026-06-20,2026-08-29,0,77,12.83,17,2.83,7.95,12,2,5.61,3,0.5,1.4,9,1.5,4.21,5,0.83,2.34,3,0.5,1.4,1,0.17,0.47,5,0.83,2.34,0.28,0.3,0.56,1,0.22,0.36,0.43,0.15,0.1,0.2,0.05,0.14,0.15,0.02,0,0.36,0.2,0.92,0.25,0.26,0.29,1,0.85,0.31,0.2,0.56,0.52,0.12,0.87,0.14,0.07,0.19,0.33,0.75,0.32,0.31,0.48,0.41,0.48,0.62,0.59,0.55,0.63,0.53,0.48,0.57,0.48,0.52
2026,4433431,Te-Hina Paopao,Dream,G,https://a.espncdn.com/i/headshots/wnba/players/full/4433431.png,31,2026-05-09,2026-08-30,1,347,11.19,111,3.58,11.52,24,0.77,2.49,4,0.13,0.41,20,0.65,2.07,42,1.35,4.36,6,0.19,0.62,3,0.1,0.31,17,0.55,1.76,0.34,0.36,0.65,0.9,0.09,0.46,0.48,0.16,0.18,0.13,0.01,0.07,0.1,0.08,0.19,0.48,0.03,0.36,0.17,0.15,0.53,0.92,0.9,0.03,0.22,0.56,0.51,0.2,0.93,0.15,0.03,0.11,0.34,0.82,0.44,0.29,0.55,0.44,0.5,0.54,0.56,0.53,0.62,0.51,0.5,0.45,0.61,0.54
2026,4433433,Aicha Coulibaly,Sky,G,https://a.espncdn.com/i/headshots/wnba/players/full/4433433.png,28,2026-05-09,2026-08-29,4,375,13.39,135,4.82,12.96,77,2.75,7.39,16,0.57,1.54,61,2.18,5.86,16,0.57,1.54,20,0.71,1.92,7,0.25,0.67,21,0.75,2.02,0.44,0.05,0.19,0.89,0.55,0.44,0.55,0.17,0.07,0.15,0.05,0.19,0.13,0.43,0.09,0.03,0.31,0.53,0.88,1,0.01,0.86,0.02,0.98,0.22,0.56,0.51,0.2,0.93,0.15,0.03,0.11,0.34,0.82,0.44,0.29,0.55,0.44,0.5,0.54,0.56,0.53,0.62,0.51,0.5,0.45,0.61,0.54
2026,4433514,Saniya Rivers,Sun,G,https://a.espncdn.com/i/headshots/wnba/players/full/4433514.png,36,2026-05-08,2026-08-30,16,818,22.72,255,7.08,11.22,87,2.42,3.83,17,0.47,0.75,70,1.94,3.08,114,3.17,5.02,40,1.11,1.76,22,0.61,0.97,49,1.36,2.16,0.35,0.18,0.25,0.59,0.25,0.37,0.4,0.2,0.23,0.13,0.02,0.11,0.4,0.03,0.04,0.62,0.69,0.41,0.48,0.56,0.02,0.03,0.08,0.43,0.22,0.56,0.51,0.2,0.93,0.15,0.03,0.11,0.34,0.82,0.44,0.29,0.55,0.44,0.5,0.54,0.56,0.53,0.62,0.51,0.5,0.45,0.61,0.54
2026,4433523,Rori Harmon,Mystics,G,https://a.espncdn.com/i/headshots/wnba/players/full/4433523.png,12,2026-05-08,2026-08-25,0,71,5.92,12,1,6.08,8,0.67,4.06,0,0,0,8,0.67,4.06,11,0.92,5.58,5,0.42,2.54,0,0,0,12,1,6.08,0.36,0.2,0.45,0.75,0.36,0.41,0.47,0.16,0.23,0.48,0,0.13,0.08,0.05,0.05,0.63,0.14,1,0.01,0.81,0.04,0.11,0.62,0.73,0.22,0.56,0.51,0.2,0.93,0.15,0.03,0.11,0.34,0.82,0.44,0.29,0.55,0.44,0.5,0.54,0.56,0.53,0.62,0.51,0.5,0.45,0.61,0.54
2026,4433524,Sonia Citron,Mystics,G,https://a.espncdn.com/i/headshots/wnba/players/full/4433524.png,38,2026-05-08,2026-08-28,37,1240,32.63,630,16.58,18.29,138,3.63,4.01,34,0.89,0.99,104,2.74,3.02,161,4.24,4.67,45,1.18,1.31,23,0.61,0.67,92,2.42,2.67,0.48,0.34,0.37,0.87,0.49,0.54,0.62,0.22,0.23,0.15,0.03,0.1,0.54,0.89,0.7,0.63,0.77,0.63,0.77,0.43,0.5,0.68,0.34,0.97,0.22,0.56,0.51,0.2,0.93,0.15,0.03,0.11,0.34,0.82,0.44,0.29,0.55,0.44,0.5,0.54,0.56,0.53,0.62,0.51,0.5,0.45,0.61,0.54
2026,4433542,Saylor Poffenbarger,Mercury,G,https://a.espncdn.com/i/headshots/wnba/players/full/4433542.png,6,2026-05-29,2026-08-29,0,40,6.67,0,0,0,8,1.33,7.2,1,0.17,0.9,7,1.17,6.3,1,0.17,0.9,2,0.33,1.8,0,0,0,0,0,0,0,0,1,NA,0,0,0,0.09,0.03,0,0.03,0.22,0,0,0,0,0.11,0,0.65,1,0,NA,1,0,0.22,0.56,0.51,0.2,0.93,0.15,0.03,0.11,0.34,0.82,0.44,0.29,0.55,0.44,0.5,0.54,0.56,0.53,0.62,0.51,0.5,0.45,0.61,0.54
2026,4433546,Makayla Timpson,Fever,F,https://a.espncdn.com/i/headshots/wnba/players/full/4433546.png,39,2026-05-09,2026-08-28,10,753,19.31,216,5.54,10.33,190,4.87,9.08,60,1.54,2.87,130,3.33,6.22,21,0.54,1,22,0.56,1.05,31,0.79,1.48,30,0.77,1.43,0.64,NA,0,0.65,0.36,0.64,0.65,0.11,0.04,0.15,0.1,0.21,0.04,1,0.99,0.04,0.25,0.63,0.78,0.64,NA,0.11,0.01,0.68,0.2,0.56,0.52,0.12,0.87,0.14,0.07,0.19,0.33,0.75,0.32,0.31,0.48,0.41,0.48,0.62,0.59,0.55,0.63,0.53,0.48,0.57,0.48,0.52
2026,4433630,Rickea Jackson,Sky,F,https://a.espncdn.com/i/headshots/wnba/players/full/4433630.png,4,2026-05-09,2026-05-17,4,118,29.5,72,18,21.97,19,4.75,5.8,4,1,1.22,15,3.75,4.58,8,2,2.44,1,0.25,0.31,7,1.75,2.14,8,2,2.44,0.4,0.29,0.35,0.82,0.37,0.45,0.52,0.29,0.12,0.1,0.04,0.15,0.97,0.26,0.13,0.59,0.05,0.21,0.18,0.27,0.25,0.72,0.5,0.69,0.2,0.56,0.52,0.12,0.87,0.14,0.07,0.19,0.33,0.75,0.32,0.31,0.48,0.41,0.48,0.62,0.59,0.55,0.63,0.53,0.48,0.57,0.48,0.52
2026,4433633,Kierstan Bell,Aces,F,https://a.espncdn.com/i/headshots/wnba/players/full/4433633.png,27,2026-05-09,2026-08-28,0,279,10.33,60,2.22,7.74,42,1.56,5.42,11,0.41,1.42,31,1.15,4,16,0.59,2.06,6,0.22,0.77,10,0.37,1.29,12,0.44,1.55,0.3,0.25,0.71,0.75,0.05,0.39,0.4,0.14,0.08,0.14,0.05,0.13,0.13,0.01,0.01,0.21,0.04,0.54,0.26,0.21,0.13,0.57,1,0.01,0.2,0.56,0.52,0.12,0.87,0.14,0.07,0.19,0.33,0.75,0.32,0.31,0.48,0.41,0.48,0.62,0.59,0.55,0.63,0.53,0.48,0.57,0.48,0.52
2026,4433634,Ashten Prechtel,Valkyries,F,https://a.espncdn.com/i/headshots/wnba/players/full/4433634.png,5,2026-05-25,2026-08-30,0,40,8,11,2.2,9.9,10,2,9,2,0.4,1.8,8,1.6,7.2,3,0.6,2.7,1,0.2,0.9,4,0.8,3.6,7,1.4,6.3,0.38,0.4,0.62,1,0.38,0.5,0.59,0.19,0.12,0.43,0.06,0.25,0.37,0.71,0.4,0.53,0.03,1,0.44,0.87,0.94,1,0.93,0.69,0.2,0.56,0.52,0.12,0.87,0.14,0.07,0.19,0.33,0.75,0.32,0.31,0.48,0.41,0.48,0.62,0.59,0.55,0.63,0.53,0.48,0.57,0.48,0.52
2026,4433635,Diamond Miller,Sun,F,https://a.espncdn.com/i/headshots/wnba/players/full/4433635.png,40,2026-05-08,2026-08-30,40,902,22.55,383,9.57,15.29,106,2.65,4.23,15,0.38,0.6,91,2.28,3.63,57,1.43,2.27,27,0.68,1.08,8,0.2,0.32,58,1.45,2.31,0.36,0.32,0.42,0.8,0.31,0.43,0.48,0.22,0.11,0.13,0.02,0.13,0.68,0.07,0.07,0.44,0.44,0.41,0.03,0.2,0.4,0.68,0.62,0.54,0.2,0.56,0.52,0.12,0.87,0.14,0.07,0.19,0.33,0.75,0.32,0.31,0.48,0.41,0.48,0.62,0.59,0.55,0.63,0.53,0.48,0.57,0.48,0.52
2026,4433643,Mackenzie Holmes,Storm,F,https://a.espncdn.com/i/headshots/wnba/players/full/4433643.png,25,2026-05-08,2026-08-30,0,242,9.68,66,2.64,9.82,72,2.88,10.71,23,0.92,3.42,49,1.96,7.29,13,0.52,1.93,14,0.56,2.08,6,0.24,0.89,12,0.48,1.79,0.53,0.55,0.24,0.71,0.38,0.6,0.63,0.12,0.08,0.19,0.11,0.23,0.04,0.95,0.94,0.28,0.24,0.86,0.81,0.76,1,0.35,0.38,0.69,0.2,0.56,0.52,0.12,0.87,0.14,0.07,0.19,0.33,0.75,0.32,0.31,0.48,0.41,0.48,0.62,0.59,0.55,0.63,0.53,0.48,0.57,0.48,0.52
2026,4433690,Holly Winterburn,Fire,G,https://a.espncdn.com/i/headshots/wnba/players/full/4433690.png,27,2026-05-18,2026-08-30,1,281,10.41,90,3.33,11.53,34,1.26,4.36,10,0.37,1.28,24,0.89,3.07,48,1.78,6.15,13,0.48,1.67,1,0.04,0.13,24,0.89,3.07,0.4,0.16,0.49,0.87,0.17,0.44,0.48,0.19,0.27,0.2,0.04,0.11,0.37,0.08,0.08,0.73,0.16,0.92,0.86,0.55,0.01,0.62,0.68,0.17,0.22,0.56,0.51,0.2,0.93,0.15,0.03,0.11,0.34,0.82,0.44,0.29,0.55,0.44,0.5,0.54,0.56,0.53,0.62,0.51,0.5,0.45,0.61,0.54
2026,4433730,Paige Bueckers,Wings,G,https://a.espncdn.com/i/headshots/wnba/players/full/4433730.png,39,2026-05-09,2026-08-30,39,1280,32.82,790,20.26,22.22,154,3.95,4.33,26,0.67,0.73,128,3.28,3.6,232,5.95,6.53,33,0.85,0.93,15,0.38,0.42,82,2.1,2.31,0.51,0.39,0.3,0.87,0.22,0.56,0.6,0.26,0.31,0.11,0.02,0.12,0.77,0.73,0.84,0.87,0.47,0.25,0.52,0.71,0.83,0.71,0.18,0.3,0.22,0.56,0.51,0.2,0.93,0.15,0.03,0.11,0.34,0.82,0.44,0.29,0.55,0.44,0.5,0.54,0.56,0.53,0.62,0.51,0.5,0.45,0.61,0.54
2026,4433744,Michelle Onyiah,Fever,C,https://a.espncdn.com/i/headshots/wnba/players/full/4433744.png,1,2026-08-23,2026-08-23,0,1,1,0,0,0,0,0,0,0,0,0,0,0,0,0,0,0,0,0,0,0,0,0,0,0,0,NA,NA,NA,NA,NA,NA,NA,0,0,NA,0,0,0,NA,NA,0,0,NA,0,0,NA,NA,NA,NA,0.23,0.58,0.54,0.13,0.68,0.14,0.08,0.23,0.35,0.75,0.22,0.35,0.57,0.41,0.4,0.54,0.63,0.44,0.52,0.46,0.31,0.52,0.59,0.48
2026,4433790,Azzi Fudd,Wings,G,https://a.espncdn.com/i/headshots/wnba/players/full/4433790.png,30,2026-05-09,2026-08-05,24,951,31.7,393,13.1,14.88,52,1.73,1.97,16,0.53,0.61,36,1.2,1.36,55,1.83,2.08,52,1.73,1.97,25,0.83,0.95,33,1.1,1.25,0.46,0.4,0.46,0.83,0.07,0.55,0.56,0.18,0.09,0.09,0.02,0.04,0.32,0.45,0.71,0.12,0.96,0.13,0.28,0.05,0.84,0.45,0.64,0.02,0.22,0.56,0.51,0.2,0.93,0.15,0.03,0.11,0.34,0.82,0.44,0.29,0.55,0.44,0.5,0.54,0.56,0.53,0.62,0.51,0.5,0.45,0.61,0.54
2026,4433791,Olivia Miles,Lynx,G,https://a.espncdn.com/i/headshots/wnba/players/full/4433791.png,39,2026-05-09,2026-08-30,39,1201,30.79,760,19.49,22.78,187,4.79,5.61,23,0.59,0.69,164,4.21,4.92,236,6.05,7.07,50,1.28,1.5,24,0.62,0.72,118,3.03,3.54,0.5,0.4,0.29,0.87,0.32,0.56,0.61,0.27,0.32,0.16,0.02,0.16,0.81,0.84,0.8,0.89,0.83,0.66,0.44,0.96,0.87,0.65,0.16,0.64,0.22,0.56,0.51,0.2,0.93,0.15,0.03,0.11,0.34,0.82,0.44,0.29,0.55,0.44,0.5,0.54,0.56,0.53,0.62,0.51,0.5,0.45,0.61,0.54
2026,4433792,Rayah Marshall,Sun,C,https://a.espncdn.com/i/headshots/wnba/players/full/4433792.png,4,2026-08-02,2026-08-26,0,27,6.75,8,2,10.67,6,1.5,8,4,1,5.33,2,0.5,2.67,1,0.25,1.33,0,0,0,1,0.25,1.33,3,0.75,4,0.25,NA,0,0.67,0.75,0.25,0.38,0.22,0.06,0.22,0.17,0.1,0.47,0,0,0.03,0.01,0.94,1,0,NA,0.1,0.12,1,0.23,0.58,0.54,0.13,0.68,0.14,0.08,0.23,0.35,0.75,0.22,0.35,0.57,0.41,0.4,0.54,0.63,0.44,0.52,0.46,0.31,0.52,0.59,0.48
2026,4433795,Sania Feagin,Sparks,F,https://a.espncdn.com/i/headshots/wnba/players/full/4433795.png,3,2026-05-10,2026-06-17,0,10,3.33,0,0,0,1,0.33,3.6,0,0,0,1,0.33,3.6,2,0.67,7.2,0,0,0,0,0,0,0,0,0,0,NA,0,NA,0,0,0,0.04,0.25,0,0,0.12,0,0,0,0.97,0,0,0,0.11,NA,NA,0.01,0,0.2,0.56,0.52,0.12,0.87,0.14,0.07,0.19,0.33,0.75,0.32,0.31,0.48,0.41,0.48,0.62,0.59,0.55,0.63,0.53,0.48,0.57,0.48,0.52
2026,4433797,Raven Johnson,Fever,G,https://a.espncdn.com/i/headshots/wnba/players/full/4433797.png,35,2026-05-09,2026-08-28,0,365,10.43,107,3.06,10.55,59,1.69,5.82,17,0.49,1.68,42,1.2,4.14,42,1.2,4.14,11,0.31,1.08,3,0.09,0.3,27,0.77,2.66,0.4,0.24,0.41,0.8,0.09,0.45,0.47,0.17,0.16,0.19,0.06,0.14,0.15,0.05,0.12,0.4,0.1,0.81,0.94,0.84,0.05,0.31,0.48,0.05,0.22,0.56,0.51,0.2,0.93,0.15,0.03,0.11,0.34,0.82,0.44,0.29,0.55,0.44,0.5,0.54,0.56,0.53,0.62,0.51,0.5,0.45,0.61,0.54
2026,4433807,Aziaha James,Wings,G,https://a.espncdn.com/i/headshots/wnba/players/full/4433807.png,35,2026-05-09,2026-08-30,2,405,11.57,215,6.14,19.11,84,2.4,7.47,21,0.6,1.87,63,1.8,5.6,43,1.23,3.82,28,0.8,2.49,9,0.26,0.8,24,0.69,2.13,0.39,0.24,0.28,0.73,0.32,0.42,0.47,0.28,0.17,0.1,0.06,0.18,0.82,0.07,0.07,0.44,0.4,0.15,0.96,0.97,0.04,0.09,0.12,0.61,0.22,0.56,0.51,0.2,0.93,0.15,0.03,0.11,0.34,0.82,0.44,0.29,0.55,0.44,0.5,0.54,0.56,0.53,0.62,0.51,0.5,0.45,0.61,0.54
2026,4433815,Lucy Olsen,Mystics,G,https://a.espncdn.com/i/headshots/wnba/players/full/4433815.png,19,2026-05-08,2026-08-25,0,139,7.32,52,2.74,13.47,11,0.58,2.85,1,0.05,0.26,10,0.53,2.59,18,0.95,4.66,3,0.16,0.78,1,0.05,0.26,10,0.53,2.59,0.43,0.4,0.48,0.8,0.24,0.52,0.56,0.18,0.22,0.18,0.01,0.08,0.33,0.51,0.59,0.56,0.01,0.75,0.05,0.25,0.87,0.31,0.66,0.4,0.22,0.56,0.51,0.2,0.93,0.15,0.03,0.11,0.34,0.82,0.44,0.29,0.55,0.44,0.5,0.54,0.56,0.53,0.62,0.51,0.5,0.45,0.61,0.54
2026,4434015,JJ Quinerly,Wings,G,https://a.espncdn.com/i/headshots/wnba/players/full/4434015.png,2,2026-06-09,2026-06-11,0,13,6.5,2,1,5.54,1,0.5,2.77,0,0,0,1,0.5,2.77,2,1,5.54,0,0,0,1,0.5,2.77,0,0,0,0.33,0,0.33,NA,0,0.33,0.33,0.1,0.21,0,0,0.09,0.01,0.01,0.01,0.54,0,0,0.01,0.32,0,NA,0.22,0,0.22,0.56,0.51,0.2,0.93,0.15,0.03,0.11,0.34,0.82,0.44,0.29,0.55,0.44,0.5,0.54,0.56,0.53,0.62,0.51,0.5,0.45,0.61,0.54
2026,4434020,Teonni Key,Tempo,F,https://a.espncdn.com/i/headshots/wnba/players/full/4434020.png,34,2026-05-08,2026-08-29,1,350,10.29,69,2.03,7.1,64,1.88,6.58,27,0.79,2.78,37,1.09,3.81,17,0.5,1.75,14,0.41,1.44,18,0.53,1.85,18,0.53,1.85,0.37,0.16,0.25,0.53,0.25,0.39,0.41,0.13,0.07,0.18,0.09,0.13,0.09,0.01,0.02,0.14,0.12,0.8,0.75,0.17,0.01,0.01,0.4,0.39,0.2,0.56,0.52,0.12,0.87,0.14,0.07,0.19,0.33,0.75,0.32,0.31,0.48,0.41,0.48,0.62,0.59,0.55,0.63,0.53,0.48,0.57,0.48,0.52
2026,4565505,Kiki Rice,Tempo,G,https://a.espncdn.com/i/headshots/wnba/players/full/4565505.png,24,2026-05-08,2026-08-29,16,640,26.67,301,12.54,16.93,85,3.54,4.78,25,1.04,1.41,60,2.5,3.38,78,3.25,4.39,19,0.79,1.07,5,0.21,0.28,40,1.67,2.25,0.48,0.35,0.29,0.86,0.46,0.53,0.61,0.2,0.21,0.14,0.05,0.11,0.42,0.81,0.65,0.55,0.36,0.45,0.87,0.59,0.52,0.62,0.13,0.94,0.22,0.56,0.51,0.2,0.93,0.15,0.03,0.11,0.34,0.82,0.44,0.29,0.55,0.44,0.5,0.54,0.56,0.53,0.62,0.51,0.5,0.45,0.61,0.54
2026,4565515,Tonie Morgan,Sparks,G,https://a.espncdn.com/i/headshots/wnba/players/full/4565515.png,8,2026-08-11,2026-08-30,1,118,14.75,36,4.5,10.98,9,1.12,2.75,1,0.12,0.31,8,1,2.44,18,2.25,5.49,6,0.75,1.83,0,0,0,12,1.5,3.66,0.54,0.25,0.15,0.7,0.38,0.56,0.59,0.16,0.23,0.28,0.01,0.08,0.09,0.68,0.78,0.59,0.34,0.99,0.1,0.24,0.05,0.05,0,0.8,0.22,0.56,0.51,0.2,0.93,0.15,0.03,0.11,0.34,0.82,0.44,0.29,0.55,0.44,0.5,0.54,0.56,0.53,0.62,0.51,0.5,0.45,0.61,0.54
2026,4583144,Cotie McMahon,Mystics,G,https://a.espncdn.com/i/headshots/wnba/players/full/4583144.png,38,2026-05-15,2026-08-28,5,749,19.71,240,6.32,11.54,112,2.95,5.38,19,0.5,0.91,93,2.45,4.47,71,1.87,3.41,20,0.53,0.96,6,0.16,0.29,41,1.08,1.97,0.38,0.29,0.37,0.6,0.46,0.44,0.48,0.17,0.16,0.14,0.03,0.14,0.23,0.09,0.09,0.36,0.18,0.49,0.69,0.89,0.13,0.04,0.35,0.94,0.22,0.56,0.51,0.2,0.93,0.15,0.03,0.11,0.34,0.82,0.44,0.29,0.55,0.44,0.5,0.54,0.56,0.53,0.62,0.51,0.5,0.45,0.61,0.54
2026,4594786,Sydney Taylor,Sky,G,https://a.espncdn.com/i/headshots/wnba/players/full/4594786.png,33,2026-05-09,2026-08-29,22,670,20.3,456,13.82,24.5,51,1.55,2.74,12,0.36,0.64,39,1.18,2.1,58,1.76,3.12,24,0.73,1.29,7,0.21,0.38,49,1.48,2.63,0.44,0.34,0.53,0.81,0.23,0.52,0.56,0.3,0.17,0.11,0.02,0.07,0.95,0.5,0.61,0.43,0.32,0.21,0.29,0.14,0.44,0.36,0.81,0.32,0.22,0.56,0.51,0.2,0.93,0.15,0.03,0.11,0.34,0.82,0.44,0.29,0.55,0.44,0.5,0.54,0.56,0.53,0.62,0.51,0.5,0.45,0.61,0.54
2026,4595823,Alex Fowler,Liberty,F,https://a.espncdn.com/i/headshots/wnba/players/full/4595823.png,2,2026-05-14,2026-05-21,0,32,16,12,6,13.5,0,0,0,0,0,0,0,0,0,1,0.5,1.12,1,0.5,1.12,0,0,0,3,1.5,3.38,0.4,0.29,0.7,1,0.2,0.5,0.55,0.19,0.05,0.22,0,0,0.42,0.36,0.4,0.06,0.2,0.93,0,0,0.26,1,0.99,0.23,0.2,0.56,0.52,0.12,0.87,0.14,0.07,0.19,0.33,0.75,0.32,0.31,0.48,0.41,0.48,0.62,0.59,0.55,0.63,0.53,0.48,0.57,0.48,0.52
2026,4595910,Haley Jones,Wings,G,https://a.espncdn.com/i/headshots/wnba/players/full/4595910.png,8,2026-05-09,2026-08-30,0,68,8.5,30,3.75,15.88,12,1.5,6.35,2,0.25,1.06,10,1.25,5.29,5,0.62,2.65,2,0.25,1.06,0,0,0,6,0.75,3.18,0.57,0,0.14,0.75,0.38,0.57,0.61,0.2,0.11,0.2,0.04,0.17,0.44,0.82,0.87,0.19,0.05,0.85,0.77,0.96,0,0.11,0,0.8,0.22,0.56,0.51,0.2,0.93,0.15,0.03,0.11,0.34,0.82,0.44,0.29,0.55,0.44,0.5,0.54,0.56,0.53,0.62,0.51,0.5,0.45,0.61,0.54
2026,4596309,Liatu King,Lynx,F,https://a.espncdn.com/i/headshots/wnba/players/full/4596309.png,9,2026-05-21,2026-08-30,0,74,8.22,26,2.89,12.65,23,2.56,11.19,8,0.89,3.89,15,1.67,7.3,0,0,0,3,0.33,1.46,4,0.44,1.95,5,0.56,2.43,0.59,0.33,0.35,0.4,0.59,0.65,0.61,0.16,0,0.19,0.13,0.24,0.2,0.84,1,0,0.08,0.89,0.92,0.8,0.48,0,0.5,0.99,0.2,0.56,0.52,0.12,0.87,0.14,0.07,0.19,0.33,0.75,0.32,0.31,0.48,0.41,0.48,0.62,0.59,0.55,0.63,0.53,0.48,0.57,0.48,0.52
2026,4597509,Aaliyah Nye,Dream,G,https://a.espncdn.com/i/headshots/wnba/players/full/4597509.png,17,2026-05-17,2026-08-20,0,42,2.47,14,0.82,12,3,0.18,2.57,0,0,0,3,0.18,2.57,3,0.18,2.57,1,0.06,0.86,1,0.06,0.86,2,0.12,1.71,0.33,0.33,0.75,1,0.25,0.46,0.53,0.15,0.1,0.13,0,0.09,0.08,0.31,0.19,0.17,0.01,0.37,0.01,0.34,0.38,1,0.97,0.44,0.22,0.56,0.51,0.2,0.93,0.15,0.03,0.11,0.34,0.82,0.44,0.29,0.55,0.44,0.5,0.54,0.56,0.53,0.62,0.51,0.5,0.45,0.61,0.54
2026,4599199,Morgan Maly,Sky,G,https://a.espncdn.com/i/headshots/wnba/players/full/4599199.png,2,2026-08-23,2026-08-29,0,6,3,0,0,0,0,0,0,0,0,0,0,0,0,0,0,0,0,0,0,0,0,0,0,0,0,NA,NA,NA,NA,NA,NA,NA,0,0,NA,0,0,0,NA,NA,0,0,NA,0.01,0,NA,NA,NA,NA,0.22,0.56,0.51,0.2,0.93,0.15,0.03,0.11,0.34,0.82,0.44,0.29,0.55,0.44,0.5,0.54,0.56,0.53,0.62,0.51,0.5,0.45,0.61,0.54
2026,4609797,Ta'Niya Latson,Aces,G,https://a.espncdn.com/i/headshots/wnba/players/full/4609797.png,17,2026-05-10,2026-08-23,0,102,6,48,2.82,16.94,15,0.88,5.29,4,0.24,1.41,11,0.65,3.88,7,0.41,2.47,1,0.06,0.35,1,0.06,0.35,11,0.65,3.88,0.39,0.33,0.29,0.78,0.87,0.44,0.56,0.24,0.1,0.2,0.05,0.13,0.67,0.49,0.07,0.13,0.01,0.92,0.88,0.79,0.38,0.18,0.12,1,0.22,0.56,0.51,0.2,0.93,0.15,0.03,0.11,0.34,0.82,0.44,0.29,0.55,0.44,0.5,0.54,0.56,0.53,0.62,0.51,0.5,0.45,0.61,0.54
2026,4682797,Luisa Geiselsoder,Fire,C,https://a.espncdn.com/i/headshots/wnba/players/full/4682797.png,21,2026-05-09,2026-07-28,9,348,16.57,94,4.48,9.72,55,2.62,5.69,10,0.48,1.03,45,2.14,4.66,27,1.29,2.79,7,0.33,0.72,8,0.38,0.83,19,0.9,1.97,0.33,0.29,0.55,0.8,0.15,0.41,0.44,0.16,0.12,0.15,0.04,0.16,0.11,0.03,0.03,0.48,0.17,0.74,0.02,0.3,0.17,0.6,0.99,0.1,0.23,0.58,0.54,0.13,0.68,0.14,0.08,0.23,0.35,0.75,0.22,0.35,0.57,0.41,0.4,0.54,0.63,0.44,0.52,0.46,0.31,0.52,0.59,0.48
2026,4682855,Justine Pissott,Aces,G,https://a.espncdn.com/i/headshots/wnba/players/full/4682855.png,9,2026-07-11,2026-08-28,0,85,9.44,38,4.22,16.09,10,1.11,4.24,0,0,0,10,1.11,4.24,4,0.44,1.69,2,0.22,0.85,3,0.33,1.27,3,0.33,1.27,0.36,0.37,0.75,1,0.06,0.5,0.52,0.21,0.07,0.08,0,0.14,0.47,0.29,0.45,0.05,0.04,0.02,0.01,0.86,0.65,1,0.97,0.01,0.22,0.56,0.51,0.2,0.93,0.15,0.03,0.11,0.34,0.82,0.44,0.29,0.55,0.44,0.5,0.54,0.56,0.53,0.62,0.51,0.5,0.45,0.61,0.54
2026,4683006,Leonie Fiebich,Liberty,F,https://a.espncdn.com/i/headshots/wnba/players/full/4683006.png,18,2026-05-27,2026-08-29,18,535,29.72,176,9.78,11.84,59,3.28,3.97,22,1.22,1.48,37,2.06,2.49,36,2,2.42,20,1.11,1.35,2,0.11,0.13,31,1.72,2.09,0.45,0.43,0.58,0.85,0.25,0.57,0.61,0.15,0.1,0.18,0.05,0.08,0.16,0.85,0.82,0.39,0.7,0.79,0.29,0.05,0.96,0.88,0.87,0.4,0.2,0.56,0.52,0.12,0.87,0.14,0.07,0.19,0.33,0.75,0.32,0.31,0.48,0.41,0.48,0.62,0.59,0.55,0.63,0.53,0.48,0.57,0.48,0.52
2026,4684384,Aneesah Morrow,Tempo,F,https://a.espncdn.com/i/headshots/wnba/players/full/4684384.png,27,2026-05-08,2026-08-21,10,601,22.26,296,10.96,17.73,224,8.3,13.42,69,2.56,4.13,155,5.74,9.28,39,1.44,2.34,24,0.89,1.44,13,0.48,0.78,42,1.56,2.52,0.42,0.27,0.31,0.64,0.26,0.46,0.49,0.25,0.12,0.12,0.14,0.31,0.89,0.1,0.19,0.57,0.6,0.36,0.97,1,0.25,0.09,0.47,0.42,0.2,0.56,0.52,0.12,0.87,0.14,0.07,0.19,0.33,0.75,0.32,0.31,0.48,0.41,0.48,0.62,0.59,0.55,0.63,0.53,0.48,0.57,0.48,0.52
2026,4688629,Shay Ciezki,Mercury,G,https://a.espncdn.com/i/headshots/wnba/players/full/4688629.png,4,2026-06-22,2026-08-29,0,49,12.25,25,6.25,18.37,7,1.75,5.14,1,0.25,0.73,6,1.5,4.41,7,1.75,5.14,1,0.25,0.73,2,0.5,1.47,2,0.5,1.47,0.53,0.43,0.37,0.5,0.21,0.61,0.6,0.21,0.27,0.09,0.02,0.15,0.45,0.71,0.98,0.75,0.05,0.14,0.53,0.92,0.95,0.01,0.34,0.24,0.22,0.56,0.51,0.2,0.93,0.15,0.03,0.11,0.34,0.82,0.44,0.29,0.55,0.44,0.5,0.54,0.56,0.53,0.62,0.51,0.5,0.45,0.61,0.54
2026,4698730,Kara Dunn,Mercury,G,https://a.espncdn.com/i/headshots/wnba/players/full/4698730.png,1,2026-08-29,2026-08-29,0,19,19,9,9,17.05,2,2,3.79,2,2,3.79,0,0,0,1,1,1.89,0,0,0,0,0,0,0,0,0,0.38,0.6,0.62,NA,0,0.56,0.56,0.19,0.09,0,0.13,0,0.39,0.52,0.8,0.12,0,0,1,0,1,NA,0.89,0,0.22,0.56,0.51,0.2,0.93,0.15,0.03,0.11,0.34,0.82,0.44,0.29,0.55,0.44,0.5,0.54,0.56,0.53,0.62,0.51,0.5,0.45,0.61,0.54
2026,4698736,Flau'jae Johnson,Storm,G,https://a.espncdn.com/i/headshots/wnba/players/full/4698736.png,38,2026-05-08,2026-08-30,38,1073,28.24,534,14.05,17.92,183,4.82,6.14,41,1.08,1.38,142,3.74,4.76,110,2.89,3.69,51,1.34,1.71,28,0.74,0.94,96,2.53,3.22,0.4,0.28,0.37,0.81,0.28,0.45,0.5,0.25,0.18,0.15,0.04,0.15,0.74,0.17,0.14,0.5,0.86,0.61,0.86,0.91,0.12,0.41,0.31,0.52,0.22,0.56,0.51,0.2,0.93,0.15,0.03,0.11,0.34,0.82,0.44,0.29,0.55,0.44,0.5,0.54,0.56,0.53,0.62,0.51,0.5,0.45,0.61,0.54
2026,4703609,Charlisse Leger-Walker,Sun,G,https://a.espncdn.com/i/headshots/wnba/players/full/4703609.png,40,2026-05-08,2026-08-30,28,942,23.55,289,7.22,11.04,96,2.4,3.67,13,0.32,0.5,83,2.08,3.17,146,3.65,5.58,32,0.8,1.22,9,0.22,0.34,72,1.8,2.75,0.38,0.34,0.43,0.78,0.21,0.45,0.49,0.17,0.25,0.2,0.02,0.11,0.17,0.11,0.18,0.68,0.42,0.85,0.22,0.6,0.46,0.18,0.59,0.26,0.22,0.56,0.51,0.2,0.93,0.15,0.03,0.11,0.34,0.82,0.44,0.29,0.55,0.44,0.5,0.54,0.56,0.53,0.62,0.51,0.5,0.45,0.61,0.54
2026,4703794,Sarah Ashlee Barker,Fire,G,https://a.espncdn.com/i/headshots/wnba/players/full/4703794.png,26,2026-05-09,2026-07-22,15,643,24.73,278,10.69,15.56,117,4.5,6.55,21,0.81,1.18,96,3.69,5.37,62,2.38,3.47,23,0.88,1.29,9,0.35,0.5,52,2,2.91,0.5,0.4,0.42,0.74,0.16,0.59,0.6,0.2,0.16,0.18,0.04,0.19,0.41,0.74,0.93,0.43,0.52,0.79,0.82,0.99,0.88,0.1,0.51,0.16,0.22,0.56,0.51,0.2,0.93,0.15,0.03,0.11,0.34,0.82,0.44,0.29,0.55,0.44,0.5,0.54,0.56,0.53,0.62,0.51,0.5,0.45,0.61,0.54
2026,4704180,Georgia Amoore,Mystics,G,https://a.espncdn.com/i/headshots/wnba/players/full/4704180.png,40,2026-05-08,2026-08-28,40,923,23.08,263,6.58,10.26,57,1.43,2.22,11,0.28,0.43,46,1.15,1.79,138,3.45,5.38,12,0.3,0.47,5,0.12,0.2,84,2.1,3.28,0.36,0.33,0.71,0.85,0.17,0.47,0.51,0.17,0.24,0.24,0.01,0.06,0.14,0.22,0.29,0.65,0.09,0.98,0.21,0.09,0.34,0.56,0.94,0.17,0.22,0.56,0.51,0.2,0.93,0.15,0.03,0.11,0.34,0.82,0.44,0.29,0.55,0.44,0.5,0.54,0.56,0.53,0.62,0.51,0.5,0.45,0.61,0.54
2026,4704594,Marta Suarez,Mercury,F,https://a.espncdn.com/i/headshots/wnba/players/full/4704594.png,15,2026-05-21,2026-08-29,0,137,9.13,58,3.87,15.24,20,1.33,5.26,8,0.53,2.1,12,0.8,3.15,6,0.4,1.58,3,0.2,0.79,1,0.07,0.26,11,0.73,2.89,0.5,0.36,0.32,0.64,0.32,0.56,0.58,0.2,0.08,0.18,0.07,0.11,0.49,0.63,0.75,0.2,0.03,0.85,0.62,0.11,0.65,0.09,0.48,0.56,0.2,0.56,0.52,0.12,0.87,0.14,0.07,0.19,0.33,0.75,0.32,0.31,0.48,0.41,0.48,0.62,0.59,0.55,0.63,0.53,0.48,0.57,0.48,0.52
2026,4790258,Raquel Carrera,Liberty,F,https://a.espncdn.com/i/headshots/wnba/players/full/4790258.png,23,2026-05-24,2026-08-29,0,127,5.52,33,1.43,9.35,24,1.04,6.8,8,0.35,2.27,16,0.7,4.54,7,0.3,1.98,2,0.09,0.57,2,0.09,0.57,8,0.35,2.27,0.55,0.25,0.4,0.64,0.7,0.6,0.63,0.12,0.08,0.23,0.08,0.14,0.04,0.95,0.94,0.21,0.02,0.98,0.7,0.26,0.13,0.09,0.56,0.99,0.2,0.56,0.52,0.12,0.87,0.14,0.07,0.19,0.33,0.75,0.32,0.31,0.48,0.41,0.48,0.62,0.59,0.55,0.63,0.53,0.48,0.57,0.48,0.52
2026,4790260,Marine Fauthoux,Liberty,G,https://a.espncdn.com/i/headshots/wnba/players/full/4790260.png,18,2026-06-06,2026-08-29,0,234,13,69,3.83,10.62,37,2.06,5.69,6,0.33,0.92,31,1.72,4.77,35,1.94,5.38,3,0.17,0.46,0,0,0,22,1.22,3.38,0.37,0.31,0.61,0.64,0.44,0.46,0.51,0.17,0.22,0.24,0.03,0.15,0.19,0.21,0.21,0.56,0.03,0.97,0.71,0.92,0.26,0.05,0.86,0.9,0.22,0.56,0.51,0.2,0.93,0.15,0.03,0.11,0.34,0.82,0.44,0.29,0.55,0.44,0.5,0.54,0.56,0.53,0.62,0.51,0.5,0.45,0.61,0.54
2026,4790264,Janelle Salaun,Valkyries,F,https://a.espncdn.com/i/headshots/wnba/players/full/4790264.png,38,2026-05-08,2026-08-27,0,848,22.32,492,12.95,20.89,148,3.89,6.28,40,1.05,1.7,108,2.84,4.58,46,1.21,1.95,23,0.61,0.98,4,0.11,0.17,30,0.79,1.27,0.43,0.4,0.62,0.81,0.27,0.55,0.59,0.24,0.1,0.07,0.06,0.16,0.82,0.69,0.63,0.38,0.35,0.04,0.36,0.38,0.9,0.71,0.91,0.47,0.2,0.56,0.52,0.12,0.87,0.14,0.07,0.19,0.33,0.75,0.32,0.31,0.48,0.41,0.48,0.62,0.59,0.55,0.63,0.53,0.48,0.57,0.48,0.52
2026,4790266,Awak Kuier,Wings,F,https://a.espncdn.com/i/headshots/wnba/players/full/4790266.png,37,2026-05-09,2026-08-30,22,655,17.7,219,5.92,12.04,141,3.81,7.75,29,0.78,1.59,112,3.03,6.16,37,1,2.03,20,0.54,1.1,57,1.54,3.13,35,0.95,1.92,0.48,0.33,0.42,0.72,0.25,0.55,0.58,0.15,0.08,0.16,0.05,0.2,0.18,0.64,0.7,0.25,0.23,0.67,0.3,0.58,0.5,0.42,0.68,0.39,0.2,0.56,0.52,0.12,0.87,0.14,0.07,0.19,0.33,0.75,0.32,0.31,0.48,0.41,0.48,0.62,0.59,0.55,0.63,0.53,0.48,0.57,0.48,0.52
2026,4858656,Gabriela Jaquez,Sky,G,https://a.espncdn.com/i/headshots/wnba/players/full/4858656.png,35,2026-05-09,2026-08-29,15,662,18.91,228,6.51,12.4,103,2.94,5.6,24,0.69,1.31,79,2.26,4.3,30,0.86,1.63,24,0.69,1.31,2,0.06,0.11,36,1.03,1.96,0.41,0.26,0.31,0.83,0.29,0.45,0.51,0.17,0.07,0.14,0.04,0.14,0.18,0.23,0.19,0.04,0.31,0.44,0.83,0.88,0.06,0.46,0.2,0.57,0.22,0.56,0.51,0.2,0.93,0.15,0.03,0.11,0.34,0.82,0.44,0.29,0.55,0.44,0.5,0.54,0.56,0.53,0.62,0.51,0.5,0.45,0.61,0.54
2026,4873358,Antonia Delaere,Lynx,F,https://a.espncdn.com/i/headshots/wnba/players/full/4873358.png,37,2026-05-09,2026-08-24,0,424,11.46,107,2.89,9.08,27,0.73,2.29,7,0.19,0.59,20,0.54,1.7,40,1.08,3.4,16,0.43,1.36,0,0,0,14,0.38,1.19,0.45,0.44,0.68,1,0.07,0.6,0.62,0.1,0.12,0.14,0.02,0.05,0.01,0.88,0.95,0.63,0.14,0.55,0.05,0.01,0.98,1,0.98,0.02,0.2,0.56,0.52,0.12,0.87,0.14,0.07,0.19,0.33,0.75,0.32,0.31,0.48,0.41,0.48,0.62,0.59,0.55,0.63,0.53,0.48,0.57,0.48,0.52
2026,4873359,Kyara Linskens,Mercury,C,https://a.espncdn.com/i/headshots/wnba/players/full/4873359.png,19,2026-05-09,2026-08-25,1,201,10.58,57,3,10.21,45,2.37,8.06,13,0.68,2.33,32,1.68,5.73,12,0.63,2.15,10,0.53,1.79,14,0.74,2.51,11,0.58,1.97,0.33,0.27,0.45,0.71,0.29,0.39,0.44,0.17,0.09,0.14,0.08,0.2,0.25,0.02,0.01,0.3,0.37,0.43,0.32,0.35,0.06,0.21,0.75,0.41,0.23,0.58,0.54,0.13,0.68,0.14,0.08,0.23,0.35,0.75,0.22,0.35,0.57,0.41,0.4,0.54,0.63,0.44,0.52,0.46,0.31,0.52,0.59,0.48
2026,4874375,Jihyun Park,Sparks,F,https://a.espncdn.com/i/headshots/wnba/players/full/4874375.png,33,2026-05-10,2026-08-24,0,297,9,73,2.21,8.85,33,1,4,10,0.3,1.21,23,0.7,2.79,16,0.48,1.94,14,0.42,1.7,1,0.03,0.12,9,0.27,1.09,0.39,0.27,0.5,0.57,0.32,0.46,0.49,0.12,0.08,0.11,0.04,0.09,0.06,0.08,0.15,0.2,0.12,0.22,0.19,0.1,0.23,0.03,0.74,0.57,0.2,0.56,0.52,0.12,0.87,0.14,0.07,0.19,0.33,0.75,0.32,0.31,0.48,0.41,0.48,0.62,0.59,0.55,0.63,0.53,0.48,0.57,0.48,0.52
2026,4874475,Nikolina Milic,Tempo,F,https://a.espncdn.com/i/headshots/wnba/players/full/4874475.png,7,2026-05-13,2026-06-03,1,63,9,21,3,12,9,1.29,5.14,2,0.29,1.14,7,1,4,3,0.43,1.71,0,0,0,0,0,0,5,0.71,2.86,0.47,0,0.11,0.75,0.21,0.47,0.51,0.18,0.08,0.19,0.04,0.13,0.33,0.13,0.23,0.21,0,0.89,0.19,0.21,0,0.57,0.28,0.27,0.2,0.56,0.52,0.12,0.87,0.14,0.07,0.19,0.33,0.75,0.32,0.31,0.48,0.41,0.48,0.62,0.59,0.55,0.63,0.53,0.48,0.57,0.48,0.52
2026,4898383,Bree Hall,Fever,G,https://a.espncdn.com/i/headshots/wnba/players/full/4898383.png,4,2026-06-27,2026-08-28,0,14,3.5,8,2,20.57,1,0.25,2.57,0,0,0,1,0.25,2.57,0,0,0,0,0,0,0,0,0,0,0,0,0.5,1,0.33,0,0.33,0.67,0.58,0.21,0,0,0,0.09,0.52,0.61,0.99,0,0,0,0.01,0.27,1,0,0.22,0.67,0.22,0.56,0.51,0.2,0.93,0.15,0.03,0.11,0.34,0.82,0.44,0.29,0.55,0.44,0.5,0.54,0.56,0.53,0.62,0.51,0.5,0.45,0.61,0.54
2026,4898384,Kiki Iriafen,Mystics,F,https://a.espncdn.com/i/headshots/wnba/players/full/4898384.png,38,2026-05-08,2026-08-28,37,1068,28.11,577,15.18,19.45,355,9.34,11.97,113,2.97,3.81,242,6.37,8.16,59,1.55,1.99,25,0.66,0.84,14,0.37,0.47,64,1.68,2.16,0.51,0.32,0.09,0.66,0.42,0.53,0.56,0.24,0.11,0.11,0.13,0.26,0.78,0.48,0.54,0.46,0.42,0.28,0.91,0.9,0.34,0.15,0.22,0.78,0.2,0.56,0.52,0.12,0.87,0.14,0.07,0.19,0.33,0.75,0.32,0.31,0.48,0.41,0.48,0.62,0.59,0.55,0.63,0.53,0.48,0.57,0.48,0.52
2026,4898400,Taylor Thierry,Storm,F,https://a.espncdn.com/i/headshots/wnba/players/full/4898400.png,13,2026-05-20,2026-08-30,0,78,6,13,1,6,18,1.38,8.31,12,0.92,5.54,6,0.46,2.77,4,0.31,1.85,2,0.15,0.92,0,0,0,2,0.15,0.92,0.31,0.38,0.62,1,0.15,0.42,0.47,0.09,0.07,0.13,0.18,0.09,0.01,0.04,0.04,0.15,0.02,0.37,0.97,0.09,0.74,1,0.89,0.12,0.2,0.56,0.52,0.12,0.87,0.14,0.07,0.19,0.33,0.75,0.32,0.31,0.48,0.41,0.48,0.62,0.59,0.55,0.63,0.53,0.48,0.57,0.48,0.52
2026,4898898,Gianna Kneepkens,Sun,G,https://a.espncdn.com/i/headshots/wnba/players/full/4898898.png,31,2026-05-08,2026-08-30,4,284,9.16,95,3.06,12.04,39,1.26,4.94,14,0.45,1.77,25,0.81,3.17,13,0.42,1.65,5,0.16,0.63,2,0.06,0.25,5,0.16,0.63,0.35,0.2,0.49,0.95,0.23,0.4,0.46,0.17,0.08,0.05,0.06,0.11,0.13,0.04,0.04,0.08,0.02,0,0.94,0.59,0.04,0.99,0.68,0.3,0.22,0.56,0.51,0.2,0.93,0.15,0.03,0.11,0.34,0.82,0.44,0.29,0.55,0.44,0.5,0.54,0.56,0.53,0.62,0.51,0.5,0.45,0.61,0.54
2026,4899328,Kaitlyn Chen,Valkyries,G,https://a.espncdn.com/i/headshots/wnba/players/full/4899328.png,40,2026-05-08,2026-08-30,0,590,14.75,270,6.75,16.47,44,1.1,2.68,13,0.32,0.79,31,0.78,1.89,77,1.93,4.7,11,0.28,0.67,0,0,0,47,1.18,2.87,0.53,0.4,0.27,0.71,0.2,0.59,0.6,0.21,0.24,0.17,0.03,0.07,0.5,0.75,0.92,0.66,0.07,0.73,0.59,0.11,0.89,0.07,0.11,0.24,0.22,0.56,0.51,0.2,0.93,0.15,0.03,0.11,0.34,0.82,0.44,0.29,0.55,0.44,0.5,0.54,0.56,0.53,0.62,0.51,0.5,0.45,0.61,0.54
2026,5017721,Sika Kone,Dream,F,https://a.espncdn.com/i/headshots/wnba/players/full/5017721.png,31,2026-05-09,2026-08-30,1,160,5.16,54,1.74,12.15,32,1.03,7.2,14,0.45,3.15,18,0.58,4.05,6,0.19,1.35,2,0.06,0.45,0,0,0,8,0.26,1.8,0.31,0.18,0.52,0.71,0.39,0.36,0.43,0.19,0.06,0.11,0.1,0.15,0.37,0.02,0.01,0.07,0.01,0.28,0.76,0.27,0.03,0.36,0.78,0.71,0.2,0.56,0.52,0.12,0.87,0.14,0.07,0.19,0.33,0.75,0.32,0.31,0.48,0.41,0.48,0.62,0.59,0.55,0.63,0.53,0.48,0.57,0.48,0.52
2026,5017726,Jade Melbourne,Storm,G,https://a.espncdn.com/i/headshots/wnba/players/full/5017726.png,39,2026-05-08,2026-08-30,31,977,25.05,372,9.54,13.71,84,2.15,3.1,16,0.41,0.59,68,1.74,2.51,152,3.9,5.6,37,0.95,1.36,8,0.21,0.29,70,1.79,2.58,0.44,0.3,0.37,0.78,0.44,0.5,0.56,0.18,0.25,0.17,0.02,0.08,0.29,0.52,0.44,0.7,0.58,0.74,0.25,0.22,0.22,0.21,0.33,0.91,0.22,0.56,0.51,0.2,0.93,0.15,0.03,0.11,0.34,0.82,0.44,0.29,0.55,0.44,0.5,0.54,0.56,0.53,0.62,0.51,0.5,0.45,0.61,0.54
2026,5105406,Frieda Buhner,Fire,F,https://a.espncdn.com/i/headshots/wnba/players/full/5105406.png,35,2026-05-09,2026-08-25,0,525,15,220,6.29,15.09,76,2.17,5.21,26,0.74,1.78,50,1.43,3.43,24,0.69,1.65,11,0.31,0.75,2,0.06,0.14,31,0.89,2.13,0.43,0.36,0.5,0.89,0.27,0.52,0.57,0.19,0.07,0.14,0.06,0.12,0.42,0.56,0.48,0.15,0.07,0.54,0.49,0.13,0.66,0.98,0.73,0.43,0.2,0.56,0.52,0.12,0.87,0.14,0.07,0.19,0.33,0.75,0.32,0.31,0.48,0.41,0.48,0.62,0.59,0.55,0.63,0.53,0.48,0.57,0.48,0.52
2026,5105729,Chance Gray,Sparks,G,https://a.espncdn.com/i/headshots/wnba/players/full/5105729.png,37,2026-05-10,2026-08-30,0,416,11.24,109,2.95,9.43,41,1.11,3.55,10,0.27,0.87,31,0.84,2.68,37,1,3.2,6,0.16,0.52,0,0,0,22,0.59,1.9,0.37,0.35,0.75,0.85,0.22,0.5,0.54,0.13,0.13,0.18,0.03,0.09,0.03,0.36,0.45,0.25,0.02,0.77,0.63,0.3,0.51,0.56,0.98,0.27,0.22,0.56,0.51,0.2,0.93,0.15,0.03,0.11,0.34,0.82,0.44,0.29,0.55,0.44,0.5,0.54,0.56,0.53,0.62,0.51,0.5,0.45,0.61,0.54
2026,5105731,Grace VanSlooten,Fever,F,https://a.espncdn.com/i/headshots/wnba/players/full/5105731.png,17,2026-05-08,2026-08-28,0,84,4.94,25,1.47,10.71,10,0.59,4.29,1,0.06,0.43,9,0.53,3.86,4,0.24,1.71,4,0.24,1.71,4,0.24,1.71,4,0.24,1.71,0.75,0.67,0.25,0.62,0.67,0.83,0.81,0.1,0.06,0.2,0.02,0.13,0.01,1,1,0.11,0.04,0.93,0.01,0.17,1,0.06,0.39,0.99,0.2,0.56,0.52,0.12,0.87,0.14,0.07,0.19,0.33,0.75,0.32,0.31,0.48,0.41,0.48,0.62,0.59,0.55,0.63,0.53,0.48,0.57,0.48,0.52
2026,5105732,Raegan Beers,Sun,F,https://a.espncdn.com/i/headshots/wnba/players/full/5105732.png,34,2026-05-08,2026-08-30,1,395,11.62,125,3.68,11.39,105,3.09,9.57,42,1.24,3.83,63,1.85,5.74,27,0.79,2.46,15,0.44,1.37,7,0.21,0.64,29,0.85,2.64,0.47,0.4,0.05,0.66,0.57,0.48,0.54,0.16,0.11,0.2,0.12,0.21,0.21,0.36,0.33,0.47,0.15,0.91,0.86,0.62,0.94,0.17,0.12,0.97,0.2,0.56,0.52,0.12,0.87,0.14,0.07,0.19,0.33,0.75,0.32,0.31,0.48,0.41,0.48,0.62,0.59,0.55,0.63,0.53,0.48,0.57,0.48,0.52
2026,5105737,Lauren Betts,Mystics,C,https://a.espncdn.com/i/headshots/wnba/players/full/5105737.png,40,2026-05-08,2026-08-28,1,681,17.02,254,6.35,13.43,177,4.42,9.36,46,1.15,2.43,131,3.28,6.93,42,1.05,2.22,21,0.52,1.11,30,0.75,1.59,35,0.88,1.85,0.55,NA,0,0.73,0.41,0.55,0.59,0.16,0.11,0.14,0.08,0.22,0.18,0.45,0.63,0.34,0.36,0.42,0.66,0.44,NA,0.39,0.15,0.6,0.23,0.58,0.54,0.13,0.68,0.14,0.08,0.23,0.35,0.75,0.22,0.35,0.57,0.41,0.4,0.54,0.63,0.44,0.52,0.46,0.31,0.52,0.59,0.48
2026,5105740,Indya Nivar,Dream,G,https://a.espncdn.com/i/headshots/wnba/players/full/5105740.png,18,2026-05-12,2026-07-11,0,60,3.33,17,0.94,10.2,17,0.94,10.2,4,0.22,2.4,13,0.72,7.8,7,0.39,4.2,5,0.28,3,2,0.11,1.2,4,0.22,2.4,0.39,0.67,0.17,0.08,0.72,0.44,0.36,0.19,0.18,0.14,0.08,0.28,0.39,0.01,0.09,0.47,0.07,0.51,0.97,1,1,0,0,1,0.22,0.56,0.51,0.2,0.93,0.15,0.03,0.11,0.34,0.82,0.44,0.29,0.55,0.44,0.5,0.54,0.56,0.53,0.62,0.51,0.5,0.45,0.61,0.54
2026,5105752,Alissa Pili,Sparks,F,https://a.espncdn.com/i/headshots/wnba/players/full/5105752.png,5,2026-07-08,2026-08-18,0,39,7.8,10,2,9.23,11,2.2,10.15,5,1,4.62,6,1.2,5.54,4,0.8,3.69,1,0.2,0.92,0,0,0,4,0.8,3.69,0.33,0.5,0.33,0,0.17,0.42,0.39,0.19,0.15,0.24,0.15,0.19,0.38,0,0.03,0.76,0.03,0.98,0.97,0.53,0.99,0,0.48,0.12,0.2,0.56,0.52,0.12,0.87,0.14,0.07,0.19,0.33,0.75,0.32,0.31,0.48,0.41,0.48,0.62,0.59,0.55,0.63,0.53,0.48,0.57,0.48,0.52
2026,5106145,Darianna Littlepage-Buggs,Mystics,G,https://a.espncdn.com/i/headshots/wnba/players/full/5106145.png,2,2026-08-19,2026-08-25,0,3,1.5,0,0,0,0,0,0,0,0,0,0,0,0,0,0,0,0,0,0,0,0,0,0,0,0,0,NA,0,NA,0,0,0,0.15,0,0,0,0,0.07,0,0,0,0,0,0.01,0,NA,NA,0,0,0.22,0.56,0.51,0.2,0.93,0.15,0.03,0.11,0.34,0.82,0.44,0.29,0.55,0.44,0.5,0.54,0.56,0.53,0.62,0.51,0.5,0.45,0.61,0.54
2026,5106170,Ndjakalenga Mwenentanda,Valkyries,G,https://a.espncdn.com/i/headshots/wnba/players/full/5106170.png,5,2026-05-08,2026-06-02,0,13,2.6,0,0,0,2,0.4,5.54,1,0.2,2.77,1,0.2,2.77,2,0.4,5.54,0,0,0,0,0,0,1,0.2,2.77,0,0,1,NA,0,0,0,0.07,0.21,0.5,0.09,0.1,0,0,0,0.56,0,1,0.99,0.41,0,NA,1,0,0.22,0.56,0.51,0.2,0.93,0.15,0.03,0.11,0.34,0.82,0.44,0.29,0.55,0.44,0.5,0.54,0.56,0.53,0.62,0.51,0.5,0.45,0.61,0.54
2026,5106222,Taina Mair,Storm,G,https://a.espncdn.com/i/headshots/wnba/players/full/5106222.png,9,2026-05-20,2026-08-30,0,47,5.22,13,1.44,9.96,4,0.44,3.06,2,0.22,1.53,2,0.22,1.53,4,0.44,3.06,0,0,0,1,0.11,0.77,4,0.44,3.06,0.24,0.43,0.41,1,0.12,0.32,0.36,0.2,0.13,0.18,0.05,0.05,0.45,0.01,0.01,0.25,0,0.78,0.89,0.06,0.95,1,0.48,0.09,0.22,0.56,0.51,0.2,0.93,0.15,0.03,0.11,0.34,0.82,0.44,0.29,0.55,0.44,0.5,0.54,0.56,0.53,0.62,0.51,0.5,0.45,0.61,0.54
2026,5106232,Ashlon Jackson,Sun,G,https://a.espncdn.com/i/headshots/wnba/players/full/5106232.png,15,2026-05-20,2026-08-30,0,169,11.27,31,2.07,6.6,14,0.93,2.98,1,0.07,0.21,13,0.87,2.77,9,0.6,1.92,8,0.53,1.7,1,0.07,0.21,4,0.27,0.85,0.28,0.16,0.7,0,0.04,0.34,0.33,0.13,0.08,0.08,0.01,0.1,0.03,0.01,0.01,0.1,0.18,0.02,0.02,0.44,0.01,0,0.93,0,0.22,0.56,0.51,0.2,0.93,0.15,0.03,0.11,0.34,0.82,0.44,0.29,0.55,0.44,0.5,0.54,0.56,0.53,0.62,0.51,0.5,0.45,0.61,0.54
2026,5107404,Quionche Carter,Mercury,G,https://a.espncdn.com/i/headshots/wnba/players/full/5107404.png,12,2026-05-09,2026-07-02,0,81,6.75,15,1.25,6.67,9,0.75,4,3,0.25,1.33,6,0.5,2.67,7,0.58,3.11,5,0.42,2.22,0,0,0,2,0.17,0.89,0.17,0,0.5,0.56,0.89,0.17,0.3,0.15,0.13,0.07,0.04,0.09,0.07,0,0,0.25,0.14,0.01,0.86,0.33,0,0.02,0.68,1,0.22,0.56,0.51,0.2,0.93,0.15,0.03,0.11,0.34,0.82,0.44,0.29,0.55,0.44,0.5,0.54,0.56,0.53,0.62,0.51,0.5,0.45,0.61,0.54
2026,5107515,Laura Ziegler,Sparks,F,https://a.espncdn.com/i/headshots/wnba/players/full/5107515.png,3,2026-06-21,2026-06-27,0,29,9.67,8,2.67,9.93,4,1.33,4.97,1,0.33,1.24,3,1,3.72,3,1,3.72,1,0.33,1.24,1,0.33,1.24,0,0,0,0.38,0,0.38,0.67,0.38,0.38,0.43,0.14,0.15,0,0.04,0.12,0.13,0.02,0.01,0.8,0.08,0,0.19,0.16,0,0.19,0.54,0.69,0.2,0.56,0.52,0.12,0.87,0.14,0.07,0.19,0.33,0.75,0.32,0.31,0.48,0.41,0.48,0.62,0.59,0.55,0.63,0.53,0.48,0.57,0.48,0.52
2026,5108051,Jordan Harrison,Fire,G,https://a.espncdn.com/i/headshots/wnba/players/full/5108051.png,12,2026-05-09,2026-08-30,1,150,12.5,63,5.25,15.12,21,1.75,5.04,6,0.5,1.44,15,1.25,3.6,42,3.5,10.08,6,0.5,1.44,1,0.08,0.24,21,1.75,5.04,0.45,0.33,0.32,0.76,0.45,0.5,0.56,0.23,0.45,0.27,0.05,0.13,0.6,0.49,0.45,1,0.16,0.98,0.93,0.79,0.38,0.13,0.2,0.91,0.22,0.56,0.51,0.2,0.93,0.15,0.03,0.11,0.34,0.82,0.44,0.29,0.55,0.44,0.5,0.54,0.56,0.53,0.62,0.51,0.5,0.45,0.61,0.54
2026,5108550,Serah Williams,Fire,C,https://a.espncdn.com/i/headshots/wnba/players/full/5108550.png,35,2026-05-09,2026-08-30,2,446,12.74,151,4.31,12.19,91,2.6,7.35,29,0.83,2.34,62,1.77,5,18,0.51,1.45,14,0.4,1.13,14,0.4,1.13,27,0.77,2.18,0.57,0.5,0.02,0.62,0.45,0.57,0.59,0.16,0.06,0.18,0.08,0.18,0.09,0.47,0.71,0.09,0.26,0.91,0.43,0.34,1,0.1,0.21,0.74,0.23,0.58,0.54,0.13,0.68,0.14,0.08,0.23,0.35,0.75,0.22,0.35,0.57,0.41,0.4,0.54,0.63,0.44,0.52,0.46,0.31,0.52,0.59,0.48
2026,5108587,Madina Okot,Dream,C,https://a.espncdn.com/i/headshots/wnba/players/full/5108587.png,39,2026-05-09,2026-08-30,2,361,9.26,210,5.38,20.94,130,3.33,12.96,45,1.15,4.49,85,2.18,8.48,10,0.26,1,12,0.31,1.2,11,0.28,1.1,49,1.26,4.89,0.58,0.12,0.06,0.77,0.39,0.58,0.62,0.25,0.05,0.23,0.14,0.3,0.62,0.83,0.82,0.02,0.1,0.97,1,1,0.01,0.59,0.27,0.57,0.23,0.58,0.54,0.13,0.68,0.14,0.08,0.23,0.35,0.75,0.22,0.35,0.57,0.41,0.4,0.54,0.63,0.44,0.52,0.46,0.31,0.52,0.59,0.48
2026,5122345,Cassandre Prosper,Mystics,G,https://a.espncdn.com/i/headshots/wnba/players/full/5122345.png,34,2026-05-08,2026-08-28,2,349,10.26,73,2.15,7.53,37,1.09,3.82,23,0.68,2.37,14,0.41,1.44,16,0.47,1.65,9,0.26,0.93,3,0.09,0.31,21,0.62,2.17,0.31,0.18,0.41,0.47,0.18,0.34,0.36,0.16,0.07,0.17,0.08,0.05,0.09,0.01,0.01,0.05,0.06,0.72,0.98,0.06,0.02,0.01,0.48,0.19,0.22,0.56,0.51,0.2,0.93,0.15,0.03,0.11,0.34,0.82,0.44,0.29,0.55,0.44,0.5,0.54,0.56,0.53,0.62,0.51,0.5,0.45,0.61,0.54
2026,5208981,Leila Lacan,Sun,G,https://a.espncdn.com/i/headshots/wnba/players/full/5208981.png,27,2026-05-30,2026-08-22,27,767,28.41,314,11.63,14.74,50,1.85,2.35,14,0.52,0.66,36,1.33,1.69,124,4.59,5.82,45,1.67,2.11,9,0.33,0.42,59,2.19,2.77,0.42,0.32,0.33,0.72,0.23,0.48,0.51,0.21,0.28,0.16,0.02,0.06,0.46,0.21,0.31,0.78,0.92,0.67,0.33,0.11,0.27,0.08,0.22,0.35,0.22,0.56,0.51,0.2,0.93,0.15,0.03,0.11,0.34,0.82,0.44,0.29,0.55,0.44,0.5,0.54,0.56,0.53,0.62,0.51,0.5,0.45,0.61,0.54
2026,5208982,Carla Leite,Fire,G,https://a.espncdn.com/i/headshots/wnba/players/full/5208982.png,36,2026-05-09,2026-08-28,35,936,26,573,15.92,22.04,76,2.11,2.92,22,0.61,0.85,54,1.5,2.08,228,6.33,8.77,24,0.67,0.92,2,0.06,0.08,120,3.33,4.62,0.46,0.4,0.23,0.87,0.59,0.5,0.6,0.29,0.42,0.2,0.03,0.07,0.88,0.77,0.47,0.98,0.3,0.92,0.64,0.15,0.9,0.75,0.04,1,0.22,0.56,0.51,0.2,0.93,0.15,0.03,0.11,0.34,0.82,0.44,0.29,0.55,0.44,0.5,0.54,0.56,0.53,0.62,0.51,0.5,0.45,0.61,0.54
2026,5208983,Isobel Borlase,Dream,G,https://a.espncdn.com/i/headshots/wnba/players/full/5208983.png,40,2026-05-09,2026-08-30,1,517,12.93,185,4.62,12.88,58,1.45,4.04,11,0.28,0.77,47,1.18,3.27,40,1,2.79,9,0.22,0.63,4,0.1,0.28,30,0.75,2.09,0.41,0.31,0.38,0.94,0.2,0.47,0.52,0.17,0.12,0.14,0.02,0.12,0.16,0.31,0.25,0.21,0.05,0.51,0.53,0.69,0.22,0.99,0.36,0.23,0.22,0.56,0.51,0.2,0.93,0.15,0.03,0.11,0.34,0.82,0.44,0.29,0.55,0.44,0.5,0.54,0.56,0.53,0.62,0.51,0.5,0.45,0.61,0.54
2026,5208985,Alicia Florez,Mystics,G,https://a.espncdn.com/i/headshots/wnba/players/full/5208985.png,31,2026-05-27,2026-08-28,0,374,12.06,102,3.29,9.82,45,1.45,4.33,11,0.35,1.06,34,1.1,3.27,61,1.97,5.87,18,0.58,1.73,5,0.16,0.48,36,1.16,3.47,0.33,0.18,0.39,0.53,0.34,0.36,0.39,0.2,0.26,0.22,0.04,0.11,0.41,0.02,0.02,0.73,0.24,0.96,0.79,0.53,0.03,0.01,0.4,0.7,0.22,0.56,0.51,0.2,0.93,0.15,0.03,0.11,0.34,0.82,0.44,0.29,0.55,0.44,0.5,0.54,0.56,0.53,0.62,0.51,0.5,0.45,0.61,0.54
2026,5209202,Nyadiew Puoch,Fire,F,https://a.espncdn.com/i/headshots/wnba/players/full/5209202.png,39,2026-05-09,2026-08-30,25,689,17.67,154,3.95,8.05,77,1.97,4.02,31,0.79,1.62,46,1.18,2.4,28,0.72,1.46,28,0.72,1.46,5,0.13,0.26,21,0.54,1.1,0.36,0.25,0.48,0.63,0.19,0.42,0.44,0.13,0.06,0.11,0.06,0.08,0.1,0.03,0.04,0.11,0.45,0.23,0.38,0.08,0.11,0.07,0.69,0.16,0.2,0.56,0.52,0.12,0.87,0.14,0.07,0.19,0.33,0.75,0.32,0.31,0.48,0.41,0.48,0.62,0.59,0.55,0.63,0.53,0.48,0.57,0.48,0.52
2026,5220104,Mai Yamamoto,Aces,G,https://a.espncdn.com/i/headshots/wnba/players/full/5220104.png,10,2026-07-28,2026-08-28,0,152,15.2,58,5.8,13.74,9,0.9,2.13,3,0.3,0.71,6,0.6,1.42,18,1.8,4.26,8,0.8,1.89,0,0,0,4,0.4,0.95,0.38,0.39,0.7,1,0.19,0.52,0.57,0.16,0.17,0.07,0.02,0.05,0.1,0.59,0.59,0.44,0.42,0.01,0.48,0.05,0.83,1,0.93,0.22,0.22,0.56,0.51,0.2,0.93,0.15,0.03,0.11,0.34,0.82,0.44,0.29,0.55,0.44,0.5,0.54,0.56,0.53,0.62,0.51,0.5,0.45,0.61,0.54
2026,5220150,Dominique Malonga,Storm,C,https://a.espncdn.com/i/headshots/wnba/players/full/5220150.png,32,2026-05-08,2026-08-30,30,838,26.19,540,16.88,23.2,292,9.12,12.54,86,2.69,3.69,206,6.44,8.85,55,1.72,2.36,29,0.91,1.25,46,1.44,1.98,86,2.69,3.69,0.48,0.27,0.16,0.76,0.26,0.5,0.54,0.31,0.14,0.15,0.12,0.28,0.88,0.19,0.17,0.57,0.85,0.51,0.89,0.81,0.12,0.56,0.57,0.29,0.23,0.58,0.54,0.13,0.68,0.14,0.08,0.23,0.35,0.75,0.22,0.35,0.57,0.41,0.4,0.54,0.63,0.44,0.52,0.46,0.31,0.52,0.59,0.48
2026,5274110,Monique Akoa Makani,Sparks,G,https://a.espncdn.com/i/headshots/wnba/players/full/5274110.png,26,2026-05-27,2026-08-30,17,568,21.85,211,8.12,13.37,47,1.81,2.98,4,0.15,0.25,43,1.65,2.73,60,2.31,3.8,26,1,1.65,7,0.27,0.44,49,1.88,3.11,0.43,0.4,0.41,0.85,0.32,0.52,0.57,0.18,0.16,0.21,0.01,0.09,0.31,0.6,0.52,0.39,0.63,0.95,0.05,0.33,0.9,0.55,0.49,0.62,0.22,0.56,0.51,0.2,0.93,0.15,0.03,0.11,0.34,0.82,0.44,0.29,0.55,0.44,0.5,0.54,0.56,0.53,0.62,0.51,0.5,0.45,0.61,0.54
2026,5277552,Juste Jocyte,Valkyries,G,https://a.espncdn.com/i/headshots/wnba/players/full/5277552.png,14,2026-05-25,2026-08-30,0,98,7,30,2.14,11.02,7,0.5,2.57,1,0.07,0.37,6,0.43,2.2,12,0.86,4.41,0,0,0,1,0.07,0.37,9,0.64,3.31,0.3,0.29,0.52,0.83,0.18,0.38,0.42,0.21,0.2,0.2,0.01,0.08,0.47,0.03,0.04,0.54,0,0.9,0.15,0.2,0.16,0.5,0.74,0.2,0.22,0.56,0.51,0.2,0.93,0.15,0.03,0.11,0.34,0.82,0.44,0.29,0.55,0.44,0.5,0.54,0.56,0.53,0.62,0.51,0.5,0.45,0.61,0.54
2026,5278157,Alex Wilson,Mystics,G,https://a.espncdn.com/i/headshots/wnba/players/full/5278157.png,4,2026-05-08,2026-05-18,0,58,14.5,12,3,7.45,7,1.75,4.34,5,1.25,3.1,2,0.5,1.24,3,0.75,1.86,0,0,0,1,0.25,0.62,2,0.5,1.24,0.27,0.18,0.73,0.67,0.2,0.33,0.37,0.14,0.08,0.11,0.11,0.04,0.05,0.01,0.01,0.1,0,0.22,1,0.01,0.03,0.05,0.96,0.23,0.22,0.56,0.51,0.2,0.93,0.15,0.03,0.11,0.34,0.82,0.44,0.29,0.55,0.44,0.5,0.54,0.56,0.53,0.62,0.51,0.5,0.45,0.61,0.54
2026,5278237,Anastasiia Olairi Kosu,Lynx,F,https://a.espncdn.com/i/headshots/wnba/players/full/5278237.png,30,2026-05-09,2026-08-30,0,308,10.27,108,3.6,12.62,59,1.97,6.9,35,1.17,4.09,24,0.8,2.81,20,0.67,2.34,17,0.57,1.99,12,0.4,1.4,19,0.63,2.22,0.48,0.67,0.04,0.85,0.4,0.49,0.56,0.17,0.09,0.16,0.14,0.09,0.26,0.44,0.34,0.33,0.26,0.68,0.95,0.09,1,0.89,0.1,0.74,0.2,0.56,0.52,0.12,0.87,0.14,0.07,0.19,0.33,0.75,0.32,0.31,0.48,0.41,0.48,0.62,0.59,0.55,0.63,0.53,0.48,0.57,0.48,0.52
2026,5345319,Nell Angloma,Sun,F,https://a.espncdn.com/i/headshots/wnba/players/full/5345319.png,35,2026-05-15,2026-08-30,1,418,11.94,150,4.29,12.92,66,1.89,5.68,29,0.83,2.5,37,1.06,3.19,28,0.8,2.41,20,0.57,1.72,10,0.29,0.86,29,0.83,2.5,0.42,0.18,0.23,0.66,0.5,0.44,0.5,0.19,0.11,0.16,0.08,0.11,0.38,0.11,0.08,0.48,0.27,0.68,0.67,0.11,0.03,0.18,0.37,0.96,0.2,0.56,0.52,0.12,0.87,0.14,0.07,0.19,0.33,0.75,0.32,0.31,0.48,0.41,0.48,0.62,0.59,0.55,0.63,0.53,0.48,0.57,0.48,0.52
2026,5345320,Pauline Astier,Liberty,G,https://a.espncdn.com/i/headshots/wnba/players/full/5345320.png,41,2026-05-08,2026-08-29,36,962,23.46,381,9.29,14.26,103,2.51,3.85,24,0.59,0.9,79,1.93,2.96,139,3.39,5.2,34,0.83,1.27,6,0.15,0.22,70,1.71,2.62,0.54,0.33,0.19,0.89,0.37,0.57,0.63,0.17,0.23,0.19,0.03,0.09,0.21,0.93,0.89,0.6,0.43,0.81,0.71,0.38,0.34,0.82,0.01,0.75,0.22,0.56,0.51,0.2,0.93,0.15,0.03,0.11,0.34,0.82,0.44,0.29,0.55,0.44,0.5,0.54,0.56,0.53,0.62,0.51,0.5,0.45,0.61,0.54
2026,5345322,Emma Cechova,Lynx,F,https://a.espncdn.com/i/headshots/wnba/players/full/5345322.png,3,2026-05-09,2026-05-14,0,52,17.33,25,8.33,17.31,11,3.67,7.62,4,1.33,2.77,7,2.33,4.85,0,0,0,1,0.33,0.69,2,0.67,1.38,4,1.33,2.77,0.62,0,0.06,0.62,0.5,0.62,0.64,0.2,0,0.17,0.09,0.16,0.48,0.99,0.96,0,0.08,0.7,0.75,0.35,0,0.06,0.15,0.96,0.2,0.56,0.52,0.12,0.87,0.14,0.07,0.19,0.33,0.75,0.32,0.31,0.48,0.41,0.48,0.62,0.59,0.55,0.63,0.53,0.48,0.57,0.48,0.52
2026,5345325,Awa Fam,Storm,C,https://a.espncdn.com/i/headshots/wnba/players/full/5345325.png,33,2026-05-24,2026-08-26,22,910,27.58,339,10.27,13.41,189,5.73,7.48,63,1.91,2.49,126,3.82,4.98,59,1.79,2.33,29,0.88,1.15,26,0.79,1.03,53,1.61,2.1,0.45,0.36,0.48,0.83,0.12,0.54,0.56,0.17,0.11,0.15,0.08,0.16,0.24,0.24,0.38,0.4,0.8,0.64,0.38,0.28,0.41,0.83,0.85,0.08,0.23,0.58,0.54,0.13,0.68,0.14,0.08,0.23,0.35,0.75,0.22,0.35,0.57,0.41,0.4,0.54,0.63,0.44,0.52,0.46,0.31,0.52,0.59,0.48
2026,5345444,Laura Juskaite,Tempo,F,https://a.espncdn.com/i/headshots/wnba/players/full/5345444.png,40,2026-05-08,2026-08-29,32,998,24.95,410,10.25,14.79,171,4.28,6.17,44,1.1,1.59,127,3.17,4.58,68,1.7,2.45,46,1.15,1.66,10,0.25,0.36,82,2.05,2.96,0.46,0.32,0.39,0.79,0.33,0.53,0.57,0.19,0.11,0.19,0.05,0.15,0.45,0.61,0.57,0.52,0.75,0.88,0.33,0.3,0.36,0.65,0.56,0.59,0.2,0.56,0.52,0.12,0.87,0.14,0.07,0.19,0.33,0.75,0.32,0.31,0.48,0.41,0.48,0.62,0.59,0.55,0.63,0.53,0.48,0.57,0.48,0.52
2026,5345473,Costanza Verona,Wings,G,https://a.espncdn.com/i/headshots/wnba/players/full/5345473.png,1,2026-06-09,2026-06-09,0,6,6,4,4,24,0,0,0,0,0,0,0,0,0,2,2,12,0,0,0,0,0,0,0,0,0,1,NA,0,NA,0,1,1,0.15,0.68,0,0,0,0.07,1,1,1,0,0,0.01,0,NA,NA,0,0,0.22,0.56,0.51,0.2,0.93,0.15,0.03,0.11,0.34,0.82,0.44,0.29,0.55,0.44,0.5,0.54,0.56,0.53,0.62,0.51,0.5,0.45,0.61,0.54
2026,5345478,Eliska Joklova,Lynx,G,https://a.espncdn.com/i/headshots/wnba/players/full/5345478.png,20,2026-05-12,2026-08-30,0,112,5.6,36,1.8,11.57,22,1.1,7.07,7,0.35,2.25,15,0.75,4.82,23,1.15,7.39,3,0.15,0.96,3,0.15,0.96,11,0.55,3.54,0.43,0,0.26,0.76,0.91,0.43,0.56,0.17,0.27,0.25,0.08,0.16,0.16,0.48,0.07,0.73,0.01,0.98,0.97,0.92,0,0.13,0.09,1,0.22,0.56,0.51,0.2,0.93,0.15,0.03,0.11,0.34,0.82,0.44,0.29,0.55,0.44,0.5,0.54,0.56,0.53,0.62,0.51,0.5,0.45,0.61,0.54
2026,5345524,Noemie Brochant,Mercury,F,https://a.espncdn.com/i/headshots/wnba/players/full/5345524.png,39,2026-05-09,2026-08-29,29,895,22.95,241,6.18,9.69,75,1.92,3.02,15,0.38,0.6,60,1.54,2.41,68,1.74,2.74,42,1.08,1.69,8,0.21,0.32,36,0.92,1.45,0.46,0.39,0.5,0.69,0.08,0.56,0.57,0.13,0.12,0.14,0.02,0.08,0.07,0.5,0.76,0.62,0.69,0.59,0.07,0.07,0.85,0.22,0.72,0.04,0.2,0.56,0.52,0.12,0.87,0.14,0.07,0.19,0.33,0.75,0.32,0.31,0.48,0.41,0.48,0.62,0.59,0.55,0.63,0.53,0.48,0.57,0.48,0.52
2026,5346554,Teja Oblak,Fire,G,https://a.espncdn.com/i/headshots/wnba/players/full/5346554.png,29,2026-05-23,2026-08-30,1,390,13.45,161,5.55,14.86,46,1.59,4.25,15,0.52,1.38,31,1.07,2.86,92,3.17,8.49,19,0.66,1.75,1,0.03,0.09,72,2.48,6.65,0.42,0.37,0.4,0.72,0.12,0.49,0.51,0.27,0.39,0.31,0.05,0.1,0.79,0.19,0.37,0.96,0.28,1,0.89,0.45,0.63,0.07,0.44,0.1,0.22,0.56,0.51,0.2,0.93,0.15,0.03,0.11,0.34,0.82,0.44,0.29,0.55,0.44,0.5,0.54,0.56,0.53,0.62,0.51,0.5,0.45,0.61,0.54
2026,5355509,Tima Pouye,Tempo,G,https://a.espncdn.com/i/headshots/wnba/players/full/5355509.png,19,2026-05-30,2026-07-30,1,180,9.47,60,3.16,12,16,0.84,3.2,6,0.32,1.2,10,0.53,2,22,1.16,4.4,4,0.21,0.8,0,0,0,14,0.74,2.8,0.35,0.31,0.47,0.78,0.33,0.42,0.48,0.19,0.19,0.18,0.04,0.07,0.37,0.08,0.06,0.53,0.04,0.78,0.81,0.12,0.23,0.19,0.66,0.67,0.22,0.56,0.51,0.2,0.93,0.15,0.03,0.11,0.34,0.82,0.44,0.29,0.55,0.44,0.5,0.54,0.56,0.53,0.62,0.51,0.5,0.45,0.61,0.54
2026,5364343,Ornella Bankole,Tempo,G,https://a.espncdn.com/i/headshots/wnba/players/full/5364343.png,10,2026-07-05,2026-08-29,0,135,13.5,35,3.5,9.33,20,2,5.33,9,0.9,2.4,11,1.1,2.93,9,0.9,2.4,2,0.2,0.53,0,0,0,2,0.2,0.53,0.48,0.45,0.41,0.8,0.19,0.57,0.6,0.1,0.1,0.06,0.08,0.1,0.01,0.71,0.89,0.17,0.04,0.01,0.97,0.43,0.97,0.31,0.47,0.21,0.22,0.56,0.51,0.2,0.93,0.15,0.03,0.11,0.34,0.82,0.44,0.29,0.55,0.44,0.5,0.54,0.56,0.53,0.62,0.51,0.5,0.45,0.61,0.54
