season,athlete_id,athlete_display_name,athlete_position_abbreviation,team_id,team_short_display_name,games_played,first_game_date,last_game_date,games_started,minutes_total,pts_total,fgm_total,fga_total,fg3m_total,fg3a_total,ftm_total,fta_total,oreb_total,dreb_total,reb_total,ast_total,stl_total,blk_total,tov_total,pf_total,team_minutes_total,team_fgm_total,team_fga_total,team_fg3a_total,team_ftm_total,team_fta_total,team_oreb_total,team_dreb_total,team_reb_total,team_tov_total,opp_oreb_total,opp_dreb_total,opp_reb_total,mpg,ppg,rpg,apg,spg,bpg,tovpg,oreb_pg,dreb_pg,fg_pct,fg3_pct,ft_pct,efg_pct,ts_pct,pts_per_36,reb_per_36,ast_per_36,stl_per_36,blk_per_36,tov_per_36,oreb_per_36,dreb_per_36,usg_weight,usage,ast_denom,ast_pct,tov_denom,tov_pct,oreb_chances,oreb_pct,dreb_chances,dreb_pct,threepar,fta_rate,ts_weight,efg_weight,ast_weight,stl_weight,tov_weight,oreb_weight,dreb_weight,fg3_weight,ft_weight,threepar_weight,fta_rate_weight,usage_pctile_pos,ts_pctile_pos,efg_pctile_pos,ast_pctile_pos,stl_pctile_pos,tov_pctile_pos,oreb_pctile_pos,dreb_pctile_pos,fg3_pctile_pos,ft_pctile_pos,threepar_pctile_pos,fta_rate_pctile_pos,usage_pos_avg,ts_pos_avg,efg_pos_avg,ast_pos_avg,stl_pos_avg,tov_pos_avg,oreb_pos_avg,dreb_pos_avg,fg3_pos_avg,ft_pos_avg,threepar_pos_avg,fta_rate_pos_avg,usage_pos_avg_pctile,ts_pos_avg_pctile,efg_pos_avg_pctile,ast_pos_avg_pctile,stl_pos_avg_pctile,tov_pos_avg_pctile,oreb_pos_avg_pctile,dreb_pos_avg_pctile,fg3_pos_avg_pctile,ft_pos_avg_pctile,threepar_pos_avg_pctile,fta_rate_pos_avg_pctile,headshot_url
2026,869,DeWanna Bonner,F,20,Dream,38,2026-05-09,2026-08-30,26,1038,400,133,335,45,171,89,105,32,197,229,59,44,29,31,63,8034,1254,2855,1092,770,979,437,985,1422,524,258,967,1225,27.31578947368421,10.526315789473685,6.026315789473684,1.5526315789473684,1.1578947368421053,0.7631578947368421,0.8157894736842105,0.8421052631578947,5.184210526315789,0.3970149253731343,0.2631578947368421,0.8476190476190476,0.46417910447761196,0.5246589716684156,13.872832369942197,7.942196531791907,2.046242774566474,1.5260115606936415,1.0057803468208093,1.0751445086705202,1.1098265895953756,6.832369942196531,412.2,0.1674845841638743,677.0896191187454,0.08713765258547378,412.2,0.07520621057738962,906.990291262136,0.03528152429886534,802.9835698282301,0.24533503224996395,0.5104477611940299,0.31343283582089554,381.2,335,677.0896191187454,1038,412.2,906.990291262136,802.9835698282301,171,105,335,335,0.27783612533634233,0.3289266850312113,0.16928709885849666,0.31259382254397294,0.7767959869299094,0.06061539796892631,0.17579388735672247,0.8556633498637586,0.22015915119363394,0.8697566628041715,0.7803144518630196,0.5617057936678871,0.20109525277908555,0.5576019105865703,0.517768684040491,0.12420123916161148,0.8692183950177319,0.141372276712091,0.07306816022078576,0.18544112394679418,0.3297966401414677,0.747856315179606,0.32479000646133965,0.3097853399382583,0.48257248911195416,0.4131951780434178,0.48278876487058314,0.6239137397863301,0.5937270061966523,0.5531904399638512,0.6316023323871088,0.5313139682280483,0.4814167576845061,0.5735587212868926,0.48200833639507923,0.518404682570853,https://a.espncdn.com/i/headshots/wnba/players/full/869.png
2026,887,Sami Whitcomb,G,11,Mercury,17,2026-07-09,2026-08-29,6,283,86,27,83,21,65,11,11,6,23,29,34,11,1,19,30,8033,1166,2623,963,720,915,276,986,1262,518,312,1051,1363,16.647058823529413,5.0588235294117645,1.7058823529411764,2,0.6470588235294118,0.058823529411764705,1.1176470588235294,0.35294117647058826,1.3529411764705883,0.3253012048192771,0.3230769230769231,1,0.45180722891566266,0.48952641165755917,10.939929328621908,3.6890459363957597,4.3250883392226145,1.3992932862190812,0.127208480565371,2.4169611307420493,0.7632508833922261,2.9257950530035335,106.84,0.17116324577788575,178.38902029129838,0.19059468987766218,106.84,0.177836016473231,233.74891074318435,0.025668568811394763,228.64060749408688,0.10059455427485613,0.7831325301204819,0.13253012048192772,87.84,83,178.38902029129838,283,106.84,233.74891074318435,228.64060749408688,65,11,83,83,0.1754611046879431,0.11524436582390844,0.1667415326565448,0.515010710357414,0.2748448929721839,0.7495309875439017,0.555168021666799,0.44513389573209144,0.30631092868137505,0.9951150330917113,0.9825711975563741,0.10331506603180307,0.2183536305952321,0.5562930665627853,0.5086021022369958,0.20407717661994423,0.9321540309446514,0.14602102920965948,0.02842820220032798,0.10533290196586335,0.3444843509492047,0.8241411913016073,0.43774144281735694,0.28505974305992277,0.5460825766956455,0.4364687932383934,0.5026784259565209,0.5408217699467427,0.5556928965566764,0.5279163627113468,0.6233298955152561,0.5119662601648649,0.4994043012061814,0.453301692778582,0.6053406351782851,0.544010543161639,https://a.espncdn.com/i/headshots/wnba/players/full/887.png
2026,924,Alysha Clark,F,3,Wings,27,2026-05-09,2026-08-30,1,311,66,20,50,12,33,14,21,10,35,45,18,5,4,15,52,8051,1325,2836,952,584,738,340,1031,1371,438,336,1006,1342,11.518518518518519,2.4444444444444446,1.6666666666666667,0.6666666666666666,0.18518518518518517,0.14814814814814814,0.5555555555555556,0.37037037037037035,1.2962962962962963,0.4,0.36363636363636365,0.6666666666666666,0.52,0.5570560432140446,7.639871382636656,5.209003215434084,2.0836012861736335,0.5787781350482315,0.4630225080385852,1.7363344051446945,1.157556270096463,4.051446945337621,74.24000000000001,0.10680936644569017,235.91541423425662,0.07629853292301861,74.24000000000001,0.20204741379310343,259.97143212023354,0.038465764943646286,264.0274500062104,0.1325619741401007,0.66,0.42,59.24,50,235.91541423425662,311,74.24000000000001,259.97143212023354,264.0274500062104,33,21,50,50,0.024362034545612362,0.3746442922489828,0.5132457462847297,0.16170885851969324,0.02604813843250955,0.9272806180019095,0.18591590053502055,0.2129923319430741,0.6717506631299734,0.18609501738122827,0.9734367147677507,0.7511666307703353,0.20109525277908555,0.5576019105865703,0.517768684040491,0.12420123916161148,0.8692183950177319,0.141372276712091,0.07306816022078576,0.18544112394679418,0.3297966401414677,0.747856315179606,0.32479000646133965,0.3097853399382583,0.48257248911195416,0.4131951780434178,0.48278876487058314,0.6239137397863301,0.5937270061966523,0.5531904399638512,0.6316023323871088,0.5313139682280483,0.4814167576845061,0.5735587212868926,0.48200833639507923,0.518404682570853,https://a.espncdn.com/i/headshots/wnba/players/full/924.png
2026,981,Courtney Vandersloot,G,19,Sky,23,2026-06-26,2026-08-29,20,507,208,71,164,22,57,44,58,10,55,65,120,27,7,46,37,8057,1232,2791,931,708,924,317,1015,1332,505,365,1110,1475,22.043478260869566,9.043478260869565,2.8260869565217392,5.217391304347826,1.173913043478261,0.30434782608695654,2,0.43478260869565216,2.391304347826087,0.4329268292682927,0.38596491228070173,0.7586206896551724,0.5,0.5487547488391726,14.76923076923077,4.615384615384615,8.520710059171599,1.9171597633136095,0.4970414201183432,3.2662721893491122,0.7100591715976331,3.905325443786982,235.52,0.20217203735235337,316.6281494352737,0.37899346667069106,235.52,0.1953125,448.9816308799802,0.02227262612147524,434.19386868561503,0.12667152616985392,0.3475609756097561,0.35365853658536583,189.52,164,316.6281494352737,507,235.52,448.9816308799802,434.19386868561503,57,58,164,164,0.45038693527628104,0.39324601344922056,0.44394034677926514,0.9586291408554856,0.743212579933673,0.8333765079295826,0.35148817907071805,0.7863528489903668,0.7600820933812211,0.11786952410967538,0.24521606324678824,0.7278321803970892,0.2183536305952321,0.5562930665627853,0.5086021022369958,0.20407717661994423,0.9321540309446514,0.14602102920965948,0.02842820220032798,0.10533290196586335,0.3444843509492047,0.8241411913016073,0.43774144281735694,0.28505974305992277,0.5460825766956455,0.4364687932383934,0.5026784259565209,0.5408217699467427,0.5556928965566764,0.5279163627113468,0.6233298955152561,0.5119662601648649,0.4994043012061814,0.453301692778582,0.6053406351782851,0.544010543161639,https://a.espncdn.com/i/headshots/wnba/players/full/981.png
2026,1054,Tiffany Hayes,G,129689,Valkyries,38,2026-05-08,2026-08-30,2,632,340,111,239,24,80,94,116,21,58,79,91,30,8,43,77,8000,1156,2720,1223,569,731,363,952,1315,413,314,983,1297,16.63157894736842,8.947368421052632,2.0789473684210527,2.3947368421052633,0.7894736842105263,0.21052631578947367,1.131578947368421,0.5526315789473685,1.5263157894736843,0.46443514644351463,0.3,0.8103448275862069,0.5146443514644351,0.5861260515790925,19.367088607594937,4.5,5.1835443037974684,1.7088607594936709,0.45569620253164556,2.449367088607595,1.1962025316455696,3.3037974683544302,333.04,0.24405994271655776,345.62,0.26329494820901567,333.04,0.12911361998558732,531.6700000000001,0.039498184964357586,500.07000000000005,0.11598376227328173,0.33472803347280333,0.48535564853556484,290.04,239,345.62,632,333.04,531.6700000000001,500.07000000000005,80,116,239,239,0.6810210837459915,0.6641350925033048,0.5091635971610816,0.7217211220150683,0.3473604036749655,0.3728553587399926,0.8040819078770629,0.6149894631134042,0.18850692662904053,0.37645761109360226,0.23174018506872698,0.955439762824544,0.2183536305952321,0.5562930665627853,0.5086021022369958,0.20407717661994423,0.9321540309446514,0.14602102920965948,0.02842820220032798,0.10533290196586335,0.3444843509492047,0.8241411913016073,0.43774144281735694,0.28505974305992277,0.5460825766956455,0.4364687932383934,0.5026784259565209,0.5408217699467427,0.5556928965566764,0.5279163627113468,0.6233298955152561,0.5119662601648649,0.4994043012061814,0.453301692778582,0.6053406351782851,0.544010543161639,https://a.espncdn.com/i/headshots/wnba/players/full/1054.png
2026,1068,Nneka Ogwumike,F,6,Sparks,40,2026-05-10,2026-08-30,39,1228,681,268,518,54,138,91,107,69,286,355,120,46,13,74,66,8029,1266,2726,1042,615,788,295,951,1246,580,383,1045,1428,30.7,17.025,8.875,3,1.15,0.325,1.85,1.725,7.15,0.5173745173745173,0.391304347826087,0.8504672897196262,0.5694980694980695,0.6025695476746655,19.964169381107492,10.407166123778502,3.517915309446254,1.3485342019543973,0.3811074918566775,2.1693811074918568,2.022801302931596,8.384364820846905,639.08,0.22878730930813915,700.1454726616017,0.1713929528728083,639.08,0.1157914502096764,1024.735334412754,0.06733445962370557,1020.1469672437414,0.28035176222963437,0.26640926640926643,0.20656370656370657,565.08,518,700.1454726616017,1228,639.08,1024.735334412754,1020.1469672437414,138,107,518,518,0.7103853832132628,0.8341934342540879,0.8610811975016154,0.8613010587749538,0.7299461549081873,0.3161314122038018,0.5917491159594284,0.9298906945515681,0.8129973474801061,0.9098493626882966,0.43506353650656904,0.27044296072941343,0.20109525277908555,0.5576019105865703,0.517768684040491,0.12420123916161148,0.8692183950177319,0.141372276712091,0.07306816022078576,0.18544112394679418,0.3297966401414677,0.747856315179606,0.32479000646133965,0.3097853399382583,0.48257248911195416,0.4131951780434178,0.48278876487058314,0.6239137397863301,0.5937270061966523,0.5531904399638512,0.6316023323871088,0.5313139682280483,0.4814167576845061,0.5735587212868926,0.48200833639507923,0.518404682570853,https://a.espncdn.com/i/headshots/wnba/players/full/1068.png
2026,2284331,Emma Cannon,F,6,Sparks,16,2026-05-10,2026-08-22,0,108,61,18,36,10,20,15,19,9,13,22,5,1,2,14,24,8029,1266,2726,1042,615,788,295,951,1246,580,383,1045,1428,6.75,3.8125,1.375,0.3125,0.0625,0.125,0.875,0.5625,0.8125,0.5,0.5,0.7894736842105263,0.6388888888888888,0.6875563570784491,20.333333333333332,7.333333333333333,1.6666666666666667,0.3333333333333333,0.6666666666666666,4.666666666666667,3,4.333333333333333,58.36,0.2375563253522692,67.14634450118321,0.07446421748114514,58.36,0.23989033584647018,90.12330302652883,0.099863184079602,89.7197658487981,0.14489560775167973,0.5555555555555556,0.5277777777777778,44.36,36,67.14634450118321,108,58.36,90.12330302652883,89.7197658487981,20,19,36,36,0.7299084280878396,0.9982966463645783,0.9971282934884055,0.15100835539567764,0.0054995627962630585,0.9854938807395193,0.7557995270285934,0.2672409169280832,0.9938107869142352,0.6282734646581691,0.8515327733505635,0.9608012061167349,0.20109525277908555,0.5576019105865703,0.517768684040491,0.12420123916161148,0.8692183950177319,0.141372276712091,0.07306816022078576,0.18544112394679418,0.3297966401414677,0.747856315179606,0.32479000646133965,0.3097853399382583,0.48257248911195416,0.4131951780434178,0.48278876487058314,0.6239137397863301,0.5937270061966523,0.5531904399638512,0.6316023323871088,0.5313139682280483,0.4814167576845061,0.5735587212868926,0.48200833639507923,0.518404682570853,https://a.espncdn.com/i/headshots/wnba/players/full/2284331.png
2026,2327695,Rebekah Gardner,G,9,Liberty,39,2026-05-08,2026-08-29,2,579,209,79,158,10,42,41,44,38,59,97,48,21,8,23,64,8250,1270,2758,1191,731,861,338,1115,1453,554,329,958,1287,14.846153846153847,5.358974358974359,2.4871794871794872,1.2307692307692308,0.5384615384615384,0.20512820512820512,0.5897435897435898,0.9743589743589743,1.5128205128205128,0.5,0.23809523809523808,0.9318181818181818,0.5316455696202531,0.5891971132160577,12.994818652849741,6.0310880829015545,2.9844559585492227,1.305699481865285,0.49740932642487046,1.4300518134715026,2.3626943005181347,3.66839378238342,200.36,0.1547003102990779,366.6545454545454,0.13091341862540912,200.36,0.11479337193052505,454.7781818181818,0.08355721870402355,506.71272727272725,0.11643678325893819,0.26582278481012656,0.27848101265822783,177.36,158,366.6545454545454,579,200.36,454.7781818181818,506.71272727272725,42,44,158,158,0.08373644772147204,0.6821727579842772,0.6610367442278322,0.26287116850562375,0.2006950064264293,0.33430362557535825,0.9859755892853921,0.6616168205534769,0.04607491021036429,0.9541443428931611,0.0983289911059204,0.49600215614050847,0.2183536305952321,0.5562930665627853,0.5086021022369958,0.20407717661994423,0.9321540309446514,0.14602102920965948,0.02842820220032798,0.10533290196586335,0.3444843509492047,0.8241411913016073,0.43774144281735694,0.28505974305992277,0.5460825766956455,0.4364687932383934,0.5026784259565209,0.5408217699467427,0.5556928965566764,0.5279163627113468,0.6233298955152561,0.5119662601648649,0.4994043012061814,0.453301692778582,0.6053406351782851,0.544010543161639,https://a.espncdn.com/i/headshots/wnba/players/full/2327695.png
2026,2490553,Brittney Griner,C,18,Sun,18,2026-05-08,2026-08-13,18,455,238,97,184,1,4,43,64,35,70,105,45,8,32,32,48,8025,1162,2745,792,603,852,369,931,1300,542,311,1038,1349,25.27777777777778,13.222222222222221,5.833333333333333,2.5,0.4444444444444444,1.7777777777777777,1.7777777777777777,1.9444444444444444,3.888888888888889,0.5271739130434783,0.25,0.671875,0.529891304347826,0.5608974358974359,18.83076923076923,8.307692307692308,3.5604395604395602,0.6329670329670329,2.5318681318681318,2.5318681318681318,2.769230769230769,5.538461538461538,244.16,0.23519822940885343,232.41433021806853,0.19361973058106025,244.16,0.1310615989515072,398.86915887850466,0.0877480728226997,352.0934579439252,0.19881085098476403,0.021739130434782608,0.34782608695652173,212.16,184,232.41433021806853,455,244.16,398.86915887850466,352.0934579439252,4,64,184,184,0.5851332476674674,0.3749715289753685,0.3259481787457754,1,0.2858656775731885,0.34600815688027264,0.6899316944818625,0.375906980453607,0.04010238907849829,0.13458445040214478,0.2444611340593316,0.46207285016898236,0.2301817032026182,0.5835746591611622,0.5419639504318438,0.12732307217240074,0.6806470117654635,0.14148835130454215,0.08404596441834357,0.22810925115503222,0.35238907849829354,0.7512064343163539,0.22005257228689448,0.35016898235073224,0.5655136617832318,0.4125217927981165,0.400021804174288,0.5422970364883264,0.6292608719804802,0.4351423489147889,0.523775153269908,0.46241091424709707,0.3113508752614775,0.5153506875378362,0.586265792884571,0.4794253388732087,https://a.espncdn.com/i/headshots/wnba/players/full/2490553.png
2026,2491205,Skylar Diggins,G,19,Sky,19,2026-05-09,2026-07-03,19,553,269,87,222,26,68,69,89,13,47,60,93,18,11,33,41,8057,1232,2791,931,708,924,317,1015,1332,505,365,1110,1475,29.105263157894736,14.157894736842104,3.1578947368421053,4.894736842105263,0.9473684210526315,0.5789473684210527,1.736842105263158,0.6842105263157895,2.473684210526316,0.3918918918918919,0.38235294117647056,0.7752808988764045,0.45045045045045046,0.5150099555827844,17.511754068716094,3.905967450271248,6.054249547920434,1.1717902350813743,0.7160940325497287,2.148282097649186,0.8462929475587704,3.059674502712477,294.16,0.23150466129763658,335.7975673327541,0.27695257216632213,294.16,0.1121838455262442,489.71763683753255,0.026545909361056656,473.5881841876629,0.09924234085488902,0.3063063063063063,0.4009009009009009,261.16,222,335.7975673327541,553,294.16,489.71763683753255,473.5881841876629,68,89,222,222,0.5987284854169848,0.28926521019995016,0.152052825442458,0.7621377555058612,0.5606702527728852,0.31076710804738117,0.5995622252355101,0.43827794505034967,0.7247819394561313,0.1714465805231642,0.19252537957056867,0.8506872697870811,0.2183536305952321,0.5562930665627853,0.5086021022369958,0.20407717661994423,0.9321540309446514,0.14602102920965948,0.02842820220032798,0.10533290196586335,0.3444843509492047,0.8241411913016073,0.43774144281735694,0.28505974305992277,0.5460825766956455,0.4364687932383934,0.5026784259565209,0.5408217699467427,0.5556928965566764,0.5279163627113468,0.6233298955152561,0.5119662601648649,0.4994043012061814,0.453301692778582,0.6053406351782851,0.544010543161639,https://a.espncdn.com/i/headshots/wnba/players/full/2491205.png
2026,2491214,Erica Wheeler,G,6,Sparks,39,2026-05-10,2026-08-30,37,1053,352,129,325,53,170,41,47,9,67,76,201,36,4,75,109,8029,1266,2726,1042,615,788,295,951,1246,580,383,1045,1428,27,9.025641025641026,1.9487179487179487,5.153846153846154,0.9230769230769231,0.10256410256410256,1.9230769230769231,0.23076923076923078,1.7179487179487178,0.39692307692307693,0.31176470588235294,0.8723404255319149,0.47846153846153844,0.5091414024531359,12.034188034188034,2.5982905982905984,6.871794871794871,1.2307692307692308,0.13675213675213677,2.5641025641025643,0.3076923076923077,2.2905982905982905,420.68,0.17562994490288852,701.1768588865363,0.28666091507809677,420.68,0.17828278026053057,878.7022045086561,0.010242377854318153,874.7677170257815,0.07659176109950723,0.5230769230769231,0.14461538461538462,345.68,325,701.1768588865363,1053,420.68,878.7022045086561,874.7677170257815,170,47,325,325,0.2675920573285923,0.2471102695591644,0.3200071871350283,0.7957742056062509,0.5480236746481332,0.7638699526624636,0.12829841358143024,0.1975600344834279,0.25017957927142126,0.6913016073116924,0.7772437337166472,0.12231605426286947,0.2183536305952321,0.5562930665627853,0.5086021022369958,0.20407717661994423,0.9321540309446514,0.14602102920965948,0.02842820220032798,0.10533290196586335,0.3444843509492047,0.8241411913016073,0.43774144281735694,0.28505974305992277,0.5460825766956455,0.4364687932383934,0.5026784259565209,0.5408217699467427,0.5556928965566764,0.5279163627113468,0.6233298955152561,0.5119662601648649,0.4994043012061814,0.453301692778582,0.6053406351782851,0.544010543161639,https://a.espncdn.com/i/headshots/wnba/players/full/2491214.png
2026,2491232,Kayla Alexander,C,131935,Tempo,4,2026-07-10,2026-07-20,0,40,9,3,7,0,0,3,4,4,7,11,2,1,1,4,4,8036,1194,2712,1119,674,834,337,934,1271,558,400,984,1384,10,2.25,2.75,0.5,0.25,0.25,1,1,1.75,0.42857142857142855,NA,0.75,0.42857142857142855,0.5136986301369864,8.1,9.9,1.8,0.9,0.9,3.6,3.6,6.3,12.76,0.1409685011658088,26.71627675460428,0.07486073072121924,12.76,0.31347962382445144,32.87705326032852,0.12166540499621498,33.200597312095574,0.21083958020989502,0,0.5714285714285714,8.76,7,26.71627675460428,40,12.76,32.87705326032852,33.200597312095574,0,4,7,7,0.04552768311078831,0.09282530179286108,0.03398422831393166,0.1540916394834834,0.04066763809776129,0.9984803620313983,0.9710143249081571,0.39832623435991077,NA,0.4949061662198391,0.0013143071723619977,0.9847915884340969,0.2301817032026182,0.5835746591611622,0.5419639504318438,0.12732307217240074,0.6806470117654635,0.14148835130454215,0.08404596441834357,0.22810925115503222,0.35238907849829354,0.7512064343163539,0.22005257228689448,0.35016898235073224,0.5655136617832318,0.4125217927981165,0.400021804174288,0.5422970364883264,0.6292608719804802,0.4351423489147889,0.523775153269908,0.46241091424709707,0.3113508752614775,0.5153506875378362,0.586265792884571,0.4794253388732087,https://a.espncdn.com/i/headshots/wnba/players/full/2491232.png
2026,2529047,Odyssey Sims,G,3,Wings,31,2026-05-09,2026-08-30,11,451,148,51,136,15,47,31,36,3,26,29,62,16,2,31,38,8051,1325,2836,952,584,738,340,1031,1371,438,336,1006,1342,14.548387096774194,4.774193548387097,0.9354838709677419,2,0.5161290322580645,0.06451612903225806,1,0.0967741935483871,0.8387096774193549,0.375,0.3191489361702128,0.8611111111111112,0.43014705882352944,0.48735511064278186,11.813747228381375,2.3148558758314857,4.9490022172949,1.2771618625277161,0.15964523281596452,2.47450110864745,0.2394678492239468,2.0753880266075386,182.84,0.1813954693129619,320.11849459694446,0.19367828178144816,182.84,0.16954714504484794,377.00037262451866,0.00795755181650155,382.88225065209286,0.067905994481904,0.34558823529411764,0.2647058823529412,151.84,136,320.11849459694446,451,182.84,377.00037262451866,382.88225065209286,47,36,136,136,0.33052153094391484,0.09994316331287638,0.07169167190728595,0.5353446971858893,0.1701337649354977,0.7144354944263868,0.042599527792224284,0.12478802178780819,0.2996408414571575,0.6069965332492909,0.2378492498427814,0.4577306621148145,0.2183536305952321,0.5562930665627853,0.5086021022369958,0.20407717661994423,0.9321540309446514,0.14602102920965948,0.02842820220032798,0.10533290196586335,0.3444843509492047,0.8241411913016073,0.43774144281735694,0.28505974305992277,0.5460825766956455,0.4364687932383934,0.5026784259565209,0.5408217699467427,0.5556928965566764,0.5279163627113468,0.6233298955152561,0.5119662601648649,0.4994043012061814,0.453301692778582,0.6053406351782851,0.544010543161639,https://a.espncdn.com/i/headshots/wnba/players/full/2529047.png
2026,2529122,Chelsea Gray,G,17,Aces,40,2026-05-09,2026-08-28,40,1317,476,174,403,69,188,59,63,10,115,125,271,53,14,112,87,8252,1349,2810,979,667,821,320,1053,1373,487,344,1041,1385,32.925,11.9,3.125,6.775,1.325,0.35,2.8,0.25,2.875,0.4317617866004963,0.3670212765957447,0.9365079365079365,0.5173697270471465,0.5525631500742941,13.01138952164009,3.416856492027335,7.407744874715262,1.44874715261959,0.3826879271070615,3.061503416856492,0.2733485193621868,3.143507972665148,542.72,0.185911849831535,902.4863063499756,0.30028156448825805,542.72,0.20636792452830188,1086.0621667474552,0.009207576054276943,1114.7897479398932,0.10315846572191524,0.4665012406947891,0.15632754342431762,430.72,403,902.4863063499756,1317,542.72,1086.0621667474552,1114.7897479398932,188,63,403,403,0.36352691913352675,0.42679243114139565,0.5345431677297637,0.8480480312710574,0.8460830516811856,0.9399459544948845,0.07863080816901981,0.48007577694745657,0.6455618265777322,0.9850299401197605,0.6585212469679275,0.14823465995867396,0.2183536305952321,0.5562930665627853,0.5086021022369958,0.20407717661994423,0.9321540309446514,0.14602102920965948,0.02842820220032798,0.10533290196586335,0.3444843509492047,0.8241411913016073,0.43774144281735694,0.28505974305992277,0.5460825766956455,0.4364687932383934,0.5026784259565209,0.5408217699467427,0.5556928965566764,0.5279163627113468,0.6233298955152561,0.5119662601648649,0.4994043012061814,0.453301692778582,0.6053406351782851,0.544010543161639,https://a.espncdn.com/i/headshots/wnba/players/full/2529122.png
2026,2529130,Natasha Howard,F,8,Lynx,41,2026-05-09,2026-08-30,41,1198,603,246,423,5,23,106,148,136,177,313,134,69,38,104,138,8008,1359,2820,946,564,697,370,1003,1373,497,376,938,1314,29.21951219512195,14.707317073170731,7.634146341463414,3.268292682926829,1.6829268292682926,0.926829268292683,2.5365853658536586,3.317073170731707,4.317073170731708,0.5815602836879432,0.21739130434782608,0.7162162162162162,0.5874704491725768,0.6176759813160698,18.120200333889816,9.40567612687813,4.026711185308848,2.0734557595993324,1.1419031719532555,3.1252086811352253,4.086811352253756,5.318864774624374,592.12,0.2184525575122555,770.5347152847154,0.17390520808720022,592.12,0.17564007295818415,978.3866133866135,0.13900435486258952,1031.4947552447554,0.17159563739904915,0.054373522458628844,0.34988179669030733,488.12,423,770.5347152847154,1198,592.12,978.3866133866135,1031.4947552447554,23,148,423,423,0.6175831091051125,0.9070888827112134,0.9099002081987221,0.8897751338881348,0.9714436927608265,0.7838902873014496,0.9463760860898586,0.45509178305742737,0.04796640141467728,0.39119351100811123,0.14868260463780603,0.6431186732715917,0.20109525277908555,0.5576019105865703,0.517768684040491,0.12420123916161148,0.8692183950177319,0.141372276712091,0.07306816022078576,0.18544112394679418,0.3297966401414677,0.747856315179606,0.32479000646133965,0.3097853399382583,0.48257248911195416,0.4131951780434178,0.48278876487058314,0.6239137397863301,0.5937270061966523,0.5531904399638512,0.6316023323871088,0.5313139682280483,0.4814167576845061,0.5735587212868926,0.48200833639507923,0.518404682570853,https://a.espncdn.com/i/headshots/wnba/players/full/2529130.png
2026,2529137,Natasha Cloud,G,19,Sky,39,2026-05-13,2026-08-29,26,1116,443,149,304,45,126,100,117,11,123,134,191,42,13,86,117,8057,1232,2791,931,708,924,317,1015,1332,505,365,1110,1475,28.615384615384617,11.35897435897436,3.4358974358974357,4.897435897435898,1.0769230769230769,0.3333333333333333,2.2051282051282053,0.28205128205128205,3.1538461538461537,0.4901315789473684,0.35714285714285715,0.8547008547008547,0.5641447368421053,0.6231011589962867,14.290322580645162,4.32258064516129,6.161290322580645,1.3548387096774193,0.41935483870967744,2.774193548387097,0.3548387096774194,3.967741935483871,441.48,0.17216627914054702,704.2406602953953,0.2712141044510049,441.48,0.19479931140708526,988.2909271440983,0.011130325795651201,955.7403500062057,0.1286960417640642,0.4144736842105263,0.3848684210526316,355.48,304,704.2406602953953,1116,441.48,988.2909271440983,955.7403500062057,126,117,304,304,0.22246869614537204,0.8994772940628013,0.8139879615488276,0.7529115260826564,0.6483077069548245,0.8253487598438078,0.1471543426482772,0.8098399745198831,0.5472550025654181,0.5824141191301607,0.5047165573623215,0.8147515946455844,0.2183536305952321,0.5562930665627853,0.5086021022369958,0.20407717661994423,0.9321540309446514,0.14602102920965948,0.02842820220032798,0.10533290196586335,0.3444843509492047,0.8241411913016073,0.43774144281735694,0.28505974305992277,0.5460825766956455,0.4364687932383934,0.5026784259565209,0.5408217699467427,0.5556928965566764,0.5279163627113468,0.6233298955152561,0.5119662601648649,0.4994043012061814,0.453301692778582,0.6053406351782851,0.544010543161639,https://a.espncdn.com/i/headshots/wnba/players/full/2529137.png
2026,2529140,Alyssa Thomas,F,11,Mercury,38,2026-05-09,2026-08-29,38,1274,541,207,404,1,3,126,181,62,230,292,320,53,17,134,99,8033,1166,2623,963,720,915,276,986,1262,518,312,1051,1363,33.526315789473685,14.236842105263158,7.684210526315789,8.421052631578947,1.394736842105263,0.4473684210526316,3.526315789473684,1.631578947368421,6.052631578947368,0.5123762376237624,0.3333333333333333,0.6961325966850829,0.5136138613861386,0.5593003060127367,15.287284144427002,8.251177394034537,9.042386185243329,1.4976452119309263,0.4803767660910518,3.7864992150706436,1.7519623233908947,6.4992150706436425,617.64,0.21980069226888443,717.613469438566,0.4459225106941709,617.64,0.21695486043650022,1052.283082285572,0.058919506588792844,1029.2866923938752,0.22345572103441352,0.007425742574257425,0.44801980198019803,483.64,404,717.613469438566,1274,617.64,1052.283082285572,1029.2866923938752,3,181,404,404,0.6510893151636143,0.4367661553236119,0.45143226362265776,0.999839083916235,0.8371991347968153,0.9625987327488934,0.443399416443544,0.6972714057707851,0.47590627763041554,0.3332560834298957,0.04321918299949745,0.8404049106181348,0.20109525277908555,0.5576019105865703,0.517768684040491,0.12420123916161148,0.8692183950177319,0.141372276712091,0.07306816022078576,0.18544112394679418,0.3297966401414677,0.747856315179606,0.32479000646133965,0.3097853399382583,0.48257248911195416,0.4131951780434178,0.48278876487058314,0.6239137397863301,0.5937270061966523,0.5531904399638512,0.6316023323871088,0.5313139682280483,0.4814167576845061,0.5735587212868926,0.48200833639507923,0.518404682570853,https://a.espncdn.com/i/headshots/wnba/players/full/2529140.png
2026,2529183,Stefanie Dolson,C,14,Storm,40,2026-05-08,2026-08-30,12,606,128,42,95,19,52,25,30,24,72,96,47,12,16,33,87,8030,1187,2788,1060,602,756,345,1017,1362,563,390,1064,1454,15.15,3.2,2.4,1.175,0.3,0.4,0.825,0.6,1.8,0.4421052631578947,0.36538461538461536,0.8333333333333334,0.5421052631578948,0.5914972273567467,7.603960396039604,5.702970297029703,2.792079207920792,0.7128712871287128,0.9504950495049505,1.9603960396039604,1.4257425742574257,4.2772277227722775,141.2,0.10158519842602236,405.8966376089664,0.11579302621688373,141.2,0.23371104815864024,531.6650062266501,0.045141206810532006,530.9103362391033,0.1356161202474192,0.5473684210526316,0.3157894736842105,108.2,95,405.8966376089664,606,141.2,531.6650062266501,530.9103362391033,52,30,95,95,0.042644840493882334,0.41054241369212247,0.3978595568907247,0.45110544885807013,0.08080540468936283,0.9926029387116598,0.06666374070659228,0.04549419433551321,0.47440273037542663,0.8064343163538874,0.9752159218926023,0.4252722493428464,0.2301817032026182,0.5835746591611622,0.5419639504318438,0.12732307217240074,0.6806470117654635,0.14148835130454215,0.08404596441834357,0.22810925115503222,0.35238907849829354,0.7512064343163539,0.22005257228689448,0.35016898235073224,0.5655136617832318,0.4125217927981165,0.400021804174288,0.5422970364883264,0.6292608719804802,0.4351423489147889,0.523775153269908,0.46241091424709707,0.3113508752614775,0.5153506875378362,0.586265792884571,0.4794253388732087,https://a.espncdn.com/i/headshots/wnba/players/full/2529183.png
2026,2529205,Kayla McBride,G,8,Lynx,40,2026-05-09,2026-08-30,40,1303,723,237,510,116,278,133,145,24,100,124,86,67,9,51,76,8008,1359,2820,946,564,697,370,1003,1373,497,376,938,1314,32.575,18.075,3.1,2.15,1.675,0.225,1.275,0.6,2.5,0.4647058823529412,0.4172661870503597,0.9172413793103448,0.5784313725490197,0.6300104566050889,19.97544128933231,3.4259401381427477,2.376055257099002,1.8511128165771298,0.24865694551036072,1.4090560245587107,0.6630851880276285,2.762854950115119,624.8,0.21193409334706498,868.629995004995,0.09900648204015275,624.8,0.08162612035851473,1064.1383616383616,0.022553458145282236,1121.9012237762238,0.0891344067380625,0.5450980392156862,0.28431372549019607,573.8,510,868.629995004995,1303,624.8,1064.1383616383616,1121.9012237762238,278,145,510,510,0.4886496258807618,0.9223796052085396,0.9148773695085797,0.15524379441744565,0.9436378350073785,0.06622074125782595,0.37179122639540335,0.2934039057906007,0.930733709594664,0.9387015442798613,0.8382894618632648,0.5401131973766957,0.2183536305952321,0.5562930665627853,0.5086021022369958,0.20407717661994423,0.9321540309446514,0.14602102920965948,0.02842820220032798,0.10533290196586335,0.3444843509492047,0.8241411913016073,0.43774144281735694,0.28505974305992277,0.5460825766956455,0.4364687932383934,0.5026784259565209,0.5408217699467427,0.5556928965566764,0.5279163627113468,0.6233298955152561,0.5119662601648649,0.4994043012061814,0.453301692778582,0.6053406351782851,0.544010543161639,https://a.espncdn.com/i/headshots/wnba/players/full/2529205.png
2026,2529458,Cheyenne Parker-Tyus,F,17,Aces,28,2026-05-09,2026-08-28,1,307,152,50,97,7,17,45,56,31,52,83,17,11,16,16,52,8252,1349,2810,979,667,821,320,1053,1373,487,344,1041,1385,10.964285714285714,5.428571428571429,2.9642857142857144,0.6071428571428571,0.39285714285714285,0.5714285714285714,0.5714285714285714,1.1071428571428572,1.8571428571428572,0.5154639175257731,0.4117647058823529,0.8035714285714286,0.5515463917525774,0.6247944755014798,17.824104234527688,9.732899022801304,1.993485342019544,1.289902280130293,1.8762214983713354,1.8762214983713354,3.6351791530944624,6.09771986970684,137.64,0.2022661971766776,200.93492486669896,0.0846045057188434,137.64,0.11624527753560013,253.1671110033931,0.12244876468011881,259.8636694134755,0.20010492469904098,0.17525773195876287,0.5773195876288659,121.64,97,200.93492486669896,307,137.64,253.1671110033931,259.8636694134755,17,56,97,97,0.4838794375488239,0.9430539058353762,0.6696819585038409,0.28757288540680787,0.0948962216392839,0.3235982119607673,0.864403592522265,0.5691857666652634,0.9471706454465075,0.6901506373117033,0.29284227151985065,0.9744418120468088,0.20109525277908555,0.5576019105865703,0.517768684040491,0.12420123916161148,0.8692183950177319,0.141372276712091,0.07306816022078576,0.18544112394679418,0.3297966401414677,0.747856315179606,0.32479000646133965,0.3097853399382583,0.48257248911195416,0.4131951780434178,0.48278876487058314,0.6239137397863301,0.5937270061966523,0.5531904399638512,0.6316023323871088,0.5313139682280483,0.4814167576845061,0.5735587212868926,0.48200833639507923,0.518404682570853,https://a.espncdn.com/i/headshots/wnba/players/full/2529458.png
2026,2529622,Kayla Thornton,F,129689,Valkyries,40,2026-05-08,2026-08-30,40,962,313,101,275,61,171,50,54,52,127,179,28,24,9,25,79,8000,1156,2720,1223,569,731,363,952,1315,413,314,983,1297,24.05,7.825,4.475,0.7,0.6,0.225,0.625,1.3,3.175,0.36727272727272725,0.3567251461988304,0.9259259259259259,0.4781818181818182,0.5238318382648279,11.713097713097714,6.698544698544699,1.0478170478170479,0.8981288981288982,0.3367983367983368,0.9355509355509356,1.945945945945946,4.752598752598753,323.76,0.15587099393226805,594.045,0.04713447634438469,323.76,0.07721769211761799,809.2824999999999,0.06425444761254569,761.1824999999999,0.16684566447599625,0.6218181818181818,0.19636363636363635,298.76,275,594.045,962,323.76,809.2824999999999,761.1824999999999,171,54,275,275,0.20187049735266036,0.30484217442947764,0.30763156005456244,0.061029298511883455,0.3200101247181186,0.07817897751931256,0.5632901552605415,0.42633196547243096,0.6423519009725907,0.994901506373117,0.9343097135472754,0.20949099002081986,0.20109525277908555,0.5576019105865703,0.517768684040491,0.12420123916161148,0.8692183950177319,0.141372276712091,0.07306816022078576,0.18544112394679418,0.3297966401414677,0.747856315179606,0.32479000646133965,0.3097853399382583,0.48257248911195416,0.4131951780434178,0.48278876487058314,0.6239137397863301,0.5937270061966523,0.5531904399638512,0.6316023323871088,0.5313139682280483,0.4814167576845061,0.5735587212868926,0.48200833639507923,0.518404682570853,https://a.espncdn.com/i/headshots/wnba/players/full/2529622.png
2026,2566081,Elizabeth Williams,C,19,Sky,40,2026-05-09,2026-08-29,1,655,201,81,175,0,0,39,87,49,88,137,53,22,31,33,52,8057,1232,2791,931,708,924,317,1015,1332,505,365,1110,1475,16.375,5.025,3.425,1.325,0.55,0.775,0.825,1.225,2.2,0.46285714285714286,NA,0.4482758620689655,0.46285714285714286,0.47121155288822203,11.047328244274809,7.529770992366412,2.9129770992366413,1.2091603053435114,1.7038167938931297,1.8137404580152672,2.6931297709923663,4.8366412213740455,246.28,0.16363985998876454,419.78192875760203,0.12625603049864542,246.28,0.13399382816306643,580.0453022216706,0.08447616041768083,560.9407968226386,0.15687930080761148,0,0.49714285714285716,213.28,175,419.78192875760203,655,246.28,580.0453022216706,560.9407968226386,0,87,175,175,0.14144924297446784,0.06789444570982331,0.07998497934660158,0.5270402710379373,0.4140945820638495,0.3814570646404827,0.6147168264859192,0.21377526102896208,NA,0.04825737265415549,0.03417198648141194,0.9438603079233947,0.2301817032026182,0.5835746591611622,0.5419639504318438,0.12732307217240074,0.6806470117654635,0.14148835130454215,0.08404596441834357,0.22810925115503222,0.35238907849829354,0.7512064343163539,0.22005257228689448,0.35016898235073224,0.5655136617832318,0.4125217927981165,0.400021804174288,0.5422970364883264,0.6292608719804802,0.4351423489147889,0.523775153269908,0.46241091424709707,0.3113508752614775,0.5153506875378362,0.586265792884571,0.4794253388732087,https://a.espncdn.com/i/headshots/wnba/players/full/2566081.png
2026,2566106,Dearica Hamby,F,6,Sparks,40,2026-05-10,2026-08-30,40,1155,578,223,404,9,37,123,178,77,205,282,98,59,16,77,116,8029,1266,2726,1042,615,788,295,951,1246,580,383,1045,1428,28.875,14.45,7.05,2.45,1.475,0.4,1.925,1.925,5.125,0.551980198019802,0.24324324324324326,0.6910112359550562,0.5631188118811881,0.5991872615690828,18.015584415584417,8.78961038961039,3.0545454545454547,1.838961038961039,0.4987012987012987,2.4,2.4,6.3896103896103895,559.3199999999999,0.21288910480657994,687.5928509154317,0.14252620554377057,559.3199999999999,0.13766716727454767,963.8186573670446,0.07989054726368158,959.5030514385354,0.21365226477670254,0.09158415841584158,0.4405940594059406,482.32,404,687.5928509154317,1155,559.3199999999999,963.8186573670446,959.5030514385354,37,178,404,404,0.5471920840204844,0.787123758497814,0.8145595520137842,0.7359351302093896,0.8721984444751254,0.5255403176807569,0.6985206776465868,0.6685731527109448,0.09571175950486295,0.258864426419467,0.1937683968698399,0.8114006748510302,0.20109525277908555,0.5576019105865703,0.517768684040491,0.12420123916161148,0.8692183950177319,0.141372276712091,0.07306816022078576,0.18544112394679418,0.3297966401414677,0.747856315179606,0.32479000646133965,0.3097853399382583,0.48257248911195416,0.4131951780434178,0.48278876487058314,0.6239137397863301,0.5937270061966523,0.5531904399638512,0.6316023323871088,0.5313139682280483,0.4814167576845061,0.5735587212868926,0.48200833639507923,0.518404682570853,https://a.espncdn.com/i/headshots/wnba/players/full/2566106.png
2026,2566110,Julie Vanloo,G,9,Liberty,5,2026-05-08,2026-05-21,0,81,29,9,17,7,14,4,4,1,9,10,27,2,0,12,11,8250,1270,2758,1191,731,861,338,1115,1453,554,329,958,1287,16.2,5.8,2,5.4,0.4,0,2.4,0.2,1.8,0.5294117647058824,0.5,1,0.7352941176470589,0.7729211087420041,12.88888888888889,4.444444444444445,12,0.8888888888888888,0,5.333333333333333,0.4444444444444444,4,30.76,0.16976964392728824,53.345454545454544,0.5061349693251533,30.76,0.39011703511053314,63.62181818181818,0.01571787837219936,70.88727272727272,0.12696214219759927,0.8235294117647058,0.23529411764705882,18.76,17,53.345454545454544,81,30.76,63.62181818181818,70.88727272727272,14,4,17,17,0.15781860125215416,0.9999201731922421,0.9999101608121462,0.999925005534471,0.13152758604274767,0.999087879845553,0.20637149869250265,0.7899621676897189,0.996613648024628,0.9957453514024582,0.9951936034498248,0.37422513700476145,0.2183536305952321,0.5562930665627853,0.5086021022369958,0.20407717661994423,0.9321540309446514,0.14602102920965948,0.02842820220032798,0.10533290196586335,0.3444843509492047,0.8241411913016073,0.43774144281735694,0.28505974305992277,0.5460825766956455,0.4364687932383934,0.5026784259565209,0.5408217699467427,0.5556928965566764,0.5279163627113468,0.6233298955152561,0.5119662601648649,0.4994043012061814,0.453301692778582,0.6053406351782851,0.544010543161639,https://a.espncdn.com/i/headshots/wnba/players/full/2566110.png
2026,2566186,Rachel Banham,G,19,Sky,36,2026-05-09,2026-08-29,2,478,168,57,163,40,121,14,17,3,42,45,45,11,8,27,46,8057,1232,2791,931,708,924,317,1015,1332,505,365,1110,1475,13.277777777777779,4.666666666666667,1.25,1.25,0.3055555555555556,0.2222222222222222,0.75,0.08333333333333333,1.1666666666666667,0.3496932515337423,0.3305785123966942,0.8235294117647058,0.4723926380368098,0.4927264195213515,12.652719665271967,3.3891213389121337,3.3891213389121337,0.8284518828451883,0.602510460251046,2.0334728033472804,0.22594142259414227,3.1631799163179917,197.48,0.17980281063930617,308.4561251086012,0.14588784704520424,197.48,0.13672270609681994,423.300235819784,0.007087168270034277,409.35832195606304,0.10259959978169911,0.7423312883435583,0.10429447852760736,170.48,163,308.4561251086012,478,197.48,423.300235819784,409.35832195606304,121,17,163,163,0.29572189742806654,0.13521064698031152,0.24256580720510287,0.3220161853442222,0.09896701099633455,0.4340792085687485,0.03291250748616372,0.4588110106974924,0.36408414571575165,0.4486290576741254,0.969409756535801,0.08215793729224688,0.2183536305952321,0.5562930665627853,0.5086021022369958,0.20407717661994423,0.9321540309446514,0.14602102920965948,0.02842820220032798,0.10533290196586335,0.3444843509492047,0.8241411913016073,0.43774144281735694,0.28505974305992277,0.5460825766956455,0.4364687932383934,0.5026784259565209,0.5408217699467427,0.5556928965566764,0.5279163627113468,0.6233298955152561,0.5119662601648649,0.4994043012061814,0.453301692778582,0.6053406351782851,0.544010543161639,https://a.espncdn.com/i/headshots/wnba/players/full/2566186.png
2026,2566453,Isabelle Harrison,F,131935,Tempo,28,2026-06-07,2026-08-29,22,655,347,128,289,18,62,73,100,50,132,182,47,22,21,49,71,8036,1194,2712,1119,674,834,337,934,1271,558,400,984,1384,23.392857142857142,12.392857142857142,6.5,1.6785714285714286,0.7857142857142857,0.75,1.75,1.7857142857142858,4.714285714285714,0.4429065743944637,0.2903225806451613,0.73,0.4740484429065744,0.521021021021021,19.07175572519084,10.003053435114504,2.5832061068702292,1.2091603053435114,1.1541984732824428,2.6931297709923663,2.7480916030534353,7.254961832061069,382,0.25772316851486743,358.60403185664507,0.1310637801718544,382,0.12827225130890052,538.3617471378795,0.09287435495894274,543.6597809855649,0.24279890589056619,0.21453287197231835,0.3460207612456747,333,289,358.60403185664507,655,382,538.3617471378795,543.6597809855649,62,100,289,289,0.9123687179932299,0.2859662867396194,0.25306913633426664,0.6711463807217888,0.538082746559897,0.4341571912160403,0.7441279215098546,0.8150560272319244,0.26989389920424406,0.4704519119351101,0.3644913489841338,0.6127503769114796,0.20109525277908555,0.5576019105865703,0.517768684040491,0.12420123916161148,0.8692183950177319,0.141372276712091,0.07306816022078576,0.18544112394679418,0.3297966401414677,0.747856315179606,0.32479000646133965,0.3097853399382583,0.48257248911195416,0.4131951780434178,0.48278876487058314,0.6239137397863301,0.5937270061966523,0.5531904399638512,0.6316023323871088,0.5313139682280483,0.4814167576845061,0.5735587212868926,0.48200833639507923,0.518404682570853,https://a.espncdn.com/i/headshots/wnba/players/full/2566453.png
2026,2569044,Temi Fagbenle,C,131935,Tempo,23,2026-05-08,2026-08-29,8,399,127,51,99,10,28,15,26,26,51,77,23,12,7,28,54,8036,1194,2712,1119,674,834,337,934,1271,558,400,984,1384,17.347826086956523,5.521739130434782,3.347826086956522,1,0.5217391304347826,0.30434782608695654,1.2173913043478262,1.1304347826086956,2.217391304347826,0.5151515151515151,0.35714285714285715,0.5769230769230769,0.5656565656565656,0.5749728359290113,11.458646616541353,6.947368421052632,2.075187969924812,1.0827067669172932,0.631578947368421,2.526315789473684,2.345864661654135,4.601503759398496,138.44,0.15332751393683716,245.41986062717768,0.09371694671011067,138.44,0.20225368390638543,327.948606271777,0.07928071503512756,331.1759581881533,0.15399668586759252,0.2828282828282828,0.26262626262626265,110.44,99,245.41986062717768,399,138.44,327.948606271777,331.1759581881533,28,26,99,99,0.06798145147773618,0.39293918589138704,0.6498310176492678,0.2836168062191439,0.31229301894290634,0.9405776859042404,0.40516587066600573,0.16943853715317578,0.4300341296928328,0.071313672922252,0.6738640630867443,0.30773563650018776,0.2301817032026182,0.5835746591611622,0.5419639504318438,0.12732307217240074,0.6806470117654635,0.14148835130454215,0.08404596441834357,0.22810925115503222,0.35238907849829354,0.7512064343163539,0.22005257228689448,0.35016898235073224,0.5655136617832318,0.4125217927981165,0.400021804174288,0.5422970364883264,0.6292608719804802,0.4351423489147889,0.523775153269908,0.46241091424709707,0.3113508752614775,0.5153506875378362,0.586265792884571,0.4794253388732087,https://a.espncdn.com/i/headshots/wnba/players/full/2569044.png
2026,2590093,Kiah Stokes,C,129689,Valkyries,39,2026-05-08,2026-08-30,39,856,140,57,131,19,64,7,15,43,168,211,48,23,66,19,88,8000,1156,2720,1223,569,731,363,952,1315,413,314,983,1297,21.94871794871795,3.58974358974359,5.410256410256411,1.2307692307692308,0.5897435897435898,1.6923076923076923,0.48717948717948717,1.1025641025641026,4.3076923076923075,0.4351145038167939,0.296875,0.4666666666666667,0.5076335877862596,0.5087209302325582,5.88785046728972,8.873831775700934,2.0186915887850465,0.9672897196261683,2.7757009345794392,0.7990654205607477,1.808411214953271,7.065420560747664,156.6,0.08472960435062171,561.46,0.08549139742813379,156.6,0.12132822477650064,720.11,0.05971309938759356,677.3100000000001,0.24804004074943525,0.48854961832061067,0.11450381679389313,137.6,131,561.46,856,156.6,720.11,677.3100000000001,64,15,131,131,0.021872730320129614,0.09028080564865128,0.2853924145700338,0.25571715387345223,0.547820903430918,0.3108050729091011,0.13008705584034763,0.4980258161356576,0.22610921501706485,0.05630026809651475,0.9562523469770935,0.025535110777318813,0.2301817032026182,0.5835746591611622,0.5419639504318438,0.12732307217240074,0.6806470117654635,0.14148835130454215,0.08404596441834357,0.22810925115503222,0.35238907849829354,0.7512064343163539,0.22005257228689448,0.35016898235073224,0.5655136617832318,0.4125217927981165,0.400021804174288,0.5422970364883264,0.6292608719804802,0.4351423489147889,0.523775153269908,0.46241091424709707,0.3113508752614775,0.5153506875378362,0.586265792884571,0.4794253388732087,https://a.espncdn.com/i/headshots/wnba/players/full/2590093.png
2026,2593770,Betnijah Laney-Hamilton,G,16,Mystics,26,2026-05-08,2026-08-28,5,430,122,40,105,14,53,28,35,6,44,50,51,9,4,34,37,8150,1170,2604,781,729,996,410,1094,1504,601,304,893,1197,16.53846153846154,4.6923076923076925,1.9230769230769231,1.9615384615384615,0.34615384615384615,0.15384615384615385,1.3076923076923077,0.23076923076923078,1.6923076923076923,0.38095238095238093,0.2641509433962264,0.8,0.44761904761904764,0.5066445182724252,10.213953488372093,4.186046511627907,4.269767441860465,0.7534883720930232,0.33488372093023255,2.8465116279069766,0.5023255813953489,3.683720930232558,154.4,0.1606492355513863,268.6503067484662,0.18983786252569082,154.4,0.22020725388601037,343.73619631901835,0.017455246390262188,368.7975460122699,0.11930665069700903,0.5047619047619047,0.3333333333333333,120.4,105,268.6503067484662,430,154.4,343.73619631901835,368.7975460122699,53,35,105,105,0.09549720773979624,0.19894117722189933,0.11593747192525379,0.5104560841093161,0.1126925945319814,0.9622772190833533,0.22868528781023875,0.7324605990165423,0.06916367367880964,0.2956192877403089,0.6891564100260533,0.6741083460605516,0.2183536305952321,0.5562930665627853,0.5086021022369958,0.20407717661994423,0.9321540309446514,0.14602102920965948,0.02842820220032798,0.10533290196586335,0.3444843509492047,0.8241411913016073,0.43774144281735694,0.28505974305992277,0.5460825766956455,0.4364687932383934,0.5026784259565209,0.5408217699467427,0.5556928965566764,0.5279163627113468,0.6233298955152561,0.5119662601648649,0.4994043012061814,0.453301692778582,0.6053406351782851,0.544010543161639,https://a.espncdn.com/i/headshots/wnba/players/full/2593770.png
2026,2955898,Damiris Dantas,C,5,Fever,12,2026-05-09,2026-07-17,0,99,40,13,32,7,20,7,9,4,14,18,4,2,2,9,22,8109,1365,2777,1055,733,905,311,1018,1329,536,336,922,1258,8.25,3.3333333333333335,1.5,0.3333333333333333,0.16666666666666666,0.16666666666666666,0.75,0.3333333333333333,1.1666666666666667,0.40625,0.35,0.7777777777777778,0.515625,0.5561735261401557,14.545454545454545,6.545454545454546,1.4545454545454546,0.7272727272727273,0.7272727272727273,3.272727272727273,1.4545454545454546,5.090909090909091,44.96,0.19846048325461993,70.32408435072142,0.056879517691992044,44.96,0.2001779359430605,75.26637069922309,0.05314458453144584,82.65260821309657,0.16938364442057202,0.625,0.28125,35.96,32,70.32408435072142,99,44.96,75.26637069922309,82.65260821309657,20,9,32,32,0.28984859489356946,0.19550320502391566,0.29140067592940294,0.030682826884261008,0.03576632666578355,0.9212414101346443,0.07266548142166321,0.3074334806391959,0.2883959044368601,0.5962466487935657,1,0.31374389785955686,0.2301817032026182,0.5835746591611622,0.5419639504318438,0.12732307217240074,0.6806470117654635,0.14148835130454215,0.08404596441834357,0.22810925115503222,0.35238907849829354,0.7512064343163539,0.22005257228689448,0.35016898235073224,0.5655136617832318,0.4125217927981165,0.400021804174288,0.5422970364883264,0.6292608719804802,0.4351423489147889,0.523775153269908,0.46241091424709707,0.3113508752614775,0.5153506875378362,0.586265792884571,0.4794253388732087,https://a.espncdn.com/i/headshots/wnba/players/full/2955898.png
2026,2987869,Jewell Loyd,G,17,Aces,39,2026-05-09,2026-08-28,4,1034,297,97,277,63,199,40,50,18,74,92,55,43,5,36,89,8252,1349,2810,979,667,821,320,1053,1373,487,344,1041,1385,26.512820512820515,7.615384615384615,2.358974358974359,1.4102564102564104,1.1025641025641026,0.1282051282051282,0.9230769230769231,0.46153846153846156,1.8974358974358974,0.35018050541516244,0.3165829145728643,0.8,0.463898916967509,0.49665551839464883,10.340425531914894,3.2030947775628626,1.9148936170212767,1.4970986460348163,0.17408123791102514,1.253384912959381,0.6266924564796905,2.5764023210831724,335,0.14616429263677377,748.1684440135724,0.07351285721829007,335,0.10746268656716418,852.686621425109,0.02110974835035679,875.2411536597189,0.08454812675406959,0.7184115523465704,0.18050541516245489,299,277,748.1684440135724,1034,335,852.686621425109,875.2411536597189,199,50,277,277,0.06723511703496869,0.14714475474011582,0.20582157937292248,0.07032847088272538,0.681741006965932,0.19904670491481424,0.3429219102204569,0.2633336792391386,0.2948178553104156,0.30349826662464546,0.953373461503908,0.20312640373731022,0.2183536305952321,0.5562930665627853,0.5086021022369958,0.20407717661994423,0.9321540309446514,0.14602102920965948,0.02842820220032798,0.10533290196586335,0.3444843509492047,0.8241411913016073,0.43774144281735694,0.28505974305992277,0.5460825766956455,0.4364687932383934,0.5026784259565209,0.5408217699467427,0.5556928965566764,0.5279163627113468,0.6233298955152561,0.5119662601648649,0.4994043012061814,0.453301692778582,0.6053406351782851,0.544010543161639,https://a.espncdn.com/i/headshots/wnba/players/full/2987869.png
2026,2987891,Courtney Williams,G,8,Lynx,40,2026-05-09,2026-08-30,39,1214,570,241,532,47,129,41,50,33,163,196,176,46,11,70,84,8008,1359,2820,946,564,697,370,1003,1373,497,376,938,1314,30.35,14.25,4.9,4.4,1.15,0.275,1.75,0.825,4.075,0.45300751879699247,0.3643410852713178,0.82,0.49718045112781956,0.5144404332129964,16.902800658978585,5.812191103789127,5.219110378912685,1.3640856672158155,0.3261943986820428,2.0757825370675453,0.9785831960461285,4.833607907742999,624,0.2271800150952883,789.1111388611389,0.2230357567300428,624,0.11217948717948718,991.4535464535466,0.03328446412647552,1045.2709790209792,0.1559404243219963,0.2424812030075188,0.09398496240601503,554,532,789.1111388611389,1214,624,991.4535464535466,1045.2709790209792,129,50,532,532,0.588701980759582,0.2788414256429251,0.4240858862635882,0.5844576831738726,0.7351676425318545,0.30074060338997843,0.750252427477943,0.9390798872453799,0.6201128783991791,0.4240466435549953,0.06639115982391519,0.06913125505345431,0.2183536305952321,0.5562930665627853,0.5086021022369958,0.20407717661994423,0.9321540309446514,0.14602102920965948,0.02842820220032798,0.10533290196586335,0.3444843509492047,0.8241411913016073,0.43774144281735694,0.28505974305992277,0.5460825766956455,0.4364687932383934,0.5026784259565209,0.5408217699467427,0.5556928965566764,0.5279163627113468,0.6233298955152561,0.5119662601648649,0.4994043012061814,0.453301692778582,0.6053406351782851,0.544010543161639,https://a.espncdn.com/i/headshots/wnba/players/full/2987891.png
2026,2988756,Brittney Sykes,G,131935,Tempo,17,2026-05-08,2026-08-21,17,500,316,102,244,16,62,96,107,16,43,59,57,20,8,36,41,8036,1194,2712,1119,674,834,337,934,1271,558,400,984,1384,29.41176470588235,18.58823529411765,3.4705882352941178,3.3529411764705883,1.1764705882352942,0.47058823529411764,2.1176470588235294,0.9411764705882353,2.5294117647058822,0.4180327868852459,0.25806451612903225,0.897196261682243,0.45081967213114754,0.5428061014154185,22.752,4.248,4.104,1.44,0.576,2.592,1.152,3.096,327.08,0.28907822797061283,269.45345943255353,0.2115393141362417,327.08,0.1100648159471689,410.9631657541065,0.038932929598788794,415.0074664011946,0.10361259370314843,0.2540983606557377,0.4385245901639344,291.08,244,269.45345943255353,500,327.08,410.9631657541065,415.0074664011946,62,107,244,244,0.9001480661416634,0.3763323094214791,0.1630132063606145,0.5579200994878253,0.7511464432490758,0.226361226849327,0.7939380003174331,0.4879921008832658,0.057465366854797334,0.9142767097384179,0.09019854460515676,0.8935854819872429,0.2183536305952321,0.5562930665627853,0.5086021022369958,0.20407717661994423,0.9321540309446514,0.14602102920965948,0.02842820220032798,0.10533290196586335,0.3444843509492047,0.8241411913016073,0.43774144281735694,0.28505974305992277,0.5460825766956455,0.4364687932383934,0.5026784259565209,0.5408217699467427,0.5556928965566764,0.5279163627113468,0.6233298955152561,0.5119662601648649,0.4994043012061814,0.453301692778582,0.6053406351782851,0.544010543161639,https://a.espncdn.com/i/headshots/wnba/players/full/2988756.png
2026,2998928,Breanna Stewart,F,9,Liberty,41,2026-05-08,2026-08-29,41,1351,828,283,606,29,121,233,276,66,274,340,136,53,56,83,88,8250,1270,2758,1191,731,861,338,1115,1453,554,329,958,1287,32.951219512195124,20.195121951219512,8.292682926829269,3.317073170731707,1.2926829268292683,1.3658536585365855,2.024390243902439,1.6097560975609757,6.682926829268292,0.466996699669967,0.2396694214876033,0.8442028985507246,0.4909240924092409,0.5691191026064005,22.063656550703183,9.059955588452997,3.6239822353811992,1.4122871946706144,1.4922279792746114,2.211695040710585,1.7586972612879348,7.301258327165063,810.44,0.2681786772640348,756.8606060606062,0.17968962700789542,810.44,0.10241350377572676,1061.149090909091,0.06219672670449872,1182.3296969696971,0.23174584948873408,0.19966996699669967,0.45544554455445546,727.44,606,756.8606060606062,1351,810.44,1061.149090909091,1182.3296969696971,121,276,606,606,0.9563340855828488,0.5491773863377897,0.384306123914136,0.917743900667467,0.8078834736987436,0.20514061279402832,0.5408147529899683,0.7981213905567092,0.08753315649867374,0.8454229432213209,0.33634862517050756,0.8839112642687917,0.20109525277908555,0.5576019105865703,0.517768684040491,0.12420123916161148,0.8692183950177319,0.141372276712091,0.07306816022078576,0.18544112394679418,0.3297966401414677,0.747856315179606,0.32479000646133965,0.3097853399382583,0.48257248911195416,0.4131951780434178,0.48278876487058314,0.6239137397863301,0.5937270061966523,0.5531904399638512,0.6316023323871088,0.5313139682280483,0.4814167576845061,0.5735587212868926,0.48200833639507923,0.518404682570853,https://a.espncdn.com/i/headshots/wnba/players/full/2998928.png
2026,2998938,Kahleah Copper,G,11,Mercury,39,2026-05-09,2026-08-27,38,1265,814,274,617,65,221,201,255,20,120,140,73,31,3,92,103,8033,1166,2623,963,720,915,276,986,1262,518,312,1051,1363,32.43589743589744,20.871794871794872,3.58974358974359,1.8717948717948718,0.7948717948717948,0.07692307692307693,2.358974358974359,0.5128205128205128,3.076923076923077,0.44408427876823336,0.29411764705882354,0.788235294117647,0.4967585089141005,0.5581459133296763,23.16521739130435,3.984189723320158,2.0774703557312253,0.8822134387351779,0.08537549407114625,2.618181818181818,0.5691699604743083,3.4150197628458496,821.2,0.29432115884919957,644.0816631395494,0.11333966510421135,821.2,0.11203117389186555,1044.8493713432092,0.019141515082015066,1022.0154363251587,0.11741505630431738,0.3581847649918963,0.413290113452188,729.2,617,644.0816631395494,1265,821.2,1044.8493713432092,1022.0154363251587,221,255,617,617,0.9322195196439867,0.4748114490800759,0.40018866229449285,0.19061988713784023,0.38214246044969136,0.2794714338692437,0.26497428210287843,0.6811119041757221,0.1551564905079528,0.25496375669713206,0.29161800377324587,0.8826251010690863,0.2183536305952321,0.5562930665627853,0.5086021022369958,0.20407717661994423,0.9321540309446514,0.14602102920965948,0.02842820220032798,0.10533290196586335,0.3444843509492047,0.8241411913016073,0.43774144281735694,0.28505974305992277,0.5460825766956455,0.4364687932383934,0.5026784259565209,0.5408217699467427,0.5556928965566764,0.5279163627113468,0.6233298955152561,0.5119662601648649,0.4994043012061814,0.453301692778582,0.6053406351782851,0.544010543161639,https://a.espncdn.com/i/headshots/wnba/players/full/2998938.png
2026,2999101,Jonquel Jones,C,9,Liberty,41,2026-05-08,2026-08-29,40,1163,599,200,409,76,197,123,148,84,289,373,115,24,45,84,119,8250,1270,2758,1191,731,861,338,1115,1453,554,329,958,1287,28.365853658536587,14.609756097560975,9.097560975609756,2.8048780487804876,0.5853658536585366,1.0975609756097562,2.048780487804878,2.048780487804878,7.048780487804878,0.4889975550122249,0.38578680203045684,0.831081081081081,0.5819070904645477,0.6316966168902387,18.54170249355116,11.546001719690455,3.5597592433361993,0.7429062768701634,1.3929492691315564,2.600171969045572,2.600171969045572,8.945829750644885,558.12,0.2145391701197787,695.1575757575757,0.16543011830759977,558.12,0.15050526768436895,913.4836363636364,0.09195567020158593,1017.8012121212121,0.28394542721922245,0.48166259168704156,0.36185819070904646,474.12,409,695.1575757575757,1163,558.12,913.4836363636364,1017.8012121212121,197,148,409,409,0.47108777026649534,0.9356457228386424,0.8959819752159219,0.7662338257040336,0.49112465227182406,0.7184758925079613,0.8150847018897586,0.8952728267583389,0.8395904436860068,0.7903485254691689,0.9316560270371761,0.5388659406684191,0.2301817032026182,0.5835746591611622,0.5419639504318438,0.12732307217240074,0.6806470117654635,0.14148835130454215,0.08404596441834357,0.22810925115503222,0.35238907849829354,0.7512064343163539,0.22005257228689448,0.35016898235073224,0.5655136617832318,0.4125217927981165,0.400021804174288,0.5422970364883264,0.6292608719804802,0.4351423489147889,0.523775153269908,0.46241091424709707,0.3113508752614775,0.5153506875378362,0.586265792884571,0.4794253388732087,https://a.espncdn.com/i/headshots/wnba/players/full/2999101.png
2026,3054590,Nia Coffey,F,8,Lynx,40,2026-05-09,2026-08-30,28,920,256,97,217,50,129,12,22,35,143,178,70,38,42,28,83,8008,1359,2820,946,564,697,370,1003,1373,497,376,938,1314,23,6.4,4.45,1.75,0.95,1.05,0.7,0.875,3.575,0.4470046082949309,0.3875968992248062,0.5454545454545454,0.5622119815668203,0.5646726663137462,10.017391304347827,6.965217391304348,2.739130434782609,1.4869565217391305,1.6434782608695653,1.0956521739130434,1.3695652173913044,5.595652173913043,254.68,0.12235204567444291,683.6443556443556,0.10239242000911844,254.68,0.10994188785927438,751.3486513486513,0.04658290120994549,792.1328671328671,0.180525270359744,0.5944700460829493,0.10138248847926268,226.68,217,683.6443556443556,920,254.68,751.3486513486513,792.1328671328671,129,22,217,217,0.05511891328877702,0.4897571331092522,0.7855553162466796,0.4157108565072154,0.6415159464310368,0.24615918757052344,0.23606830209719687,0.5112678313220129,0.7824933687002652,0.023638470451911937,0.8867829707803863,0.0529829851389188,0.20109525277908555,0.5576019105865703,0.517768684040491,0.12420123916161148,0.8692183950177319,0.141372276712091,0.07306816022078576,0.18544112394679418,0.3297966401414677,0.747856315179606,0.32479000646133965,0.3097853399382583,0.48257248911195416,0.4131951780434178,0.48278876487058314,0.6239137397863301,0.5937270061966523,0.5531904399638512,0.6316023323871088,0.5313139682280483,0.4814167576845061,0.5735587212868926,0.48200833639507923,0.518404682570853,https://a.espncdn.com/i/headshots/wnba/players/full/3054590.png
2026,3056672,Mercedes Russell,C,5,Fever,5,2026-08-11,2026-08-28,0,34,8,1,3,0,0,6,8,0,4,4,4,1,0,1,7,8109,1365,2777,1055,733,905,311,1018,1329,536,336,922,1258,6.8,1.6,0.8,0.8,0.2,0,0.2,0,0.8,0.3333333333333333,NA,0.75,0.3333333333333333,0.6134969325153374,8.470588235294118,4.235294117647059,4.235294117647059,1.0588235294117647,0,1.0588235294117647,0,4.235294117647059,7.52,0.09665445139038586,27.616352201257865,0.1448417217034844,7.52,0.13297872340425532,25.849056603773587,0,28.38574423480084,0.14091580502215656,0,2.6666666666666665,6.52,3,27.616352201257865,34,7.52,25.849056603773587,28.38574423480084,0,8,3,3,0.022923068327839545,0.6693391468454104,0.0020653398422831393,0.6204562416632345,0.03801828056696251,0.34705849488798257,0.0020612038819435518,0.04773780170241504,NA,0.49919571045576405,0.034735260983852795,1,0.2301817032026182,0.5835746591611622,0.5419639504318438,0.12732307217240074,0.6806470117654635,0.14148835130454215,0.08404596441834357,0.22810925115503222,0.35238907849829354,0.7512064343163539,0.22005257228689448,0.35016898235073224,0.5655136617832318,0.4125217927981165,0.400021804174288,0.5422970364883264,0.6292608719804802,0.4351423489147889,0.523775153269908,0.46241091424709707,0.3113508752614775,0.5153506875378362,0.586265792884571,0.4794253388732087,https://a.espncdn.com/i/headshots/wnba/players/full/3056672.png
2026,3056730,Karlie Samuelson,G,132052,Fire,28,2026-05-25,2026-08-30,0,429,127,37,98,28,85,25,28,14,28,42,22,15,3,9,45,8113,1232,2727,1188,585,724,317,893,1210,563,387,978,1365,15.321428571428571,4.535714285714286,1.5,0.7857142857142857,0.5357142857142857,0.10714285714285714,0.32142857142857145,0.5,1,0.37755102040816324,0.32941176470588235,0.8928571428571429,0.5204081632653061,0.5755982596084119,10.657342657342657,3.5244755244755246,1.8461538461538463,1.2587412587412588,0.2517482517482518,0.7552447552447552,1.1748251748251748,2.3496503496503496,119.32,0.1250643393747568,288.7290767903365,0.07619599745395758,119.32,0.07542742205833054,342.3856773080241,0.040889560889560896,338.41982004190805,0.08273747086247087,0.8673469387755102,0.2857142857142857,110.32,98,288.7290767903365,429,119.32,342.3856773080241,338.41982004190805,85,28,98,98,0.013485471521127375,0.6058806812739082,0.5848531129278591,0.10070682293176794,0.19150759270719284,0.019518553260181933,0.8134371220349614,0.24436427454772647,0.3516675218060544,0.8690513709423259,0.9995957236546582,0.544515317581529,0.2183536305952321,0.5562930665627853,0.5086021022369958,0.20407717661994423,0.9321540309446514,0.14602102920965948,0.02842820220032798,0.10533290196586335,0.3444843509492047,0.8241411913016073,0.43774144281735694,0.28505974305992277,0.5460825766956455,0.4364687932383934,0.5026784259565209,0.5408217699467427,0.5556928965566764,0.5279163627113468,0.6233298955152561,0.5119662601648649,0.4994043012061814,0.453301692778582,0.6053406351782851,0.544010543161639,https://a.espncdn.com/i/headshots/wnba/players/full/3056730.png
2026,3058892,Lexie Brown,G,14,Storm,10,2026-05-08,2026-06-01,0,149,38,12,26,9,20,5,6,1,12,13,11,5,1,10,13,8030,1187,2788,1060,602,756,345,1017,1362,563,390,1064,1454,14.9,3.8,1.3,1.1,0.5,0.1,1,0.1,1.2,0.46153846153846156,0.45,0.8333333333333334,0.6346153846153846,0.6634078212290503,9.181208053691275,3.140939597315436,2.6577181208053693,1.2080536912751678,0.24161073825503357,2.4161073825503356,0.24161073825503357,2.8993288590604025,38.64,0.11306266292336024,98.12640099626401,0.11210031029690781,38.64,0.2587991718426501,130.72291407222914,0.00764976826822774,130.5373599003736,0.09192770567106939,0.7692307692307693,0.23076923076923078,28.64,26,98.12640099626401,149,38.64,130.72291407222914,130.5373599003736,20,6,26,26,0.009085752928601034,0.9786303635632132,0.9877369508579642,0.1741752021226773,0.15947065263959634,0.9798283741628672,0.035406613146204954,0.3322813908936461,0.965623396613648,0.4678537661519067,0.978438594915102,0.3352349294762375,0.2183536305952321,0.5562930665627853,0.5086021022369958,0.20407717661994423,0.9321540309446514,0.14602102920965948,0.02842820220032798,0.10533290196586335,0.3444843509492047,0.8241411913016073,0.43774144281735694,0.28505974305992277,0.5460825766956455,0.4364687932383934,0.5026784259565209,0.5408217699467427,0.5556928965566764,0.5279163627113468,0.6233298955152561,0.5119662601648649,0.4994043012061814,0.453301692778582,0.6053406351782851,0.544010543161639,https://a.espncdn.com/i/headshots/wnba/players/full/3058892.png
2026,3058893,Shatori Walker-Kimbrough,G,20,Dream,12,2026-05-17,2026-08-30,0,34,13,4,7,1,1,4,4,0,3,3,6,2,0,1,1,8034,1254,2855,1092,770,979,437,985,1422,524,258,967,1225,2.8333333333333335,1.0833333333333333,0.25,0.5,0.16666666666666666,0,0.08333333333333333,0,0.25,0.5714285714285714,1,1,0.6428571428571429,0.7420091324200914,13.764705882352942,3.176470588235294,6.352941176470588,2.1176470588235294,0,1.0588235294117647,0,3.176470588235294,9.76,0.12106959956717976,22.534727408513817,0.2662557168423146,9.76,0.10245901639344263,29.70873786407767,0,26.301966641772466,0.11405991197766314,0.14285714285714285,0.5714285714285714,8.76,7,22.534727408513817,34,9.76,29.70873786407767,26.301966641772466,1,4,7,7,0.009418424554438165,0.999171397735473,0.9931722217231156,0.7282059587320466,0.022722584535313627,0.178470146811806,5.668228235681476e-4,0.6054505597656916,0.9997947665469471,0.9963756697132051,4.4919593926870903e-4,0.9789327104482975,0.2183536305952321,0.5562930665627853,0.5086021022369958,0.20407717661994423,0.9321540309446514,0.14602102920965948,0.02842820220032798,0.10533290196586335,0.3444843509492047,0.8241411913016073,0.43774144281735694,0.28505974305992277,0.5460825766956455,0.4364687932383934,0.5026784259565209,0.5408217699467427,0.5556928965566764,0.5279163627113468,0.6233298955152561,0.5119662601648649,0.4994043012061814,0.453301692778582,0.6053406351782851,0.544010543161639,https://a.espncdn.com/i/headshots/wnba/players/full/3058893.png
2026,3058895,Brionna Jones,F,20,Dream,9,2026-07-17,2026-08-13,0,152,74,27,52,1,6,19,21,18,32,50,18,3,6,9,22,8034,1254,2855,1092,770,979,437,985,1422,524,258,967,1225,16.88888888888889,8.222222222222221,5.555555555555555,2,0.3333333333333333,0.6666666666666666,1,2,3.5555555555555554,0.5192307692307693,0.16666666666666666,0.9047619047619048,0.5288461538461539,0.6041802743305029,17.526315789473685,11.842105263157896,4.2631578947368425,0.7105263157894737,1.4210526315789473,2.1315789473684212,4.2631578947368425,7.578947368421052,70.24000000000001,0.19489698480799456,91.62584017923824,0.19645113174174933,70.24000000000001,0.12813211845102504,132.81553398058253,0.1355263157894737,117.58526263380632,0.2721429478765296,0.11538461538461539,0.40384615384615385,61.24,52,91.62584017923824,152,70.24000000000001,132.81553398058253,117.58526263380632,6,21,52,52,0.4520723027514973,0.8380626247820263,0.5706080838538301,0.9389470159162787,0.07690183625569516,0.41343416370106767,0.9192043225684579,0.9014472724802115,0.015473032714412025,0.9823870220162225,0.2792016655897767,0.7475769976308422,0.20109525277908555,0.5576019105865703,0.517768684040491,0.12420123916161148,0.8692183950177319,0.141372276712091,0.07306816022078576,0.18544112394679418,0.3297966401414677,0.747856315179606,0.32479000646133965,0.3097853399382583,0.48257248911195416,0.4131951780434178,0.48278876487058314,0.6239137397863301,0.5937270061966523,0.5531904399638512,0.6316023323871088,0.5313139682280483,0.4814167576845061,0.5735587212868926,0.48200833639507923,0.518404682570853,https://a.espncdn.com/i/headshots/wnba/players/full/3058895.png
2026,3058901,Allisha Gray,G,20,Dream,41,2026-05-09,2026-08-30,40,1342,791,267,578,80,233,177,223,29,109,138,105,52,15,62,114,8034,1254,2855,1092,770,979,437,985,1422,524,258,967,1225,32.73170731707317,19.29268292682927,3.3658536585365852,2.5609756097560976,1.2682926829268293,0.36585365853658536,1.5121951219512195,0.7073170731707317,2.658536585365854,0.4619377162629758,0.34334763948497854,0.7937219730941704,0.5311418685121108,0.5849553333727741,21.219076005961252,3.7019374068554396,2.8166915052160952,1.3949329359165425,0.40238450074515647,1.6631892697466468,0.7779433681073026,2.923994038748137,738.12,0.2319736535500224,780.3412994772218,0.13455650760807253,738.12,0.08399718203002222,1172.6213592233012,0.024730915714522267,1038.1540950958429,0.10499404714088911,0.4031141868512111,0.38581314878892736,676.12,578,780.3412994772218,1342,738.12,1172.6213592233012,1038.1540950958429,233,223,578,578,0.6265202002574115,0.6525586088422558,0.6446860120384512,0.28279483286159146,0.8061281160248172,0.12101339412316485,0.5507082489830986,0.5077950316192654,0.4793227296049256,0.2901040025212732,0.46276165663462404,0.8407151199353158,0.2183536305952321,0.5562930665627853,0.5086021022369958,0.20407717661994423,0.9321540309446514,0.14602102920965948,0.02842820220032798,0.10533290196586335,0.3444843509492047,0.8241411913016073,0.43774144281735694,0.28505974305992277,0.5460825766956455,0.4364687932383934,0.5026784259565209,0.5408217699467427,0.5556928965566764,0.5279163627113468,0.6233298955152561,0.5119662601648649,0.4994043012061814,0.453301692778582,0.6053406351782851,0.544010543161639,https://a.espncdn.com/i/headshots/wnba/players/full/3058901.png
2026,3065570,Kelsey Plum,G,11,Mercury,17,2026-05-10,2026-08-25,15,521,366,126,243,40,106,74,91,3,32,35,91,17,0,48,56,8033,1166,2623,963,720,915,276,986,1262,518,312,1051,1363,30.647058823529413,21.529411764705884,2.0588235294117645,5.352941176470588,1,0,2.823529411764706,0.17647058823529413,1.8823529411764706,0.5185185185185185,0.37735849056603776,0.8131868131868132,0.6008230452674898,0.6465517241379309,25.28982725527831,2.418426103646833,6.287907869481766,1.1746641074856046,0,3.3166986564299425,0.2072936660268714,2.2111324376199617,331.04,0.2880751652190568,252.11900908751403,0.360940653897353,331.04,0.14499758337361043,430.329266774555,0.006971405924783797,420.92493464459113,0.07602305628916774,0.43621399176954734,0.37448559670781895,283.04,243,252.11900908751403,521,331.04,430.329266774555,420.92493464459113,106,91,243,243,0.8889994764512118,0.9774872436761203,0.944659060282095,0.9505449948808642,0.621586455308548,0.5238814598285377,0.024836222455740006,0.18087372115847702,0.7178040020523345,0.39079735266309484,0.601967478213997,0.7727068547300332,0.2183536305952321,0.5562930665627853,0.5086021022369958,0.20407717661994423,0.9321540309446514,0.14602102920965948,0.02842820220032798,0.10533290196586335,0.3444843509492047,0.8241411913016073,0.43774144281735694,0.28505974305992277,0.5460825766956455,0.4364687932383934,0.5026784259565209,0.5408217699467427,0.5556928965566764,0.5279163627113468,0.6233298955152561,0.5119662601648649,0.4994043012061814,0.453301692778582,0.6053406351782851,0.544010543161639,https://a.espncdn.com/i/headshots/wnba/players/full/3065570.png
2026,3099736,Stephanie Talbot,F,17,Aces,41,2026-05-09,2026-08-28,40,686,138,54,126,18,71,12,18,31,72,103,41,26,12,27,64,8252,1349,2810,979,667,821,320,1053,1373,487,344,1041,1385,16.73170731707317,3.3658536585365852,2.5121951219512195,1,0.6341463414634146,0.2926829268292683,0.6585365853658537,0.7560975609756098,1.7560975609756098,0.42857142857142855,0.2535211267605634,0.6666666666666666,0.5,0.5152329749103943,7.24198250728863,5.405247813411079,2.151603498542274,1.3644314868804666,0.6297376093294461,1.4169096209912537,1.6268221574344024,3.7784256559766765,160.92,0.1058285703064591,506.721037324285,0.08091236988402621,160.92,0.16778523489932887,565.7089190499273,0.0547984996454759,580.6725642268541,0.12399414822683343,0.5634920634920635,0.14285714285714285,133.92,126,506.721037324285,686,160.92,565.7089190499273,580.6725642268541,71,18,126,126,0.020334606370974742,0.25876317319113445,0.3933519994256587,0.2312660421329105,0.3917805697455014,0.6985591528513151,0.34154842065457974,0.15691331790479446,0.16710875331564987,0.1902665121668598,0.8618709167923039,0.062028860650441525,0.20109525277908555,0.5576019105865703,0.517768684040491,0.12420123916161148,0.8692183950177319,0.141372276712091,0.07306816022078576,0.18544112394679418,0.3297966401414677,0.747856315179606,0.32479000646133965,0.3097853399382583,0.48257248911195416,0.4131951780434178,0.48278876487058314,0.6239137397863301,0.5937270061966523,0.5531904399638512,0.6316023323871088,0.5313139682280483,0.4814167576845061,0.5735587212868926,0.48200833639507923,0.518404682570853,https://a.espncdn.com/i/headshots/wnba/players/full/3099736.png
2026,3102133,Rebecca Allen,G,9,Liberty,25,2026-05-14,2026-08-29,12,462,143,50,120,32,80,11,13,15,47,62,17,14,10,14,52,8250,1270,2758,1191,731,861,338,1115,1453,554,329,958,1287,18.48,5.72,2.48,0.68,0.56,0.4,0.56,0.6,1.88,0.4166666666666667,0.4,0.8461538461538461,0.55,0.5687241489023226,11.142857142857142,4.8311688311688314,1.3246753246753247,1.0909090909090908,0.7792207792207793,1.0909090909090908,1.1688311688311688,3.6623376623376624,139.72,0.1351995751644612,305.6,0.0556282722513089,139.72,0.10020040080160321,362.88000000000005,0.04133597883597883,404.32000000000005,0.11624455876533438,0.6666666666666666,0.10833333333333334,125.72,120,305.6,462,139.72,362.88000000000005,404.32000000000005,80,13,120,120,0.045946859797997425,0.5920642573871727,0.7690234480280298,0.024394226768547314,0.22018057472905858,0.15671833075194694,0.8413368978498856,0.6519512062784547,0.8527449974345819,0.5389221556886228,0.9063426466624742,0.08754828856347138,0.2183536305952321,0.5562930665627853,0.5086021022369958,0.20407717661994423,0.9321540309446514,0.14602102920965948,0.02842820220032798,0.10533290196586335,0.3444843509492047,0.8241411913016073,0.43774144281735694,0.28505974305992277,0.5460825766956455,0.4364687932383934,0.5026784259565209,0.5408217699467427,0.5556928965566764,0.5279163627113468,0.6233298955152561,0.5119662601648649,0.4994043012061814,0.453301692778582,0.6053406351782851,0.544010543161639,https://a.espncdn.com/i/headshots/wnba/players/full/3102133.png
2026,3142010,Azura Stevens,F,19,Sky,31,2026-05-23,2026-08-29,30,763,333,127,298,27,107,52,66,42,160,202,67,26,22,51,93,8057,1232,2791,931,708,924,317,1015,1332,505,365,1110,1475,24.612903225806452,10.741935483870968,6.516129032258065,2.161290322580645,0.8387096774193549,0.7096774193548387,1.6451612903225807,1.3548387096774193,5.161290322580645,0.4261744966442953,0.2523364485981308,0.7878787878787878,0.4714765100671141,0.5091120352250489,15.711664482306684,9.530799475753604,3.1612057667103537,1.2267365661861074,1.0380078636959371,2.406290956749672,1.981651376146789,7.549148099606815,378.04,0.2156326255198982,456.3536055603822,0.1468159759967864,378.04,0.13490635911543752,675.6863596872284,0.062159017120667605,653.4317984361425,0.2448610557106768,0.35906040268456374,0.2214765100671141,327.04,298,456.3536055603822,763,378.04,675.6863596872284,653.4317984361425,107,66,298,298,0.5828400312472877,0.17364603603831283,0.23095699619498888,0.7592158621934928,0.5734502278061576,0.4609061713392935,0.5113445090550817,0.8332748104411521,0.15141467727674623,0.6238702201622248,0.5222198291334625,0.3054777801708665,0.20109525277908555,0.5576019105865703,0.517768684040491,0.12420123916161148,0.8692183950177319,0.141372276712091,0.07306816022078576,0.18544112394679418,0.3297966401414677,0.747856315179606,0.32479000646133965,0.3097853399382583,0.48257248911195416,0.4131951780434178,0.48278876487058314,0.6239137397863301,0.5937270061966523,0.5531904399638512,0.6316023323871088,0.5313139682280483,0.4814167576845061,0.5735587212868926,0.48200833639507923,0.518404682570853,https://a.espncdn.com/i/headshots/wnba/players/full/3142010.png
2026,3142055,Myisha Hines-Allen,F,5,Fever,34,2026-05-09,2026-08-28,3,461,124,49,103,7,21,19,29,20,88,108,51,17,12,37,71,8109,1365,2777,1055,733,905,311,1018,1329,536,336,922,1258,13.558823529411764,3.6470588235294117,3.176470588235294,1.5,0.5,0.35294117647058826,1.088235294117647,0.5882352941176471,2.588235294117647,0.47572815533980584,0.3333333333333333,0.6551724137931034,0.5097087378640777,0.5355908776779543,9.683297180043384,8.433839479392624,3.982646420824295,1.3275488069414316,0.9370932754880694,2.889370932754881,1.561822125813449,6.872017353579175,152.76,0.1448077017496197,339.0040695523492,0.15044067189914528,152.76,0.24221000261848652,350.4827968923418,0.057064141742008016,384.8772968306819,0.22864429968887878,0.20388349514563106,0.2815533980582524,115.76,103,339.0040695523492,461,152.76,350.4827968923418,384.8772968306819,21,29,103,103,0.13447183404218382,0.3547575121938891,0.4039773135185584,0.8003552190130088,0.2018500621289521,0.9937809217949831,0.3863656403048966,0.75045835111546,0.48054818744473915,0.11216685979142527,0.34374326943786343,0.48201593797113934,0.20109525277908555,0.5576019105865703,0.517768684040491,0.12420123916161148,0.8692183950177319,0.141372276712091,0.07306816022078576,0.18544112394679418,0.3297966401414677,0.747856315179606,0.32479000646133965,0.3097853399382583,0.48257248911195416,0.4131951780434178,0.48278876487058314,0.6239137397863301,0.5937270061966523,0.5531904399638512,0.6316023323871088,0.5313139682280483,0.4814167576845061,0.5735587212868926,0.48200833639507923,0.518404682570853,https://a.espncdn.com/i/headshots/wnba/players/full/3142055.png
2026,3142086,Brianna Turner,F,17,Aces,38,2026-05-09,2026-08-28,3,490,62,30,52,0,0,2,2,21,65,86,8,9,19,23,55,8252,1349,2810,979,667,821,320,1053,1373,487,344,1041,1385,12.894736842105264,1.631578947368421,2.263157894736842,0.21052631578947367,0.23684210526315788,0.5,0.6052631578947368,0.5526315789473685,1.7105263157894737,0.5769230769230769,NA,1,0.5769230769230769,0.586232980332829,4.555102040816327,6.318367346938776,0.5877551020408164,0.6612244897959184,1.3959183673469389,1.689795918367347,1.542857142857143,4.775510204081633,75.88,0.06986316605018494,370.5150266602036,0.02159156693889432,75.88,0.30311017395888246,404.07779932137663,0.051970189986354574,414.7661173048958,0.1567148262311367,0,0.038461538461538464,52.88,52,370.5150266602036,490,75.88,404.07779932137663,414.7661173048958,0,2,52,52,0.004170644909296068,0.6679269124819934,0.8795319118386101,0.017065835647830714,0.050646601316213354,0.9986806700807221,0.27618038819659824,0.3603616630166526,NA,0.9953650057937428,0.0037332184650728695,0.004235767104601909,0.20109525277908555,0.5576019105865703,0.517768684040491,0.12420123916161148,0.8692183950177319,0.141372276712091,0.07306816022078576,0.18544112394679418,0.3297966401414677,0.747856315179606,0.32479000646133965,0.3097853399382583,0.48257248911195416,0.4131951780434178,0.48278876487058314,0.6239137397863301,0.5937270061966523,0.5531904399638512,0.6316023323871088,0.5313139682280483,0.4814167576845061,0.5735587212868926,0.48200833639507923,0.518404682570853,https://a.espncdn.com/i/headshots/wnba/players/full/3142086.png
2026,3142191,Kelsey Mitchell,G,5,Fever,41,2026-05-09,2026-08-28,41,1335,1029,363,705,126,277,177,210,24,48,72,114,47,5,72,99,8109,1365,2777,1055,733,905,311,1018,1329,536,336,922,1258,32.5609756097561,25.097560975609756,1.7560975609756098,2.7804878048780486,1.146341463414634,0.12195121951219512,1.7560975609756098,0.5853658536585366,1.170731707317073,0.5148936170212766,0.4548736462093863,0.8428571428571429,0.6042553191489362,0.645221971407073,27.748314606741573,1.9415730337078652,3.0741573033707863,1.2674157303370785,0.1348314606741573,1.9415730337078652,0.647191011235955,1.29438202247191,869.4,0.28459109503937063,760.612652608213,0.14987917911841617,869.4,0.08281573498964803,1014.9556048834628,0.02364635446567703,1114.5578986311505,0.04306640333261415,0.39290780141843973,0.2978723404255319,797.4,705,760.612652608213,1335,869.4,1014.9556048834628,1114.5578986311505,277,210,705,705,0.8574611155952095,0.9661901538422238,0.976327374000539,0.34644153242584913,0.7159042224020564,0.09585442071508038,0.46253911375188894,0.032617231460579425,0.9951770138532581,0.5368736211786952,0.4300152726619351,0.5987332674512622,0.2183536305952321,0.5562930665627853,0.5086021022369958,0.20407717661994423,0.9321540309446514,0.14602102920965948,0.02842820220032798,0.10533290196586335,0.3444843509492047,0.8241411913016073,0.43774144281735694,0.28505974305992277,0.5460825766956455,0.4364687932383934,0.5026784259565209,0.5408217699467427,0.5556928965566764,0.5279163627113468,0.6233298955152561,0.5119662601648649,0.4994043012061814,0.453301692778582,0.6053406351782851,0.544010543161639,https://a.espncdn.com/i/headshots/wnba/players/full/3142191.png
2026,3142242,Amy Okonkwo,F,132052,Fire,4,2026-06-27,2026-08-30,0,32,17,5,15,4,11,3,4,2,2,4,1,1,0,0,4,8113,1232,2727,1188,585,724,317,893,1210,563,387,978,1365,8,4.25,1,0.25,0.25,0,0,0.5,0.5,0.3333333333333333,0.36363636363636365,0.75,0.4666666666666667,0.5071599045346061,19.125,4.5,1.125,1.125,0,0,2.25,2.25,16.76,0.23550578347041481,19.296807592752373,0.051822043371339145,16.76,0,25.53925798101812,0.0783108108108108,25.243436460002467,0.079228515625,0.7333333333333333,0.26666666666666666,16.76,15,19.296807592752373,32,16.76,25.53925798101812,25.243436460002467,11,4,15,15,0.7112945924832914,0.15298339609290101,0.20956278268360973,0.06250475123890703,0.051382944452114686,9.092092700286434e-4,0.6615768964405125,0.04883465051413912,0.6741821396993811,0.5694090382387021,1,0.4351353291693589,0.20109525277908555,0.5576019105865703,0.517768684040491,0.12420123916161148,0.8692183950177319,0.141372276712091,0.07306816022078576,0.18544112394679418,0.3297966401414677,0.747856315179606,0.32479000646133965,0.3097853399382583,0.48257248911195416,0.4131951780434178,0.48278876487058314,0.6239137397863301,0.5937270061966523,0.5531904399638512,0.6316023323871088,0.5313139682280483,0.4814167576845061,0.5735587212868926,0.48200833639507923,0.518404682570853,https://a.espncdn.com/i/headshots/wnba/players/full/3142242.png
2026,3142250,Jordin Canada,G,20,Dream,39,2026-05-09,2026-08-30,39,1231,452,149,342,36,121,118,154,28,116,144,288,74,11,101,103,8034,1254,2855,1092,770,979,437,985,1422,524,258,967,1225,31.564102564102566,11.58974358974359,3.6923076923076925,7.384615384615385,1.8974358974358974,0.28205128205128205,2.58974358974359,0.717948717948718,2.9743589743589745,0.43567251461988304,0.2975206611570248,0.7662337662337663,0.48830409356725146,0.5515423662631784,13.218521527213648,4.2112103980503655,8.422420796100731,2.164094232331438,0.32168968318440294,2.9536961819658814,0.8188464662875711,3.3923639317627945,510.76,0.1749939485880226,811.713218820015,0.35480511259711245,510.76,0.19774453755188348,1075.631067961165,0.026031230255438218,952.2859098829972,0.12181215619818671,0.3538011695906433,0.4502923976608187,409.76,342,811.713218820015,1231,510.76,1075.631067961165,952.2859098829972,121,154,342,342,0.2532530922100303,0.4096009298226567,0.365690414158656,0.9441078954755348,0.9782612145157963,0.8643531445649091,0.5756903421318693,0.763814178103448,0.16931759876859928,0.15537346359911755,0.26390261432036655,0.9261072679902974,0.2183536305952321,0.5562930665627853,0.5086021022369958,0.20407717661994423,0.9321540309446514,0.14602102920965948,0.02842820220032798,0.10533290196586335,0.3444843509492047,0.8241411913016073,0.43774144281735694,0.28505974305992277,0.5460825766956455,0.4364687932383934,0.5026784259565209,0.5408217699467427,0.5556928965566764,0.5279163627113468,0.6233298955152561,0.5119662601648649,0.4994043012061814,0.453301692778582,0.6053406351782851,0.544010543161639,https://a.espncdn.com/i/headshots/wnba/players/full/3142250.png
2026,3142255,Monique Billings,F,5,Fever,39,2026-05-13,2026-08-28,31,766,266,92,177,5,18,77,103,67,122,189,40,35,19,32,86,8109,1365,2777,1055,733,905,311,1018,1329,536,336,922,1258,19.641025641025642,6.82051282051282,4.846153846153846,1.0256410256410255,0.8974358974358975,0.48717948717948717,0.8205128205128205,1.7179487179487178,3.128205128205128,0.519774011299435,0.2777777777777778,0.7475728155339806,0.5338983050847458,0.5982367758186398,12.501305483028721,8.882506527415144,1.8798955613577024,1.6449086161879896,0.8929503916449086,1.5039164490861618,3.1488250652741514,5.733681462140992,254.32,0.14508906495446428,552.709581945986,0.07237073737561697,254.32,0.12582573136206354,582.3640399556049,0.11504831240113586,639.5141201134542,0.19076983003652268,0.1016949152542373,0.5819209039548022,222.32,177,552.709581945986,766,254.32,582.3640399556049,639.5141201134542,18,103,177,177,0.14826837948094784,0.741509767747479,0.5833153851676358,0.12795728292771893,0.6203460812738736,0.3729645864074299,0.8477559900950962,0.5435651074205691,0.25,0.5684820393974508,0.27410438653169644,0.9871491133606145,0.20109525277908555,0.5576019105865703,0.517768684040491,0.12420123916161148,0.8692183950177319,0.141372276712091,0.07306816022078576,0.18544112394679418,0.3297966401414677,0.747856315179606,0.32479000646133965,0.3097853399382583,0.48257248911195416,0.4131951780434178,0.48278876487058314,0.6239137397863301,0.5937270061966523,0.5531904399638512,0.6316023323871088,0.5313139682280483,0.4814167576845061,0.5735587212868926,0.48200833639507923,0.518404682570853,https://a.espncdn.com/i/headshots/wnba/players/full/3142255.png
2026,3142327,Kia Nurse,G,131935,Tempo,39,2026-05-08,2026-08-29,3,535,212,63,179,43,130,43,48,9,36,45,40,14,0,19,50,8036,1194,2712,1119,674,834,337,934,1271,558,400,984,1384,13.717948717948717,5.435897435897436,1.1538461538461537,1.0256410256410255,0.358974358974359,0,0.48717948717948717,0.23076923076923078,0.9230769230769231,0.35195530726256985,0.33076923076923076,0.8958333333333334,0.4720670391061452,0.5296821906855886,14.265420560747664,3.02803738317757,2.691588785046729,0.9420560747663551,0,1.2785046728971963,0.6056074766355141,2.4224299065420563,219.12,0.1809921072009611,334.4552015928322,0.11959748214260468,219.12,0.08671047827674333,439.730587356894,0.020467077475998782,444.05798904927826,0.08107049279098769,0.7262569832402235,0.2681564245810056,200.12,179,334.4552015928322,535,219.12,439.730587356894,444.05798904927826,130,48,179,179,0.3031906481097707,0.3221043623753903,0.2352439133950229,0.22104131228256046,0.1211818282794624,0.14160903994240964,0.2998516842026288,0.23603898913036347,0.37742432016418676,0.8974156949259376,0.9614140688168179,0.4657712694277244,0.2183536305952321,0.5562930665627853,0.5086021022369958,0.20407717661994423,0.9321540309446514,0.14602102920965948,0.02842820220032798,0.10533290196586335,0.3444843509492047,0.8241411913016073,0.43774144281735694,0.28505974305992277,0.5460825766956455,0.4364687932383934,0.5026784259565209,0.5408217699467427,0.5556928965566764,0.5279163627113468,0.6233298955152561,0.5119662601648649,0.4994043012061814,0.453301692778582,0.6053406351782851,0.544010543161639,https://a.espncdn.com/i/headshots/wnba/players/full/3142327.png
2026,3142328,Gabby Williams,F,129689,Valkyries,38,2026-05-08,2026-08-27,38,940,547,197,485,68,198,85,117,26,101,127,87,62,6,58,49,8000,1156,2720,1223,569,731,363,952,1315,413,314,983,1297,24.736842105263158,14.394736842105264,3.3421052631578947,2.289473684210526,1.631578947368421,0.15789473684210525,1.5263157894736843,0.6842105263157895,2.6578947368421053,0.4061855670103093,0.3434343434343434,0.7264957264957265,0.4762886597938144,0.5098046525499552,20.948936170212765,4.863829787234042,3.331914893617021,2.374468085106383,0.2297872340425532,2.2212765957446807,0.9957446808510638,3.8680851063829786,594.48,0.29290486159594914,482.15,0.18044177123301877,594.48,0.09756425783878347,790.775,0.03287913755493029,743.775,0.13579375483177036,0.40824742268041236,0.24123711340206186,536.48,485,482.15,940,594.48,790.775,743.775,198,117,485,485,1,0.21156966312011927,0.2878885777873501,0.9355611061009007,0.9438768466105205,0.16117524520440935,0.14504811349061134,0.2351879961727405,0.5415561450044208,0.44727694090382386,0.5960944791442314,0.35336348625170505,0.20109525277908555,0.5576019105865703,0.517768684040491,0.12420123916161148,0.8692183950177319,0.141372276712091,0.07306816022078576,0.18544112394679418,0.3297966401414677,0.747856315179606,0.32479000646133965,0.3097853399382583,0.48257248911195416,0.4131951780434178,0.48278876487058314,0.6239137397863301,0.5937270061966523,0.5531904399638512,0.6316023323871088,0.5313139682280483,0.4814167576845061,0.5735587212868926,0.48200833639507923,0.518404682570853,https://a.espncdn.com/i/headshots/wnba/players/full/3142328.png
2026,3146151,Ariel Atkins,G,6,Sparks,38,2026-05-10,2026-08-30,38,1036,323,114,306,45,160,50,54,27,82,109,111,63,15,57,117,8029,1266,2726,1042,615,788,295,951,1246,580,383,1045,1428,27.263157894736842,8.5,2.8684210526315788,2.9210526315789473,1.6578947368421053,0.39473684210526316,1.5,0.7105263157894737,2.1578947368421053,0.37254901960784315,0.28125,0.9259259259259259,0.44607843137254904,0.4897501213003397,11.223938223938225,3.787644787644788,3.857142857142857,2.189189189189189,0.5212355212355212,1.9806949806949807,0.9382239382239382,2.8494208494208495,386.76,0.16411824612891213,702.7741935483871,0.15794546956761224,386.76,0.147378219050574,864.516129032258,0.03123134328358209,860.6451612903226,0.09527736131934034,0.5228758169934641,0.17647058823529413,329.76,306,702.7741935483871,1036,386.76,864.516129032258,860.6451612903226,160,54,306,306,0.11510029231474007,0.12840620988702908,0.11122091456293236,0.37945030968622334,0.9107916408816109,0.5419302589385048,0.667141029762231,0.3934360128837634,0.0999486916367368,0.9472108414749448,0.7626448656904141,0.18641631479651424,0.2183536305952321,0.5562930665627853,0.5086021022369958,0.20407717661994423,0.9321540309446514,0.14602102920965948,0.02842820220032798,0.10533290196586335,0.3444843509492047,0.8241411913016073,0.43774144281735694,0.28505974305992277,0.5460825766956455,0.4364687932383934,0.5026784259565209,0.5408217699467427,0.5556928965566764,0.5279163627113468,0.6233298955152561,0.5119662601648649,0.4994043012061814,0.453301692778582,0.6053406351782851,0.544010543161639,https://a.espncdn.com/i/headshots/wnba/players/full/3146151.png
2026,3149391,A'ja Wilson,C,17,Aces,38,2026-05-09,2026-08-28,38,1201,974,345,661,35,92,249,290,68,284,352,118,53,75,91,69,8252,1349,2810,979,667,821,320,1053,1373,487,344,1041,1385,31.605263157894736,25.63157894736842,9.263157894736842,3.1052631578947367,1.394736842105263,1.9736842105263157,2.3947368421052633,1.7894736842105263,7.473684210526316,0.5219364599092284,0.3804347826086957,0.8586206896551725,0.5484114977307111,0.6175500887648998,29.195670274771025,10.55120732722731,3.537052456286428,1.588676103247294,2.2481265611990007,2.7277268942547876,2.038301415487094,8.512905911740216,879.6,0.3304146037620854,636.6705041202132,0.18533919702006454,879.6,0.10345611641655297,990.4029326223945,0.06865892432279982,1016.6002181289383,0.27936252121084976,0.13918305597579425,0.43872919818456885,788.6,661,636.6705041202132,1201,879.6,990.4029326223945,1016.6002181289383,92,290,661,661,1,0.7976377184134318,0.5970709725873076,0.9735788334462008,0.9338322956683004,0.21241410134644392,0.20906178983940352,0.6908752156302356,0.6715017064846417,0.9989276139410188,0.48742020277882087,0.7241832519714607,0.2301817032026182,0.5835746591611622,0.5419639504318438,0.12732307217240074,0.6806470117654635,0.14148835130454215,0.08404596441834357,0.22810925115503222,0.35238907849829354,0.7512064343163539,0.22005257228689448,0.35016898235073224,0.5655136617832318,0.4125217927981165,0.400021804174288,0.5422970364883264,0.6292608719804802,0.4351423489147889,0.523775153269908,0.46241091424709707,0.3113508752614775,0.5153506875378362,0.586265792884571,0.4794253388732087,https://a.espncdn.com/i/headshots/wnba/players/full/3149391.png
2026,3904479,Mariella Fasoula,C,131935,Tempo,3,2026-05-08,2026-05-23,0,15,4,2,5,0,0,0,0,1,2,3,1,1,2,2,5,8036,1194,2712,1119,674,834,337,934,1271,558,400,984,1384,5,1.3333333333333333,1,0.3333333333333333,0.3333333333333333,0.6666666666666666,0.6666666666666666,0.3333333333333333,0.6666666666666666,0.4,NA,NA,0.4,0.4,9.6,7.2,2.4,2.4,4.8,4.8,2.4,4.8,7,0.20622351267725425,9.143603782976605,0.10936606875527369,7,0.2857142857142857,12.328894972623194,0.08111026999747667,12.450223992035838,0.16063968015992006,0,0,5,5,9.143603782976605,15,7,12.328894972623194,12.450223992035838,0,0,5,5,0.3931336946198111,0.002544496144209807,0.013894104393541119,0.40496258556805126,0.14266790303351437,0.9966981395608693,0.4061489768028052,0.2777732493427643,NA,NA,0.03567405182125422,9.38790837401427e-4,0.2301817032026182,0.5835746591611622,0.5419639504318438,0.12732307217240074,0.6806470117654635,0.14148835130454215,0.08404596441834357,0.22810925115503222,0.35238907849829354,0.7512064343163539,0.22005257228689448,0.35016898235073224,0.5655136617832318,0.4125217927981165,0.400021804174288,0.5422970364883264,0.6292608719804802,0.4351423489147889,0.523775153269908,0.46241091424709707,0.3113508752614775,0.5153506875378362,0.586265792884571,0.4794253388732087,https://a.espncdn.com/i/headshots/wnba/players/full/3904479.png
2026,3904576,Marina Mabrey,G,131935,Tempo,33,2026-05-08,2026-08-18,32,964,690,227,515,110,287,126,143,19,89,108,120,30,12,101,84,8036,1194,2712,1119,674,834,337,934,1271,558,400,984,1384,29.21212121212121,20.90909090909091,3.272727272727273,3.6363636363636362,0.9090909090909091,0.36363636363636365,3.0606060606060606,0.5757575757575758,2.696969696969697,0.4407766990291262,0.3832752613240418,0.8811188811188811,0.5475728155339806,0.596968438538206,25.767634854771785,4.033195020746888,4.481327800829876,1.120331950207469,0.44813278008298757,3.771784232365145,0.7095435684647303,3.323651452282158,678.92,0.3112239194431864,489.1622697859632,0.24531736687808514,678.92,0.14876568667884288,792.3369835739173,0.02397969600547806,800.1343952215033,0.11123131380367907,0.5572815533980583,0.27766990291262134,577.92,515,489.1622697859632,964,678.92,792.3369835739173,800.1343952215033,287,143,515,515,0.9709021400056718,0.7064528798319166,0.7373551343095859,0.6697369368023575,0.5313149585058948,0.5650713880587247,0.4985297101599704,0.5767190311245732,0.754232939969215,0.807280176489127,0.8614230527356033,0.48890486030006286,0.2183536305952321,0.5562930665627853,0.5086021022369958,0.20407717661994423,0.9321540309446514,0.14602102920965948,0.02842820220032798,0.10533290196586335,0.3444843509492047,0.8241411913016073,0.43774144281735694,0.28505974305992277,0.5460825766956455,0.4364687932383934,0.5026784259565209,0.5408217699467427,0.5556928965566764,0.5279163627113468,0.6233298955152561,0.5119662601648649,0.4994043012061814,0.453301692778582,0.6053406351782851,0.544010543161639,https://a.espncdn.com/i/headshots/wnba/players/full/3904576.png
2026,3904577,Arike Ogunbowale,G,3,Wings,40,2026-05-09,2026-08-30,40,1194,609,198,494,71,212,142,160,33,91,124,127,39,2,64,91,8051,1325,2836,952,584,738,340,1031,1371,438,336,1006,1342,29.85,15.225,3.1,3.175,0.975,0.05,1.6,0.825,2.275,0.4008097165991903,0.33490566037735847,0.8875,0.4726720647773279,0.5395109851169384,18.36180904522613,3.7386934673366836,3.829145728643216,1.1758793969849246,0.06030150753768844,1.92964824120603,0.9949748743718593,2.7437185929648242,628.4,0.2354851983850725,784.5176996646379,0.1618828995882303,628.4,0.10184595798854233,998.0896783008321,0.03306316127442562,1013.6616569370265,0.08977354463122734,0.4291497975708502,0.32388663967611336,564.4,494,784.5176996646379,1194,628.4,998.0896783008321,1013.6616569370265,212,160,494,494,0.6674578979516154,0.36069104470939845,0.28196029107896864,0.41584690752616255,0.6133193697338982,0.17813747518596887,0.7313361577525646,0.3193317637161264,0.4025654181631606,0.8476205483769303,0.5533195579911958,0.6669212110322522,0.2183536305952321,0.5562930665627853,0.5086021022369958,0.20407717661994423,0.9321540309446514,0.14602102920965948,0.02842820220032798,0.10533290196586335,0.3444843509492047,0.8241411913016073,0.43774144281735694,0.28505974305992277,0.5460825766956455,0.4364687932383934,0.5026784259565209,0.5408217699467427,0.5556928965566764,0.5279163627113468,0.6233298955152561,0.5119662601648649,0.4994043012061814,0.453301692778582,0.6053406351782851,0.544010543161639,https://a.espncdn.com/i/headshots/wnba/players/full/3904577.png
2026,3906753,Natisha Hiedeman,G,14,Storm,36,2026-05-08,2026-08-14,36,1073,555,198,446,68,202,91,106,9,88,97,172,39,5,80,63,8030,1187,2788,1060,602,756,345,1017,1362,563,390,1064,1454,29.805555555555557,15.416666666666666,2.6944444444444446,4.777777777777778,1.0833333333333333,0.1388888888888889,2.2222222222222223,0.25,2.4444444444444446,0.4439461883408072,0.33663366336633666,0.8584905660377359,0.5201793721973094,0.5632916531341344,18.620689655172413,3.2544268406337373,5.770736253494874,1.3084808946877913,0.16775396085740912,2.684063373718546,0.3019571295433364,2.9524697110904006,572.64,0.23267531994544519,595.057907845579,0.289047498961454,572.64,0.13970382788488406,941.3804483188045,0.009560428003442124,940.0442092154422,0.09361261857401847,0.452914798206278,0.23766816143497757,492.64,446,595.057907845579,1073,572.64,941.3804483188045,940.0442092154422,202,106,446,446,0.6460387535175933,0.5390496778190038,0.5804509927230258,0.8109672167107793,0.665333777629679,0.4818312209594031,0.09659171671414891,0.36095981301056673,0.4232939969214982,0.6013236684525686,0.6220016171053814,0.3942592758961459,0.2183536305952321,0.5562930665627853,0.5086021022369958,0.20407717661994423,0.9321540309446514,0.14602102920965948,0.02842820220032798,0.10533290196586335,0.3444843509492047,0.8241411913016073,0.43774144281735694,0.28505974305992277,0.5460825766956455,0.4364687932383934,0.5026784259565209,0.5408217699467427,0.5556928965566764,0.5279163627113468,0.6233298955152561,0.5119662601648649,0.4994043012061814,0.453301692778582,0.6053406351782851,0.544010543161639,https://a.espncdn.com/i/headshots/wnba/players/full/3906753.png
2026,3906769,Jovana Nogic,G,11,Mercury,16,2026-05-09,2026-06-17,7,321,166,50,119,32,76,34,38,7,10,17,26,10,0,23,36,8033,1166,2623,963,720,915,276,986,1262,518,312,1051,1363,20.0625,10.375,1.0625,1.625,0.625,0,1.4375,0.4375,0.625,0.42016806722689076,0.42105263157894735,0.8947368421052632,0.5546218487394958,0.6115531977600943,18.61682242990654,1.9065420560747663,2.9158878504672896,1.1214953271028036,0,2.5794392523364484,0.7850467289719626,1.1214953271028036,158.72,0.22417629747315068,182.9677579982572,0.14210153900583758,158.72,0.14490927419354838,265.1356902776049,0.026401575708916415,259.3414664508901,0.03855920203140225,0.6386554621848739,0.31932773109243695,135.72,119,182.9677579982572,321,158.72,265.1356902776049,259.3414664508901,76,38,119,119,0.5476129447437883,0.8141887361181182,0.7743688797053274,0.28746636338389414,0.24525158280573142,0.5125978927161274,0.590218740671024,0.010407999214546966,0.9385325808106721,0.8898518751969745,0.8959213008714402,0.6130176983200072,0.2183536305952321,0.5562930665627853,0.5086021022369958,0.20407717661994423,0.9321540309446514,0.14602102920965948,0.02842820220032798,0.10533290196586335,0.3444843509492047,0.8241411913016073,0.43774144281735694,0.28505974305992277,0.5460825766956455,0.4364687932383934,0.5026784259565209,0.5408217699467427,0.5556928965566764,0.5279163627113468,0.6233298955152561,0.5119662601648649,0.4994043012061814,0.453301692778582,0.6053406351782851,0.544010543161639,https://a.espncdn.com/i/headshots/wnba/players/full/3906769.png
2026,3906949,Jessica Shepard,F,3,Wings,39,2026-05-09,2026-08-30,39,1228,555,228,386,2,12,97,140,110,315,425,193,29,4,75,78,8051,1325,2836,952,584,738,340,1031,1371,438,336,1006,1342,31.487179487179485,14.23076923076923,10.897435897435898,4.948717948717949,0.7435897435897436,0.10256410256410256,1.9230769230769231,2.8205128205128207,8.076923076923077,0.5906735751295337,0.16666666666666666,0.6928571428571428,0.5932642487046632,0.6199731903485254,16.270358306188925,12.45928338762215,5.657980456026059,0.8501628664495114,0.11726384364820847,2.198697068403909,3.224755700325733,9.234527687296417,522.6,0.19041572182595795,782.4955906098621,0.24664675726744925,522.6,0.14351320321469574,1026.5109924233013,0.10715910575913191,1042.5263942367408,0.3021506234675423,0.031088082901554404,0.3626943005181347,447.6,386,782.4955906098621,1228,522.6,1026.5109924233013,1042.5263942367408,12,140,386,386,0.4115354569915806,0.9353685966286739,0.9376121760356092,0.9723723310335324,0.5065810667771181,0.5762216821456472,0.8040894269278395,0.958958092881362,0.018125552608311227,0.29130938586326766,0.09210998635939407,0.6708306411084787,0.20109525277908555,0.5576019105865703,0.517768684040491,0.12420123916161148,0.8692183950177319,0.141372276712091,0.07306816022078576,0.18544112394679418,0.3297966401414677,0.747856315179606,0.32479000646133965,0.3097853399382583,0.48257248911195416,0.4131951780434178,0.48278876487058314,0.6239137397863301,0.5937270061966523,0.5531904399638512,0.6316023323871088,0.5313139682280483,0.4814167576845061,0.5735587212868926,0.48200833639507923,0.518404682570853,https://a.espncdn.com/i/headshots/wnba/players/full/3906949.png
2026,3906972,Bridget Carleton,F,132052,Fire,39,2026-05-09,2026-08-30,39,1195,557,186,460,106,288,79,90,28,147,175,84,61,17,47,83,8113,1232,2727,1188,585,724,317,893,1210,563,387,978,1365,30.641025641025642,14.282051282051283,4.487179487179487,2.1538461538461537,1.564102564102564,0.4358974358974359,1.205128205128205,0.717948717948718,3.769230769230769,0.4043478260869565,0.3680555555555556,0.8777777777777778,0.5195652173913043,0.5574459567654123,16.77991631799163,5.2719665271966525,2.5305439330543935,1.8376569037656905,0.5121338912133891,1.4158995815899582,0.8435146443514644,4.428451882845188,546.6,0.20567393773967302,721.3339085418464,0.1164509237750979,546.6,0.08598609586534943,953.7316652286454,0.029358362546647063,942.6845803032171,0.15593763075313807,0.6260869565217392,0.1956521739130435,499.6,460,721.3339085418464,1195,546.6,953.7316652286454,942.6845803032171,288,90,460,460,0.5168496658276192,0.4062094063534585,0.5096561131452365,0.5571619193106304,0.9222467669934189,0.10783135144518706,0.12308670170855437,0.34754894314961216,0.737842617152962,0.9573580533024334,0.9679086797329313,0.1897480077536076,0.20109525277908555,0.5576019105865703,0.517768684040491,0.12420123916161148,0.8692183950177319,0.141372276712091,0.07306816022078576,0.18544112394679418,0.3297966401414677,0.747856315179606,0.32479000646133965,0.3097853399382583,0.48257248911195416,0.4131951780434178,0.48278876487058314,0.6239137397863301,0.5937270061966523,0.5531904399638512,0.6316023323871088,0.5313139682280483,0.4814167576845061,0.5735587212868926,0.48200833639507923,0.518404682570853,https://a.espncdn.com/i/headshots/wnba/players/full/3906972.png
2026,3907781,Sophie Cunningham,G,5,Fever,39,2026-05-09,2026-08-28,3,885,322,98,209,63,145,63,72,10,79,89,49,22,5,28,72,8109,1365,2777,1055,733,905,311,1018,1329,536,336,922,1258,22.692307692307693,8.256410256410257,2.282051282051282,1.2564102564102564,0.5641025641025641,0.1282051282051282,0.717948717948718,0.2564102564102564,2.0256410256410255,0.4688995215311005,0.43448275862068964,0.875,0.6196172248803827,0.668938008974572,13.098305084745762,3.6203389830508477,1.993220338983051,0.8949152542372881,0.2033898305084746,1.1389830508474577,0.4067796610169492,3.2135593220338983,268.68,0.1326706953938787,646.8668146503885,0.07574975078368022,268.68,0.10421319041238648,672.8357380688125,0.014862468555404346,738.8642249352571,0.10692086222867588,0.69377990430622,0.3444976076555024,240.68,209,646.8668146503885,885,268.68,672.8357380688125,738.8642249352571,145,72,209,209,0.0411844745969765,0.99352444935468,0.9865690414158657,0.09333499573303719,0.23422351279732154,0.18762816038044544,0.19108026330401687,0.545153539382655,0.9635710620831196,0.7585880869839269,0.9259275896145899,0.7204653669930824,0.2183536305952321,0.5562930665627853,0.5086021022369958,0.20407717661994423,0.9321540309446514,0.14602102920965948,0.02842820220032798,0.10533290196586335,0.3444843509492047,0.8241411913016073,0.43774144281735694,0.28505974305992277,0.5460825766956455,0.4364687932383934,0.5026784259565209,0.5408217699467427,0.5556928965566764,0.5279163627113468,0.6233298955152561,0.5119662601648649,0.4994043012061814,0.453301692778582,0.6053406351782851,0.544010543161639,https://a.espncdn.com/i/headshots/wnba/players/full/3907781.png
2026,3910470,Maria Conde,F,131935,Tempo,33,2026-05-08,2026-08-26,19,889,293,102,276,53,150,36,41,32,121,153,86,15,5,53,65,8036,1194,2712,1119,674,834,337,934,1271,558,400,984,1384,26.939393939393938,8.878787878787879,4.636363636363637,2.606060606060606,0.45454545454545453,0.15151515151515152,1.606060606060606,0.9696969696969697,3.6666666666666665,0.3695652173913043,0.35333333333333333,0.8780487804878049,0.46557971014492755,0.4982315331247449,11.86501687289089,6.195725534308211,3.482564679415073,0.6074240719910011,0.20247469066366705,2.1462317210348707,1.295838020247469,4.899887514060742,347.04,0.17250797325931463,558.44425087108,0.15399925751917817,347.04,0.15272014753342553,730.6925087108013,0.04379407153969494,737.883275261324,0.16398257564131322,0.5434782608695652,0.14855072463768115,294.04,276,558.44425087108,889,347.04,730.6925087108013,737.883275261324,150,41,276,276,0.3151223852096173,0.13134019055321086,0.2084858927417618,0.8217258001388363,0.19124211882737355,0.6240061626594914,0.2152018392927824,0.4051089105440547,0.5747126436781609,0.9668597914252607,0.8489482374901285,0.11601694306841841,0.20109525277908555,0.5576019105865703,0.517768684040491,0.12420123916161148,0.8692183950177319,0.141372276712091,0.07306816022078576,0.18544112394679418,0.3297966401414677,0.747856315179606,0.32479000646133965,0.3097853399382583,0.48257248911195416,0.4131951780434178,0.48278876487058314,0.6239137397863301,0.5937270061966523,0.5531904399638512,0.6316023323871088,0.5313139682280483,0.4814167576845061,0.5735587212868926,0.48200833639507923,0.518404682570853,https://a.espncdn.com/i/headshots/wnba/players/full/3910470.png
2026,3913680,Emese Hof,C,8,Lynx,3,2026-05-09,2026-05-23,0,21,7,3,6,0,0,1,2,2,3,5,2,0,0,4,6,8008,1359,2820,946,564,697,370,1003,1373,497,376,938,1314,7,2.3333333333333335,1.6666666666666667,0.6666666666666666,0,0,1.3333333333333333,0.6666666666666666,1,0.5,NA,0.5,0.5,0.5087209302325582,12,8.571428571428571,3.4285714285714284,0,0,6.857142857142857,3.4285714285714284,5.142857142857143,10.879999999999999,0.22898857882962434,14.819055944055943,0.13496136377042411,10.879999999999999,0.36764705882352944,17.15034965034965,0.11661569826707442,18.081293706293707,0.1659173313995649,0,0.3333333333333333,6.88,6,14.819055944055943,21,10.879999999999999,17.15034965034965,18.081293706293707,0,2,6,6,0.5510307838426727,0.09140012364559268,0.16898235073225684,0.5287249207964122,0.0013909127036693602,1,0.8361158924205307,0.3009006238943935,NA,0.05737265415549598,0.03680060082613594,0.42639879834772815,0.2301817032026182,0.5835746591611622,0.5419639504318438,0.12732307217240074,0.6806470117654635,0.14148835130454215,0.08404596441834357,0.22810925115503222,0.35238907849829354,0.7512064343163539,0.22005257228689448,0.35016898235073224,0.5655136617832318,0.4125217927981165,0.400021804174288,0.5422970364883264,0.6292608719804802,0.4351423489147889,0.523775153269908,0.46241091424709707,0.3113508752614775,0.5153506875378362,0.586265792884571,0.4794253388732087,https://a.espncdn.com/i/headshots/wnba/players/full/3913680.png
2026,3913881,Alanna Smith,F,3,Wings,32,2026-05-09,2026-08-30,18,573,193,75,164,18,69,25,37,36,90,126,33,23,15,38,76,8051,1325,2836,952,584,738,340,1031,1371,438,336,1006,1342,17.90625,6.03125,3.9375,1.03125,0.71875,0.46875,1.1875,1.125,2.8125,0.4573170731707317,0.2608695652173913,0.6756756756756757,0.5121951219512195,0.5352784557355225,12.12565445026178,7.9162303664921465,2.073298429319372,1.4450261780104712,0.9424083769633508,2.387434554973822,2.261780104712042,5.654450261780105,218.28,0.17044767749882914,396.50975034157244,0.08322620054506157,218.28,0.17408832691955287,478.98273506396714,0.07515928521973193,486.4557197863619,0.18501170063233205,0.42073170731707316,0.22560975609756098,180.28,164,396.50975034157244,573,218.28,478.98273506396714,486.4557197863619,69,37,164,164,0.289677545351966,0.34744370593141094,0.42242802785555317,0.27442485063710814,0.46615122647153573,0.7517685096779794,0.6405189595237968,0.524831039174596,0.1823607427055703,0.19953650057937428,0.6558977672481873,0.3185440447986216,0.20109525277908555,0.5576019105865703,0.517768684040491,0.12420123916161148,0.8692183950177319,0.141372276712091,0.07306816022078576,0.18544112394679418,0.3297966401414677,0.747856315179606,0.32479000646133965,0.3097853399382583,0.48257248911195416,0.4131951780434178,0.48278876487058314,0.6239137397863301,0.5937270061966523,0.5531904399638512,0.6316023323871088,0.5313139682280483,0.4814167576845061,0.5735587212868926,0.48200833639507923,0.518404682570853,https://a.espncdn.com/i/headshots/wnba/players/full/3913881.png
2026,3913903,Teaira McCowan,C,8,Lynx,10,2026-05-29,2026-06-24,0,68,14,7,15,0,0,0,3,5,19,24,3,1,5,6,19,8008,1359,2820,946,564,697,370,1003,1373,497,376,938,1314,6.8,1.4,2.4,0.3,0.1,0.5,0.6,0.5,1.9,0.4666666666666667,NA,0,0.4666666666666667,0.42892156862745096,7.411764705882353,12.705882352941176,1.588235294117647,0.5294117647058824,2.6470588235294117,3.176470588235294,2.6470588235294117,10.058823529411764,22.32,0.14507397095185656,50.69980019980021,0.059171830819400785,22.32,0.26881720430107525,55.53446553446554,0.09003417880913833,58.548951048951054,0.3245147805315019,0,0.2,16.32,15,50.69980019980021,68,22.32,55.53446553446554,58.548951048951054,0,3,15,15,0.048645175708140115,0.005199622555559171,0.08280135185880586,0.03844128827066959,0.009670154987415552,0.9957204313090117,0.7422435128968201,1,NA,0.0016085790884718498,0.03961697333834022,0.13706346226060834,0.2301817032026182,0.5835746591611622,0.5419639504318438,0.12732307217240074,0.6806470117654635,0.14148835130454215,0.08404596441834357,0.22810925115503222,0.35238907849829354,0.7512064343163539,0.22005257228689448,0.35016898235073224,0.5655136617832318,0.4125217927981165,0.400021804174288,0.5422970364883264,0.6292608719804802,0.4351423489147889,0.523775153269908,0.46241091424709707,0.3113508752614775,0.5153506875378362,0.586265792884571,0.4794253388732087,https://a.espncdn.com/i/headshots/wnba/players/full/3913903.png
2026,3917450,Napheesa Collier,F,8,Lynx,12,2026-07-22,2026-08-30,12,366,216,79,161,21,45,37,43,15,73,88,33,17,12,26,21,8008,1359,2820,946,564,697,370,1003,1373,497,376,938,1314,30.5,18,7.333333333333333,2.75,1.4166666666666667,1,2.1666666666666665,1.25,6.083333333333333,0.4906832298136646,0.4666666666666667,0.8604651162790697,0.5559006211180124,0.6002667852378835,21.24590163934426,8.655737704918034,3.2459016393442623,1.6721311475409837,1.180327868852459,2.557377049180328,1.4754098360655739,7.180327868852459,205.92000000000002,0.24866900996577704,231.56068931068933,0.1425112358156927,205.92000000000002,0.12626262626262624,298.90609390609393,0.050182984910011524,315.1311188811189,0.2316496075004854,0.2795031055900621,0.2670807453416149,179.92000000000002,161,231.56068931068933,366,205.92000000000002,298.90609390609393,315.1311188811189,45,43,161,161,0.8329572085756445,0.7984912431448862,0.744992461770407,0.7105260602533164,0.8456210594136868,0.38499696206926487,0.2649583352196021,0.7651560398001713,0.9893899204244032,0.926071842410197,0.44662215521573695,0.44777083782037475,0.20109525277908555,0.5576019105865703,0.517768684040491,0.12420123916161148,0.8692183950177319,0.141372276712091,0.07306816022078576,0.18544112394679418,0.3297966401414677,0.747856315179606,0.32479000646133965,0.3097853399382583,0.48257248911195416,0.4131951780434178,0.48278876487058314,0.6239137397863301,0.5937270061966523,0.5531904399638512,0.6316023323871088,0.5313139682280483,0.4814167576845061,0.5735587212868926,0.48200833639507923,0.518404682570853,https://a.espncdn.com/i/headshots/wnba/players/full/3917450.png
2026,3917453,Katie Lou Samuelson,F,14,Storm,32,2026-05-24,2026-08-30,1,489,142,47,116,26,81,22,28,12,55,67,26,26,3,15,30,8030,1187,2788,1060,602,756,345,1017,1362,563,390,1064,1454,15.28125,4.4375,2.09375,0.8125,0.8125,0.09375,0.46875,0.375,1.71875,0.4051724137931034,0.32098765432098764,0.7857142857142857,0.5172413793103449,0.5533042394014963,10.45398773006135,4.932515337423313,1.9141104294478528,1.9141104294478528,0.22085889570552147,1.1042944785276074,0.8834355828220859,4.049079754601227,143.32,0.12778100544675525,314.4215442092154,0.0826915345937607,143.32,0.10466089868825007,429.0168119551681,0.027970931827384866,428.40784557907847,0.12838233605562605,0.6982758620689655,0.2413793103448276,128.32,116,314.4215442092154,489,143.32,429.0168119551681,428.40784557907847,81,28,116,116,0.08108237132193385,0.37090146326669865,0.46421135759925336,0.259772365563593,0.5558930461595103,0.21712958944536068,0.08492196647012415,0.17958486782321242,0.41489832007073385,0.6085747392815759,0.9922463924186948,0.36169143513532914,0.20109525277908555,0.5576019105865703,0.517768684040491,0.12420123916161148,0.8692183950177319,0.141372276712091,0.07306816022078576,0.18544112394679418,0.3297966401414677,0.747856315179606,0.32479000646133965,0.3097853399382583,0.48257248911195416,0.4131951780434178,0.48278876487058314,0.6239137397863301,0.5937270061966523,0.5531904399638512,0.6316023323871088,0.5313139682280483,0.4814167576845061,0.5735587212868926,0.48200833639507923,0.518404682570853,https://a.espncdn.com/i/headshots/wnba/players/full/3917453.png
2026,3919496,Valeriane Ayayi,F,11,Mercury,33,2026-05-12,2026-08-27,5,542,209,49,130,19,64,92,110,21,68,89,42,17,7,45,63,8033,1166,2623,963,720,915,276,986,1262,518,312,1051,1363,16.424242424242426,6.333333333333333,2.696969696969697,1.2727272727272727,0.5151515151515151,0.21212121212121213,1.3636363636363635,0.6363636363636364,2.0606060606060606,0.3769230769230769,0.296875,0.8363636363636363,0.45,0.585762331838565,13.881918819188192,5.911439114391144,2.7896678966789668,1.1291512915129152,0.46494464944649444,2.988929889298893,1.3948339483394834,4.516605166051661,223.4,0.18687316961215666,344.359890451886,0.12196542386189499,223.4,0.20143240823634737,447.6745923067347,0.04690907270790869,437.8911988049297,0.15528971622535948,0.49230769230769234,0.8461538461538461,178.4,130,344.359890451886,542,223.4,447.6745923067347,437.8911988049297,64,110,130,130,0.36773934554292165,0.6645859132148904,0.12987292698686195,0.5989438039325824,0.21683004279994478,0.9219099904522177,0.24850112567661287,0.32126530338134573,0.28779840848806365,0.781460023174971,0.7037116806662359,1,0.20109525277908555,0.5576019105865703,0.517768684040491,0.12420123916161148,0.8692183950177319,0.141372276712091,0.07306816022078576,0.18544112394679418,0.3297966401414677,0.747856315179606,0.32479000646133965,0.3097853399382583,0.48257248911195416,0.4131951780434178,0.48278876487058314,0.6239137397863301,0.5937270061966523,0.5531904399638512,0.6316023323871088,0.5313139682280483,0.4814167576845061,0.5735587212868926,0.48200833639507923,0.518404682570853,https://a.espncdn.com/i/headshots/wnba/players/full/3919496.png
2026,3922628,Kennedy Burke,G,18,Sun,37,2026-05-08,2026-08-26,14,883,325,112,279,44,136,57,80,38,81,119,53,46,30,55,55,8025,1162,2745,792,603,852,369,931,1300,542,311,1038,1349,23.864864864864863,8.783783783783784,3.2162162162162162,1.4324324324324325,1.2432432432432432,0.8108108108108109,1.4864864864864864,1.027027027027027,2.189189189189189,0.4014336917562724,0.3235294117647059,0.7125,0.48028673835125446,0.5171865054105665,13.250283125707814,4.851642129105323,2.160815402038505,1.8754246885617214,1.2231030577576445,2.242355605889015,1.5492638731596828,3.30237825594564,369.2,0.18326178703471488,527.2809968847351,0.10051566491706114,369.2,0.14897074756229686,774.0691588785046,0.049091220809075485,683.2934579439252,0.11854350288049634,0.4874551971326165,0.2867383512544803,314.2,279,527.2809968847351,883,369.2,774.0691588785046,683.2934579439252,136,80,279,279,0.345028195283698,0.3032780080337699,0.3325397538406253,0.16870632627401844,0.784833626886276,0.5776556466918261,0.9043244083753442,0.7254257356048506,0.3202668034889687,0.06381972896312638,0.6754110142844308,0.557047884287126,0.2183536305952321,0.5562930665627853,0.5086021022369958,0.20407717661994423,0.9321540309446514,0.14602102920965948,0.02842820220032798,0.10533290196586335,0.3444843509492047,0.8241411913016073,0.43774144281735694,0.28505974305992277,0.5460825766956455,0.4364687932383934,0.5026784259565209,0.5408217699467427,0.5556928965566764,0.5279163627113468,0.6233298955152561,0.5119662601648649,0.4994043012061814,0.453301692778582,0.6053406351782851,0.544010543161639,https://a.espncdn.com/i/headshots/wnba/players/full/3922628.png
2026,3934218,Megan DiLeo,C,132052,Fire,38,2026-05-09,2026-08-30,29,913,503,197,357,51,139,58,72,52,107,159,35,14,23,28,100,8113,1232,2727,1188,585,724,317,893,1210,563,387,978,1365,24.026315789473685,13.236842105263158,4.184210526315789,0.9210526315789473,0.3684210526315789,0.6052631578947368,0.7368421052631579,1.368421052631579,2.8157894736842106,0.5518207282913166,0.3669064748201439,0.8055555555555556,0.623249299719888,0.647061850365339,19.833515881708653,6.269441401971522,1.380065717415115,0.552026286966046,0.9069003285870756,1.104052573932092,2.0503833515881706,4.219058050383351,416.68,0.20521514973365876,496.2182916307162,0.07053347405832204,416.68,0.0671978496688106,728.6669542709233,0.07136319232704774,720.2267964994453,0.14856431407447973,0.38935574229691877,0.20168067226890757,388.68,357,496.2182916307162,913,416.68,728.6669542709233,720.2267964994453,139,72,357,357,0.39215598636795346,0.9988806820030586,0.9988734509951183,0.1510544980250867,0.22618889919194596,0.058198782054863396,0.30211443482843314,0.14326241108843224,0.5930034129692833,0.6428954423592493,0.7408937288772062,0.20409312805107022,0.2301817032026182,0.5835746591611622,0.5419639504318438,0.12732307217240074,0.6806470117654635,0.14148835130454215,0.08404596441834357,0.22810925115503222,0.35238907849829354,0.7512064343163539,0.22005257228689448,0.35016898235073224,0.5655136617832318,0.4125217927981165,0.400021804174288,0.5422970364883264,0.6292608719804802,0.4351423489147889,0.523775153269908,0.46241091424709707,0.3113508752614775,0.5153506875378362,0.586265792884571,0.4794253388732087,https://a.espncdn.com/i/headshots/wnba/players/full/3934218.png
2026,4001679,Julie Allemand,G,131935,Tempo,29,2026-05-08,2026-08-23,27,833,184,69,127,36,85,10,13,7,83,90,161,40,12,51,56,8036,1194,2712,1119,674,834,337,934,1271,558,400,984,1384,28.724137931034484,6.344827586206897,3.103448275862069,5.551724137931035,1.3793103448275863,0.41379310344827586,1.7586206896551724,0.2413793103448276,2.8620689655172415,0.5433070866141733,0.4235294117647059,0.7692307692307693,0.6850393700787402,0.6931886678722122,7.951980792316927,3.8895558223289317,6.957983193277311,1.7286914765906363,0.5186074429771909,2.204081632653061,0.3025210084033613,3.58703481392557,183.72,0.09746368654364213,549.8414634146342,0.2928116752057134,183.72,0.2775963422599608,684.6646341463415,0.010223983613127308,691.4024390243902,0.12004585942322957,0.6692913385826772,0.10236220472440945,132.72,127,549.8414634146342,833,183.72,684.6646341463415,691.4024390243902,85,13,127,127,0.006602986409546039,0.9988217563174936,0.9991465277153895,0.8250057621182906,0.8763269386395012,0.9887232499291028,0.11153336395482213,0.7456491946936005,0.9472550025654182,0.15742199810904506,0.9120474350911868,0.07483604348216692,0.2183536305952321,0.5562930665627853,0.5086021022369958,0.20407717661994423,0.9321540309446514,0.14602102920965948,0.02842820220032798,0.10533290196586335,0.3444843509492047,0.8241411913016073,0.43774144281735694,0.28505974305992277,0.5460825766956455,0.4364687932383934,0.5026784259565209,0.5408217699467427,0.5556928965566764,0.5279163627113468,0.6233298955152561,0.5119662601648649,0.4994043012061814,0.453301692778582,0.6053406351782851,0.544010543161639,https://a.espncdn.com/i/headshots/wnba/players/full/4001679.png
2026,4038379,Marine Johannes,G,9,Liberty,38,2026-05-08,2026-08-29,18,790,323,111,264,80,207,21,24,14,66,80,90,32,5,61,57,8250,1270,2758,1191,731,861,338,1115,1453,554,329,958,1287,20.789473684210527,8.5,2.1052631578947367,2.3684210526315788,0.8421052631578947,0.13157894736842105,1.605263157894737,0.3684210526315789,1.736842105263158,0.42045454545454547,0.3864734299516908,0.875,0.571969696969697,0.5882138694638694,14.718987341772152,3.6455696202531644,4.10126582278481,1.4582278481012658,0.22784810126582278,2.779746835443038,0.6379746835443038,3.007594936708861,335.56,0.1898898799614619,497.060606060606,0.18106443943181127,335.56,0.18178567171295745,620.5090909090909,0.022562119081106422,691.369696969697,0.09546267400680249,0.7840909090909091,0.09090909090909091,274.56,264,497.060606060606,790,335.56,620.5090909090909,691.369696969697,207,24,264,264,0.3858268253310355,0.6750937166723077,0.8791662923367173,0.4881485768374526,0.4468510496501166,0.7794932484020854,0.406469749855112,0.40662398400166955,0.8065674704976912,0.7623699968484084,0.994429970353068,0.0402928757524032,0.2183536305952321,0.5562930665627853,0.5086021022369958,0.20407717661994423,0.9321540309446514,0.14602102920965948,0.02842820220032798,0.10533290196586335,0.3444843509492047,0.8241411913016073,0.43774144281735694,0.28505974305992277,0.5460825766956455,0.4364687932383934,0.5026784259565209,0.5408217699467427,0.5556928965566764,0.5279163627113468,0.6233298955152561,0.5119662601648649,0.4994043012061814,0.453301692778582,0.6053406351782851,0.544010543161639,https://a.espncdn.com/i/headshots/wnba/players/full/4038379.png
2026,4065760,Tyasha Harris,G,5,Fever,35,2026-05-09,2026-08-28,4,489,147,50,118,23,64,24,27,5,33,38,69,10,5,18,39,8109,1365,2777,1055,733,905,311,1018,1329,536,336,922,1258,13.971428571428572,4.2,1.0857142857142856,1.9714285714285715,0.2857142857142857,0.14285714285714285,0.5142857142857142,0.14285714285714285,0.9428571428571428,0.423728813559322,0.359375,0.8888888888888888,0.5211864406779662,0.5659069910686788,10.822085889570552,2.7975460122699385,5.079754601226994,0.7361963190184049,0.36809815950920244,1.3251533742331287,0.36809815950920244,2.4294478527607364,147.88,0.13215497575239005,361.5704772475028,0.19083416468421455,147.88,0.12172031376791993,371.7702552719201,0.013449166330810681,408.2537920828709,0.08083207220596098,0.5423728813559322,0.2288135593220339,129.88,118,361.5704772475028,489,147.88,371.7702552719201,408.2537920828709,64,27,118,118,0.032026461028337075,0.5442336307148011,0.5901536250112299,0.5242423232869519,0.07483219879087923,0.3569566545232434,0.1782430079956765,0.22756852251904766,0.5538224730631093,0.8518751969744721,0.8153804689605606,0.3340670200341389,0.2183536305952321,0.5562930665627853,0.5086021022369958,0.20407717661994423,0.9321540309446514,0.14602102920965948,0.02842820220032798,0.10533290196586335,0.3444843509492047,0.8241411913016073,0.43774144281735694,0.28505974305992277,0.5460825766956455,0.4364687932383934,0.5026784259565209,0.5408217699467427,0.5556928965566764,0.5279163627113468,0.6233298955152561,0.5119662601648649,0.4994043012061814,0.453301692778582,0.6053406351782851,0.544010543161639,https://a.espncdn.com/i/headshots/wnba/players/full/4065760.png
2026,4065780,Kaila Charles,G,129689,Valkyries,40,2026-05-08,2026-08-30,9,787,246,91,219,25,89,39,50,61,116,177,55,30,9,39,93,8000,1156,2720,1223,569,731,363,952,1315,413,314,983,1297,19.675,6.15,4.425,1.375,0.75,0.225,0.975,1.525,2.9,0.4155251141552511,0.2808988764044944,0.78,0.4726027397260274,0.5103734439834025,11.252858958068614,8.096569250317662,2.5158831003811946,1.372299872935197,0.41168996188055906,1.7839898348157561,2.790343074968234,5.306226175349428,280,0.1647784769648958,477.60749999999996,0.115157320603215,280,0.1392857142857143,662.06375,0.09213614247872655,622.71375,0.18628141742494042,0.4063926940639269,0.228310502283105,241,219,477.60749999999996,787,280,662.06375,622.71375,89,50,219,219,0.12464415043301848,0.25672939989398996,0.2597700116790944,0.20393643436626946,0.3354596087018613,0.4623126676992212,0.9988159786013792,0.9793909085405921,0.08353001539250898,0.21478096438701544,0.47259904770460875,0.32719432216332767,0.2183536305952321,0.5562930665627853,0.5086021022369958,0.20407717661994423,0.9321540309446514,0.14602102920965948,0.02842820220032798,0.10533290196586335,0.3444843509492047,0.8241411913016073,0.43774144281735694,0.28505974305992277,0.5460825766956455,0.4364687932383934,0.5026784259565209,0.5408217699467427,0.5556928965566764,0.5279163627113468,0.6233298955152561,0.5119662601648649,0.4994043012061814,0.453301692778582,0.6053406351782851,0.544010543161639,https://a.espncdn.com/i/headshots/wnba/players/full/4065780.png
2026,4065870,Jackie Young,G,17,Aces,41,2026-05-09,2026-08-28,40,1306,771,276,570,95,246,124,133,29,146,175,268,35,11,95,87,8252,1349,2810,979,667,821,320,1053,1373,487,344,1041,1385,31.853658536585368,18.804878048780488,4.2682926829268295,6.536585365853658,0.8536585365853658,0.2682926829268293,2.317073170731707,0.7073170731707317,3.5609756097560976,0.4842105263157895,0.3861788617886179,0.9323308270676691,0.5675438596491228,0.6133456373703303,21.252679938744258,4.823889739663094,7.387442572741194,0.9647779479326187,0.30321592649310875,2.6186830015313936,0.7993874425727412,4.024502297090352,723.52,0.24993345028650674,791.4951526902569,0.3385996731490773,723.52,0.13130252100840337,1076.9910324769753,0.02692687230022965,1105.4786718371304,0.1320694860239783,0.43157894736842106,0.23333333333333334,628.52,570,791.4951526902569,1306,723.52,1076.9910324769753,1105.4786718371304,246,133,570,570,0.7056824131236229,0.8650400091960483,0.8663642080675591,0.9065382595480169,0.4878849907173799,0.39803887349752404,0.6201104929128225,0.8320887011955411,0.7853258081067214,0.9751024267254964,0.5789237265295122,0.37346150390800464,0.2183536305952321,0.5562930665627853,0.5086021022369958,0.20407717661994423,0.9321540309446514,0.14602102920965948,0.02842820220032798,0.10533290196586335,0.3444843509492047,0.8241411913016073,0.43774144281735694,0.28505974305992277,0.5460825766956455,0.4364687932383934,0.5026784259565209,0.5408217699467427,0.5556928965566764,0.5279163627113468,0.6233298955152561,0.5119662601648649,0.4994043012061814,0.453301692778582,0.6053406351782851,0.544010543161639,https://a.espncdn.com/i/headshots/wnba/players/full/4065870.png
2026,4066533,Sabrina Ionescu,G,9,Liberty,28,2026-05-24,2026-08-29,27,854,433,146,361,57,189,84,94,21,92,113,133,18,9,77,49,8250,1270,2758,1191,731,861,338,1115,1453,554,329,958,1287,30.5,15.464285714285714,4.035714285714286,4.75,0.6428571428571429,0.32142857142857145,2.75,0.75,3.2857142857142856,0.40443213296398894,0.30158730158730157,0.8936170212765957,0.48337950138504154,0.5380753554031216,18.252927400468383,4.763466042154567,5.60655737704918,0.7587822014051522,0.3793911007025761,3.2459016393442623,0.8852459016393442,3.8782201405152223,479.36,0.2509358125592628,511.32121212121217,0.260110468424047,479.36,0.1606308411214953,670.7781818181818,0.03130692167577413,747.3793939393939,0.12309678423842177,0.5235457063711911,0.26038781163434904,402.36,361,511.32121212121217,854,479.36,670.7781818181818,747.3793939393939,189,94,361,361,0.7220214982221156,0.3381639195601224,0.3487557272482257,0.7128967564722953,0.27035432633566586,0.688383488580092,0.679939028275181,0.7780705418182479,0.20790148794253463,0.8838638512448787,0.7934597071242476,0.45162159734076,0.2183536305952321,0.5562930665627853,0.5086021022369958,0.20407717661994423,0.9321540309446514,0.14602102920965948,0.02842820220032798,0.10533290196586335,0.3444843509492047,0.8241411913016073,0.43774144281735694,0.28505974305992277,0.5460825766956455,0.4364687932383934,0.5026784259565209,0.5408217699467427,0.5556928965566764,0.5279163627113468,0.6233298955152561,0.5119662601648649,0.4994043012061814,0.453301692778582,0.6053406351782851,0.544010543161639,https://a.espncdn.com/i/headshots/wnba/players/full/4066533.png
2026,4066546,Nadia Fingall,C,129689,Valkyries,9,2026-06-21,2026-08-30,0,29,11,4,6,1,3,2,2,3,2,5,2,0,0,1,1,8000,1156,2720,1223,569,731,363,952,1315,413,314,983,1297,3.2222222222222223,1.2222222222222223,0.5555555555555556,0.2222222222222222,0,0,0.1111111111111111,0.3333333333333333,0.2222222222222222,0.6666666666666666,0.3333333333333333,1,0.75,0.7994186046511628,13.655172413793103,6.206896551724138,2.4827586206896552,0,0,1.2413793103448276,3.7241379310344827,2.4827586206896552,7.88,0.12584773541950975,16.952499999999997,0.11797669960182866,7.88,0.12690355329949238,24.39625,0.12296971870676847,22.94625,0.08716021136351255,0.5,0.3333333333333333,6.88,6,16.952499999999997,29,7.88,24.39625,22.94625,3,2,6,6,0.04374546064025923,1,1,0.47931890959876433,0.0033116969134984768,0.31190569305547794,0.9729596819854256,0.0018796585504833481,0.22866894197952217,1,0.9573788959819752,0.42752534735260983,0.2301817032026182,0.5835746591611622,0.5419639504318438,0.12732307217240074,0.6806470117654635,0.14148835130454215,0.08404596441834357,0.22810925115503222,0.35238907849829354,0.7512064343163539,0.22005257228689448,0.35016898235073224,0.5655136617832318,0.4125217927981165,0.400021804174288,0.5422970364883264,0.6292608719804802,0.4351423489147889,0.523775153269908,0.46241091424709707,0.3113508752614775,0.5153506875378362,0.586265792884571,0.4794253388732087,https://a.espncdn.com/i/headshots/wnba/players/full/4066546.png
2026,4066548,DiJonai Carrington,G,19,Sky,11,2026-07-30,2026-08-25,0,178,97,31,94,7,25,28,38,5,29,34,7,7,2,9,22,8057,1232,2791,931,708,924,317,1015,1332,505,365,1110,1475,16.181818181818183,8.818181818181818,3.090909090909091,0.6363636363636364,0.6363636363636364,0.18181818181818182,0.8181818181818182,0.45454545454545453,2.6363636363636362,0.32978723404255317,0.28,0.7368421052631579,0.3670212765957447,0.4380419075144509,19.617977528089888,6.876404494382022,1.4157303370786516,1.4157303370786516,0.4044943820224719,1.8202247191011236,1.0112359550561798,5.865168539325842,119.72,0.2927170098890583,105.09035621198956,0.06660934696880762,119.72,0.07517540928833946,157.63063174878985,0.03171972315614592,152.43887302966363,0.1902401888943169,0.26595744680851063,0.40425531914893614,110.72,94,105.09035621198956,178,119.72,157.63063174878985,152.43887302966363,25,38,94,94,0.9042287471913788,0.037692622087119786,0.022594555745216065,0.03329972192095234,0.2568032877929579,0.014092188215789359,0.6829465151693556,0.9981002500925423,0.07439712673165726,0.09943271352032776,0.10255143293504626,0.854909711616207,0.2183536305952321,0.5562930665627853,0.5086021022369958,0.20407717661994423,0.9321540309446514,0.14602102920965948,0.02842820220032798,0.10533290196586335,0.3444843509492047,0.8241411913016073,0.43774144281735694,0.28505974305992277,0.5460825766956455,0.4364687932383934,0.5026784259565209,0.5408217699467427,0.5556928965566764,0.5279163627113468,0.6233298955152561,0.5119662601648649,0.4994043012061814,0.453301692778582,0.6053406351782851,0.544010543161639,https://a.espncdn.com/i/headshots/wnba/players/full/4066548.png
2026,4068042,Natasha Mack,F,11,Mercury,32,2026-05-09,2026-08-29,23,714,269,115,190,2,8,37,48,74,144,218,39,25,38,29,78,8033,1166,2623,963,720,915,276,986,1262,518,312,1051,1363,22.3125,8.40625,6.8125,1.21875,0.78125,1.1875,0.90625,2.3125,4.5,0.6052631578947368,0.25,0.7708333333333334,0.6105263157894737,0.6370784388025768,13.563025210084033,10.991596638655462,1.9663865546218486,1.2605042016806722,1.915966386554622,1.4621848739495797,3.73109243697479,7.260504201680672,240.12,0.15247308676264273,403.1899663886469,0.09672859756238758,240.12,0.12077294685990338,589.7410680941118,0.12547879739687887,576.8529814515125,0.24963032978985122,0.042105263157894736,0.25263157894736843,211.12,190,403.1899663886469,714,240.12,589.7410680941118,576.8529814515125,8,48,190,190,0.17215953476260742,0.9613611665697895,0.9619498887213727,0.35835575096291145,0.5230107229969165,0.33662442496311085,0.8807818877910897,0.8717469861939989,0.11450044208664899,0.583314020857474,0.11163759063823678,0.37533204106540313,0.20109525277908555,0.5576019105865703,0.517768684040491,0.12420123916161148,0.8692183950177319,0.141372276712091,0.07306816022078576,0.18544112394679418,0.3297966401414677,0.747856315179606,0.32479000646133965,0.3097853399382583,0.48257248911195416,0.4131951780434178,0.48278876487058314,0.6239137397863301,0.5937270061966523,0.5531904399638512,0.6316023323871088,0.5313139682280483,0.4814167576845061,0.5735587212868926,0.48200833639507923,0.518404682570853,https://a.espncdn.com/i/headshots/wnba/players/full/4068042.png
2026,4068104,Peyton Williams,F,11,Mercury,1,2026-05-09,2026-05-09,0,6,0,0,1,0,0,0,0,0,0,0,2,0,1,0,0,8033,1166,2623,963,720,915,276,986,1262,518,312,1051,1363,6,0,0,2,0,1,0,0,0,0,NA,NA,0,0,0,0,12,0,6,0,0,0,1,0.0755634571245814,4.354537532677705,0.45929102344196676,1,0,4.955807294908503,0,4.8475040458110294,0,0,0,1,1,4.354537532677705,6,1,4.955807294908503,4.8475040458110294,0,0,1,1,0.004224893672424269,6.318077282721322e-5,7.179266278986288e-5,1,1.3806433798149937e-4,9.634580331568442e-4,1.3763273335146842e-4,1.351566078171447e-4,NA,NA,0.0038050111278627326,7.179266278986288e-5,0.20109525277908555,0.5576019105865703,0.517768684040491,0.12420123916161148,0.8692183950177319,0.141372276712091,0.07306816022078576,0.18544112394679418,0.3297966401414677,0.747856315179606,0.32479000646133965,0.3097853399382583,0.48257248911195416,0.4131951780434178,0.48278876487058314,0.6239137397863301,0.5937270061966523,0.5531904399638512,0.6316023323871088,0.5313139682280483,0.4814167576845061,0.5735587212868926,0.48200833639507923,0.518404682570853,https://a.espncdn.com/i/headshots/wnba/players/full/4068104.png
2026,4068159,Sug Sutton,G,3,Wings,25,2026-05-14,2026-08-30,2,260,84,34,74,7,26,9,14,2,19,21,50,9,2,21,21,8051,1325,2836,952,584,738,340,1031,1371,438,336,1006,1342,10.4,3.36,0.84,2,0.36,0.08,0.84,0.08,0.76,0.4594594594594595,0.2692307692307692,0.6428571428571429,0.5067567567567568,0.5239520958083833,11.63076923076923,2.9076923076923076,6.923076923076923,1.2461538461538462,0.27692307692307694,2.9076923076923076,0.27692307692307694,2.6307692307692307,101.16,0.17408735926620061,179.9485778164203,0.2778571556759339,101.16,0.20759193357058126,217.3394609365296,0.00920219453651846,220.7303440566389,0.08607787969163244,0.35135135135135137,0.1891891891891892,80.16,74,179.9485778164203,260,101.16,217.3394609365296,220.7303440566389,26,14,74,74,0.2358437315939879,0.3135852454514685,0.48167280567783666,0.7667322003572999,0.12530743720347187,0.9433940140921881,0.057909469324440625,0.2720034871706436,0.07183170856849666,0.04916482823826032,0.2485401131973767,0.21574880963076093,0.2183536305952321,0.5562930665627853,0.5086021022369958,0.20407717661994423,0.9321540309446514,0.14602102920965948,0.02842820220032798,0.10533290196586335,0.3444843509492047,0.8241411913016073,0.43774144281735694,0.28505974305992277,0.5460825766956455,0.4364687932383934,0.5026784259565209,0.5408217699467427,0.5556928965566764,0.5279163627113468,0.6233298955152561,0.5119662601648649,0.4994043012061814,0.453301692778582,0.6053406351782851,0.544010543161639,https://a.espncdn.com/i/headshots/wnba/players/full/4068159.png
2026,4068161,Joyner Holmes,F,14,Storm,1,2026-05-22,2026-05-22,0,15,2,1,4,0,1,0,0,1,4,5,1,0,3,2,1,8030,1187,2788,1060,602,756,345,1017,1362,563,390,1064,1454,15,2,5,1,0,3,2,1,4,0.25,0,NA,0.25,0.25,4.8,12,2.4,0,7.2,4.8,2.4,9.6,6,0.17439272024410638,10.086550435865503,0.09914192234088526,6,0.3333333333333333,13.160024906600247,0.07598769813106222,13.141344956413448,0.3043828476664298,0.25,0,4,4,10.086550435865503,15,6,13.160024906600247,13.141344956413448,1,0,4,4,0.31544787778838645,0.001437994389547373,0.0015076459185871204,0.3606088073416329,4.8322518293524784e-4,0.9990061626594914,0.6537634373218858,0.9860915260681203,2.2104332449160034e-4,NA,0.391628975518702,3.5896331394931437e-4,0.20109525277908555,0.5576019105865703,0.517768684040491,0.12420123916161148,0.8692183950177319,0.141372276712091,0.07306816022078576,0.18544112394679418,0.3297966401414677,0.747856315179606,0.32479000646133965,0.3097853399382583,0.48257248911195416,0.4131951780434178,0.48278876487058314,0.6239137397863301,0.5937270061966523,0.5531904399638512,0.6316023323871088,0.5313139682280483,0.4814167576845061,0.5735587212868926,0.48200833639507923,0.518404682570853,https://a.espncdn.com/i/headshots/wnba/players/full/4068161.png
2026,4068346,Kamiah Smalls,F,132052,Fire,2,2026-05-12,2026-05-14,1,30,15,5,10,4,7,1,1,0,0,0,6,0,0,4,2,8113,1232,2727,1188,585,724,317,893,1210,563,387,978,1365,15,7.5,0,3,0,0,2,0,0,0.5,0.5714285714285714,1,0.7,0.7183908045977012,18,0,7.2,0,0,4.8,0,0,14.44,0.21643300005172883,17.77825711820535,0.3374909002669255,14.44,0.2770083102493075,23.94305435720449,0,23.66572168125231,0,0.7,0.1,10.44,10,17.77825711820535,30,14.44,23.94305435720449,23.66572168125231,7,1,10,10,0.5836233833868588,0.9989562536328944,0.9990666953837318,0.9733206423383316,0.0011735468728427446,0.9945642739345545,8.025794957791385e-4,7.949969367276008e-4,0.9986737400530504,0.9955967555040556,0.9929643190465934,0.037403977313518556,0.20109525277908555,0.5576019105865703,0.517768684040491,0.12420123916161148,0.8692183950177319,0.141372276712091,0.07306816022078576,0.18544112394679418,0.3297966401414677,0.747856315179606,0.32479000646133965,0.3097853399382583,0.48257248911195416,0.4131951780434178,0.48278876487058314,0.6239137397863301,0.5937270061966523,0.5531904399638512,0.6316023323871088,0.5313139682280483,0.4814167576845061,0.5735587212868926,0.48200833639507923,0.518404682570853,https://a.espncdn.com/i/headshots/wnba/players/full/4068346.png
2026,4257500,Cecilia Zandalasini,F,129689,Valkyries,35,2026-05-08,2026-08-27,32,671,309,114,287,47,144,34,41,11,65,76,62,30,6,48,69,8000,1156,2720,1223,569,731,363,952,1315,413,314,983,1297,19.17142857142857,8.82857142857143,2.1714285714285713,1.7714285714285714,0.8571428571428571,0.17142857142857143,1.3714285714285714,0.3142857142857143,1.8571428571428572,0.397212543554007,0.3263888888888889,0.8292682926829268,0.47909407665505227,0.5064909520062942,16.578241430700448,4.0774962742175855,3.3263785394932937,1.6095380029806259,0.32190760059612517,2.5752608047690013,0.5901639344262295,3.4873323397913563,353.04,0.24367926703507303,370.7975,0.16720716833311983,353.04,0.13596193065941536,564.47875,0.019487004603804838,530.92875,0.12242697348749713,0.5017421602787456,0.14285714285714285,305.04,287,370.7975,671,353.04,564.47875,530.92875,144,41,287,287,0.7974589879350752,0.1519244863403169,0.32823605427525304,0.835428123547949,0.5888904229370887,0.48005815467407353,0.04286037326820396,0.14072318514952534,0.47524314765694076,0.7559675550405562,0.7562639098284155,0.08263335487113217,0.20109525277908555,0.5576019105865703,0.517768684040491,0.12420123916161148,0.8692183950177319,0.141372276712091,0.07306816022078576,0.18544112394679418,0.3297966401414677,0.747856315179606,0.32479000646133965,0.3097853399382583,0.48257248911195416,0.4131951780434178,0.48278876487058314,0.6239137397863301,0.5937270061966523,0.5531904399638512,0.6316023323871088,0.5313139682280483,0.4814167576845061,0.5735587212868926,0.48200833639507923,0.518404682570853,https://a.espncdn.com/i/headshots/wnba/players/full/4257500.png
2026,4280850,Maya Caldwell,G,8,Lynx,40,2026-05-09,2026-08-30,3,550,160,55,147,28,75,22,27,31,55,86,40,25,7,28,54,8008,1359,2820,946,564,697,370,1003,1373,497,376,938,1314,13.75,4,2.15,1,0.625,0.175,0.7,0.775,1.375,0.3741496598639456,0.37333333333333335,0.8148148148148148,0.46938775510204084,0.5035246727089627,10.472727272727273,5.629090909090909,2.618181818181818,1.6363636363636365,0.4581818181818182,1.8327272727272728,2.0290909090909093,3.6,186.88,0.15017732250088306,411.68956043956047,0.09716058856894998,186.88,0.1498287671232877,449.1758241758242,0.06901529051987768,473.5576923076923,0.11614213197969543,0.5102040816326531,0.1836734693877551,158.88,147,411.68956043956047,550,186.88,449.1758241758242,473.5576923076923,75,27,147,147,0.07404806832311686,0.18625510093301573,0.22280118587727968,0.13124366200016743,0.2539788324526745,0.5840254902816255,0.9671133847418899,0.6442387472196286,0.6867111339148281,0.4161676646706587,0.7131883927769292,0.21121193064414698,0.2183536305952321,0.5562930665627853,0.5086021022369958,0.20407717661994423,0.9321540309446514,0.14602102920965948,0.02842820220032798,0.10533290196586335,0.3444843509492047,0.8241411913016073,0.43774144281735694,0.28505974305992277,0.5460825766956455,0.4364687932383934,0.5026784259565209,0.5408217699467427,0.5556928965566764,0.5279163627113468,0.6233298955152561,0.5119662601648649,0.4994043012061814,0.453301692778582,0.6053406351782851,0.544010543161639,https://a.espncdn.com/i/headshots/wnba/players/full/4280850.png
2026,4280877,Chloe Bibby,F,8,Lynx,7,2026-07-15,2026-08-30,0,69,29,11,27,5,17,2,2,0,4,4,6,2,3,6,7,8008,1359,2820,946,564,697,370,1003,1373,497,376,938,1314,9.857142857142858,4.142857142857143,0.5714285714285714,0.8571428571428571,0.2857142857142857,0.42857142857142855,0.8571428571428571,0,0.5714285714285714,0.4074074074074074,0.29411764705882354,1,0.5,0.5200860832137734,15.130434782608695,2.0869565217391304,3.130434782608696,1.0434782608695652,1.565217391304348,3.130434782608696,0,2.0869565217391304,33.879999999999995,0.21701938680959765,47.54832667332668,0.12618740594641867,33.879999999999995,0.17709563164108622,56.35114885114886,0,59.40996503496504,0.06732877216214227,0.6296296296296297,0.07407407407407407,27.88,27,47.54832667332668,69,33.879999999999995,56.35114885114886,59.40996503496504,17,2,27,27,0.5854613314816423,0.2649270893881574,0.395290401320985,0.6330843780236246,0.055685949652538085,0.7952499783004948,0.0023675642061102265,0.03507644432756401,0.27365163572060125,0.9960602549246813,0.9698470816282576,0.02189676215090818,0.20109525277908555,0.5576019105865703,0.517768684040491,0.12420123916161148,0.8692183950177319,0.141372276712091,0.07306816022078576,0.18544112394679418,0.3297966401414677,0.747856315179606,0.32479000646133965,0.3097853399382583,0.48257248911195416,0.4131951780434178,0.48278876487058314,0.6239137397863301,0.5937270061966523,0.5531904399638512,0.6316023323871088,0.5313139682280483,0.4814167576845061,0.5735587212868926,0.48200833639507923,0.518404682570853,https://a.espncdn.com/i/headshots/wnba/players/full/4280877.png
2026,4280892,Chennedy Carter,G,17,Aces,14,2026-05-09,2026-07-05,0,244,177,67,114,11,22,32,42,10,16,26,20,13,4,18,35,8252,1349,2810,979,667,821,320,1053,1373,487,344,1041,1385,17.428571428571427,12.642857142857142,1.8571428571428572,1.4285714285714286,0.9285714285714286,0.2857142857142857,1.2857142857142858,0.7142857142857143,1.1428571428571428,0.5877192982456141,0.5,0.7619047619047619,0.6359649122807017,0.6680253623188406,26.114754098360656,3.8360655737704916,2.9508196721311477,1.9180327868852458,0.5901639344262295,2.6557377049180326,1.4754098360655739,2.360655737704918,150.48,0.2782312949557756,132.44013572467279,0.1510116241618599,150.48,0.11961722488038279,201.21425109064467,0.04969826911263416,206.5365971885603,0.07746811082295788,0.19298245614035087,0.3684210526315789,132.48,114,132.44013572467279,244,150.48,201.21425109064467,206.5365971885603,22,42,114,114,0.8278274361379551,0.9839180913090957,0.9928577845656276,0.3498229923244921,0.5518953999460497,0.33943276760978164,0.926396794368873,0.20297888194715727,0.9988712160082094,0.12448786637251812,0.02007905848531129,0.7334471296379481,0.2183536305952321,0.5562930665627853,0.5086021022369958,0.20407717661994423,0.9321540309446514,0.14602102920965948,0.02842820220032798,0.10533290196586335,0.3444843509492047,0.8241411913016073,0.43774144281735694,0.28505974305992277,0.5460825766956455,0.4364687932383934,0.5026784259565209,0.5408217699467427,0.5556928965566764,0.5279163627113468,0.6233298955152561,0.5119662601648649,0.4994043012061814,0.453301692778582,0.6053406351782851,0.544010543161639,https://a.espncdn.com/i/headshots/wnba/players/full/4280892.png
2026,4281190,Dana Evans,G,17,Aces,11,2026-07-12,2026-08-28,1,181,38,14,57,8,26,2,4,0,18,18,23,2,2,12,11,8252,1349,2810,979,667,821,320,1053,1373,487,344,1041,1385,16.454545454545453,3.4545454545454546,1.6363636363636365,2.090909090909091,0.18181818181818182,0.18181818181818182,1.0909090909090908,0,1.6363636363636365,0.24561403508771928,0.3076923076923077,0.5,0.3157894736842105,0.3233492171545269,7.558011049723757,3.5801104972375692,4.574585635359116,0.39779005524861877,0.39779005524861877,2.386740331491713,0,3.5801104972375692,70.75999999999999,0.1763706316281911,133.9453465826466,0.17171182565725493,70.75999999999999,0.16958733747880161,149.26139117789626,0,153.20952496364515,0.11748616807128141,0.45614035087719296,0.07017543859649122,58.76,57,133.9453465826466,181,70.75999999999999,149.26139117789626,153.20952496364515,26,4,57,57,0.2700039266159115,0.004218048521926827,0.004312281016979606,0.4471725368928801,0.02930769108709795,0.716847363713706,0.0034146302122308896,0.6840343967279191,0.22739866598255515,0.005988023952095809,0.6250561494924086,0.02340310843589974,0.2183536305952321,0.5562930665627853,0.5086021022369958,0.20407717661994423,0.9321540309446514,0.14602102920965948,0.02842820220032798,0.10533290196586335,0.3444843509492047,0.8241411913016073,0.43774144281735694,0.28505974305992277,0.5460825766956455,0.4364687932383934,0.5026784259565209,0.5408217699467427,0.5556928965566764,0.5279163627113468,0.6233298955152561,0.5119662601648649,0.4994043012061814,0.453301692778582,0.6053406351782851,0.544010543161639,https://a.espncdn.com/i/headshots/wnba/players/full/4281190.png
2026,4281929,Satou Sabally,F,9,Liberty,13,2026-05-21,2026-06-23,5,217,135,45,98,20,52,25,29,5,31,36,25,1,2,22,34,8250,1270,2758,1191,731,861,338,1115,1453,554,329,958,1287,16.692307692307693,10.384615384615385,2.769230769230769,1.9230769230769231,0.07692307692307693,0.15384615384615385,1.6923076923076923,0.38461538461538464,2.3846153846153846,0.45918367346938777,0.38461538461538464,0.8620689655172413,0.5612244897959183,0.6094257854821234,22.3963133640553,5.972350230414746,4.147465437788019,0.16589861751152074,0.3317972350230415,3.6497695852534564,0.8294930875576036,5.142857142857143,132.76,0.27350560788005396,122.0242424242424,0.20487732194298205,132.76,0.16571256402530884,170.44363636363636,0.02933521078682369,189.90787878787876,0.16323703996834193,0.5306122448979592,0.29591836734693877,110.76,98,122.0242424242424,217,132.76,170.44363636363636,189.90787878787876,52,29,98,98,0.9635361513757487,0.8555434810078597,0.7699763084212794,0.9434562578433384,0.014174605366100603,0.6898294418887251,0.09659965567185219,0.384535477390243,0.751105216622458,0.93279258400927,0.8291334625601263,0.5126714049824108,0.20109525277908555,0.5576019105865703,0.517768684040491,0.12420123916161148,0.8692183950177319,0.141372276712091,0.07306816022078576,0.18544112394679418,0.3297966401414677,0.747856315179606,0.32479000646133965,0.3097853399382583,0.48257248911195416,0.4131951780434178,0.48278876487058314,0.6239137397863301,0.5937270061966523,0.5531904399638512,0.6316023323871088,0.5313139682280483,0.4814167576845061,0.5735587212868926,0.48200833639507923,0.518404682570853,https://a.espncdn.com/i/headshots/wnba/players/full/4281929.png
2026,4281930,Anneli Maley,F,9,Liberty,8,2026-05-09,2026-08-29,0,70,6,1,15,1,6,3,4,5,6,11,2,5,1,1,14,8250,1270,2758,1191,731,861,338,1115,1453,554,329,958,1287,8.75,0.75,1.375,0.25,0.625,0.125,0.125,0.625,0.75,0.06666666666666667,0.16666666666666666,0.75,0.1,0.17899761336515513,3.085714285714286,5.6571428571428575,1.0285714285714285,2.5714285714285716,0.5142857142857142,0.5142857142857142,2.5714285714285716,3.085714285714286,17.76,0.11342365733236105,52.87878787878788,0.03782234957020057,17.76,0.0563063063063063,54.981818181818184,0.09093915343915343,61.260606060606065,0.09794222398100513,0.4,0.26666666666666666,16.76,15,52.87878787878788,70,17.76,54.981818181818184,61.260606060606065,6,4,15,15,0.025325492578769204,0.0011852712982385201,0.001220475267427669,0.019019900205970986,0.37599521376961664,0.01392674247027168,0.716074095376096,0.10203642990350056,0.019451812555260833,0.5703360370799536,0.5598391844353507,0.43621221911120683,0.20109525277908555,0.5576019105865703,0.517768684040491,0.12420123916161148,0.8692183950177319,0.141372276712091,0.07306816022078576,0.18544112394679418,0.3297966401414677,0.747856315179606,0.32479000646133965,0.3097853399382583,0.48257248911195416,0.4131951780434178,0.48278876487058314,0.6239137397863301,0.5937270061966523,0.5531904399638512,0.6316023323871088,0.5313139682280483,0.4814167576845061,0.5735587212868926,0.48200833639507923,0.518404682570853,https://a.espncdn.com/i/headshots/wnba/players/full/4281930.png
2026,4282168,Kiana Williams,G,131935,Tempo,24,2026-05-09,2026-08-29,0,311,98,35,100,19,67,9,12,1,9,10,29,9,1,20,26,8036,1194,2712,1119,674,834,337,934,1271,558,400,984,1384,12.958333333333334,4.083333333333333,0.4166666666666667,1.2083333333333333,0.375,0.041666666666666664,0.8333333333333334,0.041666666666666664,0.375,0.35,0.2835820895522388,0.75,0.445,0.4654255319148936,11.344051446945338,1.157556270096463,3.356913183279743,1.0418006430868167,0.1157556270096463,2.315112540192926,0.1157556270096463,1.0418006430868167,125.28,0.17801342444790821,196.04405176704827,0.14792593674027715,125.28,0.15964240102171137,255.61908909905426,0.003912070900199838,258.1346441015431,0.034865525436638595,0.67,0.12,105.28,100,196.04405176704827,311,125.28,255.61908909905426,258.1346441015431,67,12,100,100,0.27427412141968976,0.0459754516600783,0.09747551882130985,0.32702157963644707,0.13024230018565242,0.6342916275822953,0.013799198685817573,0.005461025425819178,0.1245767060030785,0.10683895367160416,0.9165393944838739,0.09958673973587279,0.2183536305952321,0.5562930665627853,0.5086021022369958,0.20407717661994423,0.9321540309446514,0.14602102920965948,0.02842820220032798,0.10533290196586335,0.3444843509492047,0.8241411913016073,0.43774144281735694,0.28505974305992277,0.5460825766956455,0.4364687932383934,0.5026784259565209,0.5408217699467427,0.5556928965566764,0.5279163627113468,0.6233298955152561,0.5119662601648649,0.4994043012061814,0.453301692778582,0.6053406351782851,0.544010543161639,https://a.espncdn.com/i/headshots/wnba/players/full/4282168.png
2026,4282173,Michaela Onyenwere,F,16,Mystics,36,2026-05-24,2026-08-28,36,906,320,106,241,50,125,58,70,51,46,97,61,16,6,59,92,8150,1170,2604,781,729,996,410,1094,1504,601,304,893,1197,25.166666666666668,8.88888888888889,2.6944444444444446,1.6944444444444444,0.4444444444444444,0.16666666666666666,1.6388888888888888,1.4166666666666667,1.2777777777777777,0.43983402489626555,0.4,0.8285714285714286,0.5435684647302904,0.5886681383370125,12.71523178807947,3.8543046357615895,2.423841059602649,0.6357615894039735,0.23841059602649006,2.3443708609271523,2.0264900662251657,1.8278145695364238,330.8,0.16335676564534787,544.319018404908,0.1120666336053379,330.8,0.17835550181378476,724.2441717791411,0.07041824012848596,777.0478527607362,0.059198413375146454,0.5186721991701245,0.29045643153526973,271.8,241,544.319018404908,906,330.8,724.2441717791411,777.0478527607362,125,70,241,241,0.23676981164829447,0.7115368091182491,0.6006174168999928,0.5007505368700006,0.17078558608311473,0.818694123773978,0.6118628328665088,0.03341999406599077,0.9257294429708223,0.7464658169177288,0.8014932873860291,0.5056357240290043,0.20109525277908555,0.5576019105865703,0.517768684040491,0.12420123916161148,0.8692183950177319,0.141372276712091,0.07306816022078576,0.18544112394679418,0.3297966401414677,0.747856315179606,0.32479000646133965,0.3097853399382583,0.48257248911195416,0.4131951780434178,0.48278876487058314,0.6239137397863301,0.5937270061966523,0.5531904399638512,0.6316023323871088,0.5313139682280483,0.4814167576845061,0.5735587212868926,0.48200833639507923,0.518404682570853,https://a.espncdn.com/i/headshots/wnba/players/full/4282173.png
2026,4336633,Li Yueru,C,3,Wings,29,2026-05-09,2026-08-30,0,295,97,27,70,8,33,35,48,25,51,76,13,4,8,19,42,8051,1325,2836,952,584,738,340,1031,1371,438,336,1006,1342,10.172413793103448,3.3448275862068964,2.6206896551724137,0.4482758620689655,0.13793103448275862,0.27586206896551724,0.6551724137931034,0.8620689655172413,1.7586206896551724,0.38571428571428573,0.24242424242424243,0.7291666666666666,0.44285714285714284,0.5322651448639157,11.837288135593221,9.27457627118644,1.5864406779661018,0.488135593220339,0.976271186440678,2.31864406779661,3.0508474576271185,6.223728813559322,110.12,0.16702287366958346,215.74934790709227,0.060255106799201846,110.12,0.17253904831093353,246.5966960626009,0.1013801093006271,250.44404421810952,0.20363830235701091,0.4714285714285714,0.6857142857142857,91.12,70,215.74934790709227,295,110.12,246.5966960626009,250.44404421810952,33,48,70,70,0.19168668640706185,0.10764975758956169,0.04712730003755163,0.06296795773024379,0.029209166777056563,0.893435387451813,0.834748323467518,0.39570206132083874,0.03668941979522184,0.35335120643431633,0.8007885843034172,0.9979346601577168,0.2301817032026182,0.5835746591611622,0.5419639504318438,0.12732307217240074,0.6806470117654635,0.14148835130454215,0.08404596441834357,0.22810925115503222,0.35238907849829354,0.7512064343163539,0.22005257228689448,0.35016898235073224,0.5655136617832318,0.4125217927981165,0.400021804174288,0.5422970364883264,0.6292608719804802,0.4351423489147889,0.523775153269908,0.46241091424709707,0.3113508752614775,0.5153506875378362,0.586265792884571,0.4794253388732087,https://a.espncdn.com/i/headshots/wnba/players/full/4336633.png
2026,4337216,Han Xu,C,9,Liberty,40,2026-05-08,2026-08-29,2,558,257,97,191,35,87,28,33,31,72,103,28,13,26,19,39,8250,1270,2758,1191,731,861,338,1115,1453,554,329,958,1287,13.95,6.425,2.575,0.7,0.325,0.65,0.475,0.775,1.8,0.5078534031413613,0.40229885057471265,0.8484848484848485,0.599476439790576,0.6252432853250292,16.580645161290324,6.645161290322581,1.8064516129032258,0.8387096774193549,1.6774193548387097,1.2258064516129032,2,4.645161290322581,224.52,0.17987862540951427,332.4909090909091,0.08421282878547602,224.52,0.08462497773026902,438.2836363636364,0.07073045267489711,488.3345454545455,0.14743990706817978,0.45549738219895286,0.17277486910994763,205.52,191,332.4909090909091,558,224.52,438.2836363636364,488.3345454545455,87,33,191,191,0.2835689144644952,0.8585103959912797,0.9318437852046564,0.19188964306816997,0.14167439395946482,0.08955807587016035,0.2440105288403147,0.08633573222104617,0.9138225255972696,0.84343163538874,0.7876455125797972,0.13424708974840405,0.2301817032026182,0.5835746591611622,0.5419639504318438,0.12732307217240074,0.6806470117654635,0.14148835130454215,0.08404596441834357,0.22810925115503222,0.35238907849829354,0.7512064343163539,0.22005257228689448,0.35016898235073224,0.5655136617832318,0.4125217927981165,0.400021804174288,0.5422970364883264,0.6292608719804802,0.4351423489147889,0.523775153269908,0.46241091424709707,0.3113508752614775,0.5153506875378362,0.586265792884571,0.4794253388732087,https://a.espncdn.com/i/headshots/wnba/players/full/4337216.png
2026,4398577,Miela Sowah,G,129689,Valkyries,6,2026-05-08,2026-08-30,0,21,2,1,9,0,7,0,0,1,4,5,0,0,0,2,2,8000,1156,2720,1223,569,731,363,952,1315,413,314,983,1297,3.5,0.3333333333333333,0.8333333333333334,0,0,0,0.3333333333333333,0.16666666666666666,0.6666666666666666,0.1111111111111111,0,NA,0.1111111111111111,0.1111111111111111,3.4285714285714284,8.571428571428571,0,0,0,3.4285714285714284,1.7142857142857142,6.857142857142857,11,0.24259987671515354,14.1725,0,11,0.18181818181818182,17.666249999999998,0.056605108611052155,16.61625,0.24072820281351084,0.7777777777777778,0,9,9,14.1725,21,11,17.666249999999998,16.61625,7,0,9,9,0.6696693462184506,7.583546736999406e-4,9.433114724642889e-4,3.618520937878343e-4,3.332222592469177e-4,0.7798681856853035,0.9356785644409751,0.9991146230669448,7.183170856849666e-4,NA,0.9788428712604438,4.042763453418381e-4,0.2183536305952321,0.5562930665627853,0.5086021022369958,0.20407717661994423,0.9321540309446514,0.14602102920965948,0.02842820220032798,0.10533290196586335,0.3444843509492047,0.8241411913016073,0.43774144281735694,0.28505974305992277,0.5460825766956455,0.4364687932383934,0.5026784259565209,0.5408217699467427,0.5556928965566764,0.5279163627113468,0.6233298955152561,0.5119662601648649,0.4994043012061814,0.453301692778582,0.6053406351782851,0.544010543161639,https://a.espncdn.com/i/headshots/wnba/players/full/4398577.png
2026,4398674,Rhyne Howard,G,20,Dream,40,2026-05-09,2026-08-30,39,1370,723,234,576,130,360,125,142,27,123,150,144,93,35,56,114,8034,1254,2855,1092,770,979,437,985,1422,524,258,967,1225,34.25,18.075,3.75,3.6,2.325,0.875,1.4,0.675,3.075,0.40625,0.3611111111111111,0.8802816901408451,0.5190972222222222,0.566188447562962,18.9985401459854,3.9416058394160585,3.783941605839416,2.4437956204379563,0.9197080291970803,1.4715328467153284,0.7094890510948905,3.232116788321168,694.48,0.21379787358293273,835.193427931292,0.17241514981347086,694.48,0.08063587144338209,1197.0873786407767,0.022554744525547444,1059.8145382125965,0.11605804182252731,0.625,0.2465277777777778,638.48,576,835.193427931292,1370,694.48,1197.0873786407767,1059.8145382125965,360,142,576,576,0.5215404877729544,0.5697175408234294,0.5604168538316414,0.46849668511053943,1,0.04492430357103902,0.39463085193329633,0.6352055697514962,0.5907644946126218,0.7847462968799244,0.8898571556913125,0.4220195849429521,0.2183536305952321,0.5562930665627853,0.5086021022369958,0.20407717661994423,0.9321540309446514,0.14602102920965948,0.02842820220032798,0.10533290196586335,0.3444843509492047,0.8241411913016073,0.43774144281735694,0.28505974305992277,0.5460825766956455,0.4364687932383934,0.5026784259565209,0.5408217699467427,0.5556928965566764,0.5279163627113468,0.6233298955152561,0.5119662601648649,0.4994043012061814,0.453301692778582,0.6053406351782851,0.544010543161639,https://a.espncdn.com/i/headshots/wnba/players/full/4398674.png
2026,4398729,Emily Engstler,F,132052,Fire,40,2026-05-09,2026-08-30,40,980,401,154,321,48,135,45,64,48,174,222,84,59,59,76,122,8113,1232,2727,1188,585,724,317,893,1210,563,387,978,1365,24.5,10.025,5.55,2.1,1.475,1.475,1.9,1.2,4.35,0.4797507788161994,0.35555555555555557,0.703125,0.5545171339563862,0.5742353075953717,14.730612244897959,8.155102040816326,3.085714285714286,2.16734693877551,2.16734693877551,2.7918367346938777,1.763265306122449,6.391836734693878,425.16,0.19507600974191527,590.0897325280414,0.14235123129516283,425.16,0.17875623294759618,782.1397756686798,0.06137010479867623,773.0802415875755,0.2250736607142857,0.4205607476635514,0.19937694704049844,349.16,321,590.0897325280414,980,425.16,782.1397756686798,773.0802415875755,135,64,321,321,0.47513670688308307,0.5834466375192701,0.7198650297939551,0.7019690461046986,0.8947489530121037,0.8417585279055638,0.46605553884378653,0.7188261898485266,0.6045534924845269,0.3480880648899189,0.6441237705506497,0.23253643477636585,0.20109525277908555,0.5576019105865703,0.517768684040491,0.12420123916161148,0.8692183950177319,0.141372276712091,0.07306816022078576,0.18544112394679418,0.3297966401414677,0.747856315179606,0.32479000646133965,0.3097853399382583,0.48257248911195416,0.4131951780434178,0.48278876487058314,0.6239137397863301,0.5937270061966523,0.5531904399638512,0.6316023323871088,0.5313139682280483,0.4814167576845061,0.5735587212868926,0.48200833639507923,0.518404682570853,https://a.espncdn.com/i/headshots/wnba/players/full/4398729.png
2026,4398764,Rae Burrell,G,6,Sparks,39,2026-05-10,2026-08-30,31,1130,568,196,424,62,165,114,142,22,71,93,100,34,24,95,62,8029,1266,2726,1042,615,788,295,951,1246,580,383,1045,1428,28.974358974358974,14.564102564102564,2.3846153846153846,2.5641025641025643,0.8717948717948718,0.6153846153846154,2.4358974358974357,0.5641025641025641,1.8205128205128205,0.46226415094339623,0.37575757575757573,0.8028169014084507,0.535377358490566,0.5837855615852655,18.09557522123894,2.9628318584070796,3.185840707964602,1.0831858407079646,0.7646017699115044,3.0265486725663715,0.7008849557522124,2.2619469026548673,581.48,0.22622021421980215,694.8830489475652,0.1439091083765174,581.48,0.16337621242347114,942.9567816664592,0.02333086778496896,938.734587121684,0.07563373180666304,0.3891509433962264,0.33490566037735847,486.48,424,694.8830489475652,1130,581.48,942.9567816664592,938.734587121684,165,142,424,424,0.5674328112388473,0.625572358211624,0.6800826520528255,0.3052081087498741,0.5058155218101903,0.708203355075151,0.42446073378490035,0.17284452071010573,0.7069266290405336,0.3449416955562559,0.3932710448297547,0.693423771449106,0.2183536305952321,0.5562930665627853,0.5086021022369958,0.20407717661994423,0.9321540309446514,0.14602102920965948,0.02842820220032798,0.10533290196586335,0.3444843509492047,0.8241411913016073,0.43774144281735694,0.28505974305992277,0.5460825766956455,0.4364687932383934,0.5026784259565209,0.5408217699467427,0.5556928965566764,0.5279163627113468,0.6233298955152561,0.5119662601648649,0.4994043012061814,0.453301692778582,0.6053406351782851,0.544010543161639,https://a.espncdn.com/i/headshots/wnba/players/full/4398764.png
2026,4398766,Zaay Green,G,131935,Tempo,3,2026-08-19,2026-08-29,0,30,7,3,8,1,5,0,0,0,2,2,1,1,0,2,3,8036,1194,2712,1119,674,834,337,934,1271,558,400,984,1384,10,2.3333333333333335,0.6666666666666666,0.3333333333333333,0.3333333333333333,0,0.6666666666666666,0,0.6666666666666666,0.375,0.2,NA,0.4375,0.4375,8.4,2.4,1.2,1.2,0,2.4,0,2.4,10,0.1473025090551816,19.28720756595321,0.051847837307732014,10,0.2,24.65778994524639,0,24.900447984071675,0.08031984007996003,0.625,0,8,8,19.28720756595321,30,10,24.65778994524639,24.900447984071675,5,0,8,8,0.06757596911062148,0.033273410009643074,0.07447668673075196,0.016591651368190134,0.10523476301550277,0.8646939966405618,0.0038850843319467813,0.21978102584055126,0.035608004104669064,NA,0.8902165124427275,7.636330967568054e-4,0.2183536305952321,0.5562930665627853,0.5086021022369958,0.20407717661994423,0.9321540309446514,0.14602102920965948,0.02842820220032798,0.10533290196586335,0.3444843509492047,0.8241411913016073,0.43774144281735694,0.28505974305992277,0.5460825766956455,0.4364687932383934,0.5026784259565209,0.5408217699467427,0.5556928965566764,0.5279163627113468,0.6233298955152561,0.5119662601648649,0.4994043012061814,0.453301692778582,0.6053406351782851,0.544010543161639,https://a.espncdn.com/i/headshots/wnba/players/full/4398766.png
2026,4398768,Nyara Sabally,F,131935,Tempo,24,2026-05-08,2026-08-12,20,574,295,108,205,20,51,59,82,43,83,126,41,24,21,38,65,8036,1194,2712,1119,674,834,337,934,1271,558,400,984,1384,23.916666666666668,12.291666666666666,5.25,1.7083333333333333,1,0.875,1.5833333333333333,1.7916666666666667,3.4583333333333335,0.526829268292683,0.39215686274509803,0.7195121951219512,0.5756097560975609,0.6118300978928157,18.501742160278745,7.902439024390244,2.5714285714285716,1.505226480836237,1.3170731707317074,2.3832752613240418,2.696864111498258,5.205574912891986,279.08,0.21485636355637674,318.42857142857144,0.12875729026469268,279.08,0.1361616740719507,471.7857142857143,0.09114307342922029,476.42857142857144,0.1742128935532234,0.24878048780487805,0.4,241.07999999999998,205,318.42857142857144,574,279.08,471.7857142857143,476.42857142857144,51,82,205,205,0.5623318288343025,0.8707751017210442,0.8757986933735372,0.6578946505447744,0.654724101431267,0.4951978994878917,0.7291765332937343,0.4833002290795081,0.8242705570291777,0.4101969872537659,0.39134180486754255,0.7379567808170006,0.20109525277908555,0.5576019105865703,0.517768684040491,0.12420123916161148,0.8692183950177319,0.141372276712091,0.07306816022078576,0.18544112394679418,0.3297966401414677,0.747856315179606,0.32479000646133965,0.3097853399382583,0.48257248911195416,0.4131951780434178,0.48278876487058314,0.6239137397863301,0.5937270061966523,0.5531904399638512,0.6316023323871088,0.5313139682280483,0.4814167576845061,0.5735587212868926,0.48200833639507923,0.518404682570853,https://a.espncdn.com/i/headshots/wnba/players/full/4398768.png
2026,4398776,NaLyssa Smith,F,17,Aces,39,2026-05-09,2026-08-23,39,943,453,187,295,1,8,78,136,88,162,250,35,24,25,34,123,8252,1349,2810,979,667,821,320,1053,1373,487,344,1041,1385,24.17948717948718,11.615384615384615,6.410256410256411,0.8974358974358975,0.6153846153846154,0.6410256410256411,0.8717948717948718,2.2564102564102564,4.153846153846154,0.6338983050847458,0.125,0.5735294117647058,0.635593220338983,0.6383158606695976,17.29374337221633,9.544008483563097,1.3361611876988335,0.9162248144220573,0.9544008483563097,1.2979851537645812,3.35949098621421,6.184517497348886,388.84000000000003,0.1860271200188194,583.7870819195346,0.05995336499210884,388.84000000000003,0.08743956383088158,777.6436015511391,0.11316237904416548,798.2131604459524,0.20295330624402694,0.02711864406779661,0.4610169491525424,354.84000000000003,295,583.7870819195346,943,388.84000000000003,777.6436015511391,798.2131604459524,8,136,295,295,0.3556201718600816,0.9837802319997979,0.98427740684902,0.08806398372494303,0.3743844631598325,0.1289254404999566,0.831582569730862,0.6069454894868166,0.0033156498673740055,0.06002317497103129,0.064398018522507,0.9050900997918013,0.20109525277908555,0.5576019105865703,0.517768684040491,0.12420123916161148,0.8692183950177319,0.141372276712091,0.07306816022078576,0.18544112394679418,0.3297966401414677,0.747856315179606,0.32479000646133965,0.3097853399382583,0.48257248911195416,0.4131951780434178,0.48278876487058314,0.6239137397863301,0.5937270061966523,0.5531904399638512,0.6316023323871088,0.5313139682280483,0.4814167576845061,0.5735587212868926,0.48200833639507923,0.518404682570853,https://a.espncdn.com/i/headshots/wnba/players/full/4398776.png
2026,4398829,Lexie Hull,G,5,Fever,40,2026-05-09,2026-08-28,37,766,215,77,177,32,92,29,35,36,89,125,28,22,7,30,108,8109,1365,2777,1055,733,905,311,1018,1329,536,336,922,1258,19.15,5.375,3.125,0.7,0.55,0.175,0.75,0.9,2.225,0.4350282485875706,0.34782608695652173,0.8285714285714286,0.5254237288135594,0.5587318087318087,10.10443864229765,5.87467362924282,1.3159268929503916,1.0339425587467364,0.3289817232375979,1.4099216710182767,1.6919060052219321,4.1827676240208875,222.4,0.12687876708820722,567.709581945986,0.049320992441279646,222.4,0.13489208633093525,582.3640399556049,0.06181700367822226,639.5141201134542,0.13916815469877475,0.519774011299435,0.1977401129943503,192.4,177,567.709581945986,766,222.4,582.3640399556049,639.5141201134542,92,35,177,177,0.02106602168364564,0.48377759612744187,0.6187224867487198,0.016099210624421514,0.21284968502562637,0.41810279007875045,0.9520841415638371,0.8697390922113287,0.5045664443304259,0.4669082886857863,0.7488994699487916,0.23317761207438684,0.2183536305952321,0.5562930665627853,0.5086021022369958,0.20407717661994423,0.9321540309446514,0.14602102920965948,0.02842820220032798,0.10533290196586335,0.3444843509492047,0.8241411913016073,0.43774144281735694,0.28505974305992277,0.5460825766956455,0.4364687932383934,0.5026784259565209,0.5408217699467427,0.5556928965566764,0.5279163627113468,0.6233298955152561,0.5119662601648649,0.4994043012061814,0.453301692778582,0.6053406351782851,0.544010543161639,https://a.espncdn.com/i/headshots/wnba/players/full/4398829.png
2026,4398907,Kate Martin,G,6,Sparks,17,2026-05-15,2026-08-20,0,120,39,13,35,8,26,5,8,5,14,19,6,5,3,3,15,8029,1266,2726,1042,615,788,295,951,1246,580,383,1045,1428,7.0588235294117645,2.2941176470588234,1.1176470588235294,0.35294117647058826,0.29411764705882354,0.17647058823529413,0.17647058823529413,0.29411764705882354,0.8235294117647058,0.37142857142857144,0.3076923076923077,0.625,0.4857142857142857,0.5062305295950156,11.7,5.7,1.8,1.5,0.9,0.9,1.5,4.2,41.52,0.15210768961212467,81.60704944575912,0.07352306008793953,41.52,0.0722543352601156,100.13700336280981,0.049931592039801,99.68862872088678,0.14043728135932035,0.7428571428571429,0.22857142857142856,38.52,35,81.60704944575912,120,41.52,100.13700336280981,99.68862872088678,26,8,35,35,0.07638495015379246,0.18779256525043264,0.3503279130356662,0.07241206105452254,0.0767363259865759,0.007216520145721079,0.9283073413348683,0.882455039846757,0.23006670087224218,0.04301922470847778,0.9709819423232414,0.3287665079507681,0.2183536305952321,0.5562930665627853,0.5086021022369958,0.20407717661994423,0.9321540309446514,0.14602102920965948,0.02842820220032798,0.10533290196586335,0.3444843509492047,0.8241411913016073,0.43774144281735694,0.28505974305992277,0.5460825766956455,0.4364687932383934,0.5026784259565209,0.5408217699467427,0.5556928965566764,0.5279163627113468,0.6233298955152561,0.5119662601648649,0.4994043012061814,0.453301692778582,0.6053406351782851,0.544010543161639,https://a.espncdn.com/i/headshots/wnba/players/full/4398907.png
2026,4398911,Shakira Austin,C,16,Mystics,39,2026-05-08,2026-08-28,39,1151,657,239,489,17,50,162,223,75,292,367,97,27,52,114,73,8150,1170,2604,781,729,996,410,1094,1504,601,304,893,1197,29.512820512820515,16.846153846153847,9.41025641025641,2.4871794871794872,0.6923076923076923,1.3333333333333333,2.923076923076923,1.9230769230769231,7.487179487179487,0.4887525562372188,0.34,0.726457399103139,0.5061349693251533,0.559510832538493,20.549087749782796,11.47871416159861,3.0338835794960906,0.8444830582102519,1.626411815812337,3.565595134665508,2.3457862728062553,9.132927888792354,701.12,0.27253159323503795,587.1779141104295,0.16519694911712465,701.12,0.16259698767685987,920.0938650306749,0.08151342254357884,987.1766871165645,0.2957930467877034,0.10224948875255624,0.4560327198364008,587.12,489,587.1779141104295,1151,701.12,920.0938650306749,987.1766871165645,50,223,489,489,0.7947315492485614,0.3404548856278267,0.26079609463011644,0.6872073987492363,0.6931381639952312,0.8339460305044974,0.5079009917122382,0.9732992075122769,0.2713310580204778,0.32761394101876673,0.36331205407435224,0.8358993616222306,0.2301817032026182,0.5835746591611622,0.5419639504318438,0.12732307217240074,0.6806470117654635,0.14148835130454215,0.08404596441834357,0.22810925115503222,0.35238907849829354,0.7512064343163539,0.22005257228689448,0.35016898235073224,0.5655136617832318,0.4125217927981165,0.400021804174288,0.5422970364883264,0.6292608719804802,0.4351423489147889,0.523775153269908,0.46241091424709707,0.3113508752614775,0.5153506875378362,0.586265792884571,0.4794253388732087,https://a.espncdn.com/i/headshots/wnba/players/full/4398911.png
2026,4398915,Naz Hillmon,F,20,Dream,39,2026-05-09,2026-08-30,37,1146,356,135,287,45,149,41,50,58,121,179,58,23,16,56,84,8034,1254,2855,1092,770,979,437,985,1422,524,258,967,1225,29.384615384615383,9.128205128205128,4.589743589743589,1.4871794871794872,0.5897435897435898,0.41025641025641024,1.435897435897436,1.4871794871794872,3.1025641025641026,0.47038327526132406,0.30201342281879195,0.82,0.5487804878048781,0.5760517799352751,11.18324607329843,5.62303664921466,1.8219895287958114,0.7225130890052356,0.5026178010471204,1.7591623036649215,1.8219895287958114,3.8010471204188483,365,0.13432982600104973,759.3764002987305,0.07637845998003549,365,0.15342465753424658,1001.3592233009709,0.05792127205739771,886.5309932785661,0.13648704999305009,0.519163763066202,0.17421602787456447,309,287,759.3764002987305,1146,365,1001.3592233009709,886.5309932785661,149,50,287,287,0.12097257182536239,0.6255174505294548,0.6480723670040922,0.18977059309487512,0.2978738091950849,0.6544332089228366,0.4141753993952489,0.2599059790034795,0.3229442970822281,0.7302433371958285,0.8220977816067198,0.14509297149831288,0.20109525277908555,0.5576019105865703,0.517768684040491,0.12420123916161148,0.8692183950177319,0.141372276712091,0.07306816022078576,0.18544112394679418,0.3297966401414677,0.747856315179606,0.32479000646133965,0.3097853399382583,0.48257248911195416,0.4131951780434178,0.48278876487058314,0.6239137397863301,0.5937270061966523,0.5531904399638512,0.6316023323871088,0.5313139682280483,0.4814167576845061,0.5735587212868926,0.48200833639507923,0.518404682570853,https://a.espncdn.com/i/headshots/wnba/players/full/4398915.png
2026,4398935,Veronica Burton,G,129689,Valkyries,40,2026-05-08,2026-08-30,40,1136,493,161,373,57,157,114,139,47,95,142,232,60,16,56,105,8000,1156,2720,1223,569,731,363,952,1315,413,314,983,1297,28.4,12.325,3.55,5.8,1.5,0.4,1.4,1.175,2.375,0.4316353887399464,0.3630573248407643,0.8201438848920863,0.5080428954423593,0.5677630366685092,15.623239436619718,4.5,7.352112676056338,1.9014084507042253,0.5070422535211268,1.7746478873239437,1.4894366197183098,3.01056338028169,490.16,0.1998373773195177,659.76,0.3516430217048624,490.16,0.11424840868287905,955.66,0.04918067094991943,898.8599999999999,0.1056894288320762,0.42091152815013405,0.3726541554959786,434.16,373,659.76,1136,490.16,955.66,898.8599999999999,157,139,373,373,0.44131890665561396,0.5870463442515119,0.4984278142125595,0.9233832436649662,0.8943526760920962,0.3274743133875788,0.922557761204046,0.524940908522749,0.6068753206772703,0.445950204853451,0.5311292785913215,0.7617913934058036,0.2183536305952321,0.5562930665627853,0.5086021022369958,0.20407717661994423,0.9321540309446514,0.14602102920965948,0.02842820220032798,0.10533290196586335,0.3444843509492047,0.8241411913016073,0.43774144281735694,0.28505974305992277,0.5460825766956455,0.4364687932383934,0.5026784259565209,0.5408217699467427,0.5556928965566764,0.5279163627113468,0.6233298955152561,0.5119662601648649,0.4994043012061814,0.453301692778582,0.6053406351782851,0.544010543161639,https://a.espncdn.com/i/headshots/wnba/players/full/4398935.png
2026,4398938,Dorka Juhasz,F,8,Lynx,17,2026-07-06,2026-08-24,0,245,65,25,62,14,43,1,4,7,38,45,21,5,11,9,13,8008,1359,2820,946,564,697,370,1003,1373,497,376,938,1314,14.411764705882353,3.823529411764706,2.6470588235294117,1.2352941176470589,0.29411764705882354,0.6470588235294118,0.5294117647058824,0.4117647058823529,2.235294117647059,0.4032258064516129,0.32558139534883723,0.25,0.5161290322580645,0.509723964868256,9.551020408163266,6.612244897959184,3.085714285714286,0.7346938775510204,1.616326530612245,1.3224489795918368,1.0285714285714285,5.583673469387755,72.75999999999999,0.13125952465055254,182.888986013986,0.11482375433146136,72.75999999999999,0.12369433754810337,200.0874125874126,0.03498470948012233,210.94842657342656,0.18013881694809905,0.6935483870967742,0.06451612903225806,63.76,62,182.888986013986,245,72.75999999999999,200.0874125874126,210.94842657342656,43,4,62,62,0.10117177328356915,0.17767444211377592,0.45588340871562927,0.5295488942036767,0.061323576786782644,0.35916804096866595,0.15060494325917825,0.4891818278343697,0.4244031830238727,0.0013904982618771727,0.9839184435350707,0.013927776581233398,0.20109525277908555,0.5576019105865703,0.517768684040491,0.12420123916161148,0.8692183950177319,0.141372276712091,0.07306816022078576,0.18544112394679418,0.3297966401414677,0.747856315179606,0.32479000646133965,0.3097853399382583,0.48257248911195416,0.4131951780434178,0.48278876487058314,0.6239137397863301,0.5937270061966523,0.5531904399638512,0.6316023323871088,0.5313139682280483,0.4814167576845061,0.5735587212868926,0.48200833639507923,0.518404682570853,https://a.espncdn.com/i/headshots/wnba/players/full/4398938.png
2026,4398965,Christyn Williams,G,3,Wings,1,2026-08-30,2026-08-30,0,5,1,0,2,0,1,1,2,0,1,1,0,0,0,0,0,8051,1325,2836,952,584,738,340,1031,1371,438,336,1006,1342,5,1,1,0,0,0,0,0,1,0,0,0.5,0,0.1736111111111111,7.2,7.2,0,0,0,0,0,7.2,2.88,0.2577236350702472,4.114395727238852,0,2.88,0,4.179605018010185,0,4.2448143087815176,0.23558156547183615,0.5,1,2.88,2,4.114395727238852,5,2.88,4.179605018010185,4.2448143087815176,1,2,2,2,0.7686091599223402,8.733052768713e-4,8.98391878537418e-5,4.6690079433982565e-4,4.125608924009457e-4,9.816539778800636e-5,0.0039648283967585254,0.9987976658354544,8.209338122113904e-4,0.006303183107469272,0.6836312999730483,1,0.2183536305952321,0.5562930665627853,0.5086021022369958,0.20407717661994423,0.9321540309446514,0.14602102920965948,0.02842820220032798,0.10533290196586335,0.3444843509492047,0.8241411913016073,0.43774144281735694,0.28505974305992277,0.5460825766956455,0.4364687932383934,0.5026784259565209,0.5408217699467427,0.5556928965566764,0.5279163627113468,0.6233298955152561,0.5119662601648649,0.4994043012061814,0.453301692778582,0.6053406351782851,0.544010543161639,https://a.espncdn.com/i/headshots/wnba/players/full/4398965.png
2026,4398966,Olivia Nelson-Ododa,C,18,Sun,32,2026-05-08,2026-08-22,22,685,321,120,211,0,2,81,120,53,137,190,52,25,26,52,98,8025,1162,2745,792,603,852,369,931,1300,542,311,1038,1349,21.40625,10.03125,5.9375,1.625,0.78125,0.8125,1.625,1.65625,4.28125,0.5687203791469194,0,0.675,0.5687203791469194,0.6084154662623199,16.87007299270073,9.985401459854014,2.732846715328467,1.313868613138686,1.3664233576642335,2.732846715328467,2.7854014598540147,7.2,315.8,0.20206564551143166,375.93146417445485,0.13832308533735518,315.8,0.16466117796073462,600.4953271028037,0.08826047032823371,530.0747663551401,0.2584541062801933,0.009478672985781991,0.5687203791469194,263.8,211,375.93146417445485,685,315.8,600.4953271028037,530.0747663551401,2,120,211,211,0.3339572043130901,0.5874402108482738,0.689447990987608,0.6173167784449675,0.7385084117101602,0.8780546399240181,0.7378151943823025,0.5399228909830067,0.0017064846416382253,0.19892761394101877,0.19001126549004882,0.9834772812617348,0.2301817032026182,0.5835746591611622,0.5419639504318438,0.12732307217240074,0.6806470117654635,0.14148835130454215,0.08404596441834357,0.22810925115503222,0.35238907849829354,0.7512064343163539,0.22005257228689448,0.35016898235073224,0.5655136617832318,0.4125217927981165,0.400021804174288,0.5422970364883264,0.6292608719804802,0.4351423489147889,0.523775153269908,0.46241091424709707,0.3113508752614775,0.5153506875378362,0.586265792884571,0.4794253388732087,https://a.espncdn.com/i/headshots/wnba/players/full/4398966.png
2026,4399342,Lexi Held,G,11,Mercury,38,2026-05-08,2026-08-29,8,573,187,66,174,31,88,24,27,14,27,41,51,17,4,31,48,8033,1166,2623,963,720,915,276,986,1262,518,312,1051,1363,15.078947368421053,4.921052631578948,1.0789473684210527,1.3421052631578947,0.4473684210526316,0.10526315789473684,0.8157894736842105,0.3684210526315789,0.7105263157894737,0.3793103448275862,0.3522727272727273,0.8888888888888888,0.46839080459770116,0.5030126963632451,11.74869109947644,2.575916230366492,3.2041884816753927,1.068062827225131,0.2513089005235602,1.9476439790575917,0.8795811518324608,1.6963350785340314,216.88,0.17160421550972998,349.8583343707208,0.1457732887562393,216.88,0.14293618590925858,473.27959666376205,0.029580823045592213,462.93663637495337,0.05832331658048225,0.5057471264367817,0.15517241379310345,185.88,174,349.8583343707208,573,216.88,473.27959666376205,462.93663637495337,88,27,174,174,0.19173338277960775,0.17991365932472908,0.21619800557002963,0.3141406873931035,0.15264753018834992,0.49915059662747324,0.6500162843927384,0.09440797925068277,0.5268342739866598,0.8561298455720139,0.6969724193693289,0.130132063606145,0.2183536305952321,0.5562930665627853,0.5086021022369958,0.20407717661994423,0.9321540309446514,0.14602102920965948,0.02842820220032798,0.10533290196586335,0.3444843509492047,0.8241411913016073,0.43774144281735694,0.28505974305992277,0.5460825766956455,0.4364687932383934,0.5026784259565209,0.5408217699467427,0.5556928965566764,0.5279163627113468,0.6233298955152561,0.5119662601648649,0.4994043012061814,0.453301692778582,0.6053406351782851,0.544010543161639,https://a.espncdn.com/i/headshots/wnba/players/full/4399342.png
2026,4399415,Maddy Siegrist,F,3,Wings,37,2026-05-09,2026-08-30,6,526,233,91,189,28,70,23,27,32,69,101,33,15,14,10,60,8051,1325,2836,952,584,738,340,1031,1371,438,336,1006,1342,14.216216216216216,6.297297297297297,2.72972972972973,0.8918918918918919,0.40540540540540543,0.3783783783783784,0.2702702702702703,0.8648648648648649,1.864864864864865,0.48148148148148145,0.4,0.8518518518518519,0.5555555555555556,0.5799482277976902,15.946768060836503,6.91254752851711,2.258555133079848,1.026615969581749,0.9581749049429658,0.6844106463878327,2.1901140684410647,4.722433460076045,210.88,0.1793830539831991,341.8344305055272,0.09653796415766965,210.88,0.04742033383915023,439.69444789467144,0.07277781230402432,446.55446528381566,0.15451642602240204,0.37037037037037035,0.14285714285714285,200.88,189,341.8344305055272,526,210.88,439.69444789467144,446.55446528381566,70,27,189,189,0.3331286346671296,0.6533144633425155,0.7334338430612392,0.3434564074809125,0.10699986193566202,0.012963284437114836,0.6272166458679077,0.30905615647519696,0.9412024756852343,0.9161066048667439,0.5357886424007466,0.09620216813841626,0.20109525277908555,0.5576019105865703,0.517768684040491,0.12420123916161148,0.8692183950177319,0.141372276712091,0.07306816022078576,0.18544112394679418,0.3297966401414677,0.747856315179606,0.32479000646133965,0.3097853399382583,0.48257248911195416,0.4131951780434178,0.48278876487058314,0.6239137397863301,0.5937270061966523,0.5531904399638512,0.6316023323871088,0.5313139682280483,0.4814167576845061,0.5735587212868926,0.48200833639507923,0.518404682570853,https://a.espncdn.com/i/headshots/wnba/players/full/4399415.png
2026,4420318,Ezi Magbegor,F,14,Storm,14,2026-07-02,2026-08-30,9,285,96,37,93,8,26,14,16,7,49,56,25,11,17,15,35,8030,1187,2788,1060,602,756,345,1017,1362,563,390,1064,1454,20.357142857142858,6.857142857142857,4,1.7857142857142858,0.7857142857142857,1.2142857142857142,1.0714285714285714,0.5,3.5,0.3978494623655914,0.3076923076923077,0.875,0.44086021505376344,0.47980807676929227,12.126315789473685,7.073684210526316,3.1578947368421053,1.3894736842105264,2.1473684210526316,1.894736842105263,0.8842105263157894,6.189473684210526,115.04,0.1759836713761579,173.64445828144457,0.1439723458348424,115.04,0.1303894297635605,250.04047322540472,0.027995467732496608,249.68555417185553,0.1962468359954613,0.27956989247311825,0.17204301075268819,100.04,93,173.64445828144457,285,115.04,250.04047322540472,249.68555417185553,26,16,93,93,0.32168865549865466,0.04817407566529354,0.0841410007897193,0.7423519278565488,0.5446408026140181,0.4403979689263085,0.0918660931745388,0.5619403282456313,0.3286914235190097,0.9365005793742758,0.4532988728551942,0.12448847727762223,0.20109525277908555,0.5576019105865703,0.517768684040491,0.12420123916161148,0.8692183950177319,0.141372276712091,0.07306816022078576,0.18544112394679418,0.3297966401414677,0.747856315179606,0.32479000646133965,0.3097853399382583,0.48257248911195416,0.4131951780434178,0.48278876487058314,0.6239137397863301,0.5937270061966523,0.5531904399638512,0.6316023323871088,0.5313139682280483,0.4814167576845061,0.5735587212868926,0.48200833639507923,0.518404682570853,https://a.espncdn.com/i/headshots/wnba/players/full/4420318.png
2026,4432830,Jordan Horston,F,14,Storm,35,2026-05-08,2026-08-30,21,611,166,64,171,13,58,25,37,33,92,125,46,37,18,42,62,8030,1187,2788,1060,602,756,345,1017,1362,563,390,1064,1454,17.457142857142856,4.742857142857143,3.5714285714285716,1.3142857142857143,1.0571428571428572,0.5142857142857142,1.2,0.9428571428571428,2.6285714285714286,0.3742690058479532,0.22413793103448276,0.6756756756756757,0.41228070175438597,0.44318667236223835,9.780687397708673,7.364975450081833,2.7103109656301148,2.1800327332242224,1.060556464811784,2.474631751227496,1.944353518821604,5.4206219312602295,229.28,0.16360377617663138,387.5921544209216,0.11868145285016377,229.28,0.183182135380321,536.0516811955168,0.06156122843678526,535.2907845579078,0.17186920203750944,0.3391812865497076,0.21637426900584794,187.28,171,387.5921544209216,611,229.28,536.0516811955168,535.2907845579078,58,37,171,171,0.2492079680583283,0.040976522024817406,0.03015291837174241,0.5837714791162677,0.668783653182383,0.8575145386685185,0.48094277188377726,0.4700165950746849,0.060786914235190094,0.20811123986095018,0.48897982626175607,0.2840835666594874,0.20109525277908555,0.5576019105865703,0.517768684040491,0.12420123916161148,0.8692183950177319,0.141372276712091,0.07306816022078576,0.18544112394679418,0.3297966401414677,0.747856315179606,0.32479000646133965,0.3097853399382583,0.48257248911195416,0.4131951780434178,0.48278876487058314,0.6239137397863301,0.5937270061966523,0.5531904399638512,0.6316023323871088,0.5313139682280483,0.4814167576845061,0.5735587212868926,0.48200833639507923,0.518404682570853,https://a.espncdn.com/i/headshots/wnba/players/full/4432830.png
2026,4432831,Aliyah Boston,C,5,Fever,37,2026-05-09,2026-08-28,37,999,609,232,441,40,99,105,127,64,234,298,108,54,46,85,115,8109,1365,2777,1055,733,905,311,1018,1329,536,336,922,1258,27,16.45945945945946,8.054054054054054,2.918918918918919,1.4594594594594594,1.2432432432432432,2.2972972972972974,1.7297297297297298,6.324324324324325,0.5260770975056689,0.40404040404040403,0.8267716535433071,0.5714285714285714,0.612824021896635,21.945945945945947,10.73873873873874,3.891891891891892,1.945945945945946,1.6576576576576576,3.063063063063063,2.3063063063063063,8.432432432432432,581.88,0.2545369750004369,608.8157602663707,0.17739356805209436,581.88,0.14607822918814875,759.5061043285239,0.08426528718499521,834.0399556048835,0.2805620982873568,0.22448979591836735,0.28798185941043086,496.88,441,608.8157602663707,999,581.88,759.5061043285239,834.0399556048835,99,127,441,441,0.6968042907424996,0.6682783978134254,0.792151708599324,0.9012012936728644,1,0.5906810436337225,0.5684640116552268,0.756797679145969,0.9982935153583617,0.7109919571045576,0.655276004506196,0.39654524971836275,0.2301817032026182,0.5835746591611622,0.5419639504318438,0.12732307217240074,0.6806470117654635,0.14148835130454215,0.08404596441834357,0.22810925115503222,0.35238907849829354,0.7512064343163539,0.22005257228689448,0.35016898235073224,0.5655136617832318,0.4125217927981165,0.400021804174288,0.5422970364883264,0.6292608719804802,0.4351423489147889,0.523775153269908,0.46241091424709707,0.3113508752614775,0.5153506875378362,0.586265792884571,0.4794253388732087,https://a.espncdn.com/i/headshots/wnba/players/full/4432831.png
2026,4432832,Zia Cooke,G,14,Storm,40,2026-05-08,2026-08-30,0,606,305,98,280,32,107,77,96,19,49,68,42,16,1,44,54,8030,1187,2788,1060,602,756,345,1017,1362,563,390,1064,1454,15.15,7.625,1.7,1.05,0.4,0.025,1.1,0.475,1.225,0.35,0.29906542056074764,0.8020833333333334,0.40714285714285714,0.4732497517378351,18.11881188118812,4.03960396039604,2.495049504950495,0.9504950495049505,0.0594059405940594,2.613861386138614,1.1287128712871286,2.910891089108911,366.24,0.26348840702228354,349.8966376089664,0.12003544900290782,366.24,0.1201397990388816,531.6650062266501,0.035736788725004506,530.9103362391033,0.0922943040572714,0.3821428571428571,0.34285714285714286,322.24,280,349.8966376089664,606,366.24,531.6650062266501,530.9103362391033,107,96,280,280,0.7810925263410484,0.06391253536327583,0.053678914742610724,0.2299748688835926,0.14114342838101585,0.35191613402848976,0.7803929403970774,0.3424085778548444,0.18029758850692662,0.32256539552474,0.37422513700476145,0.7110771718623664,0.2183536305952321,0.5562930665627853,0.5086021022369958,0.20407717661994423,0.9321540309446514,0.14602102920965948,0.02842820220032798,0.10533290196586335,0.3444843509492047,0.8241411913016073,0.43774144281735694,0.28505974305992277,0.5460825766956455,0.4364687932383934,0.5026784259565209,0.5408217699467427,0.5556928965566764,0.5279163627113468,0.6233298955152561,0.5119662601648649,0.4994043012061814,0.453301692778582,0.6053406351782851,0.544010543161639,https://a.espncdn.com/i/headshots/wnba/players/full/4432832.png
2026,4432834,Laeticia Amihere,F,129689,Valkyries,35,2026-05-08,2026-08-30,1,400,119,45,93,5,13,24,45,43,65,108,34,15,26,28,56,8000,1156,2720,1223,569,731,363,952,1315,413,314,983,1297,11.428571428571429,3.4,3.085714285714286,0.9714285714285714,0.42857142857142855,0.7428571428571429,0.8,1.2285714285714286,1.8571428571428572,0.4838709677419355,0.38461538461538464,0.5333333333333333,0.510752688172043,0.5274822695035462,10.71,9.72,3.06,1.35,2.34,2.52,3.87,5.85,140.8,0.16302711715258322,244,0.13934426229508196,140.8,0.19886363636363635,336.5,0.1277860326894502,316.5,0.20537124802527645,0.13978494623655913,0.4838709677419355,112.8,93,244,400,140.8,336.5,316.5,13,45,93,93,0.21882432080548564,0.33605347620612097,0.41065403115801563,0.6801630728834767,0.13109208891343366,0.9019073865115876,0.8901271694004756,0.6157700445505905,0.7539787798408488,0.01853997682502897,0.285878383229234,0.948165697465719,0.20109525277908555,0.5576019105865703,0.517768684040491,0.12420123916161148,0.8692183950177319,0.141372276712091,0.07306816022078576,0.18544112394679418,0.3297966401414677,0.747856315179606,0.32479000646133965,0.3097853399382583,0.48257248911195416,0.4131951780434178,0.48278876487058314,0.6239137397863301,0.5937270061966523,0.5531904399638512,0.6316023323871088,0.5313139682280483,0.4814167576845061,0.5735587212868926,0.48200833639507923,0.518404682570853,https://a.espncdn.com/i/headshots/wnba/players/full/4432834.png
2026,4432844,Aubrey Griffin,F,9,Liberty,2,2026-05-08,2026-05-14,0,7,2,1,1,0,0,0,0,0,1,1,0,0,0,1,1,8250,1270,2758,1191,731,861,338,1115,1453,554,329,958,1287,3.5,1,0.5,0,0,0,0.5,0,0.5,1,NA,NA,1,1,10.285714285714286,5.142857142857143,0,0,0,5.142857142857143,0,5.142857142857143,2,0.12772934384274892,4.387878787878789,0,2,0.5,5.498181818181819,0,6.126060606060607,0.16323703996834188,0,0,1,1,4.387878787878789,7,2,5.498181818181819,6.126060606060607,0,0,1,1,0.07330743859040015,1,1,1.6214816505370286e-4,0.0013346219338211606,1,0.0025202597705396906,0.37924052467805297,NA,NA,0.0038768037906525953,4.307559767391773e-4,0.20109525277908555,0.5576019105865703,0.517768684040491,0.12420123916161148,0.8692183950177319,0.141372276712091,0.07306816022078576,0.18544112394679418,0.3297966401414677,0.747856315179606,0.32479000646133965,0.3097853399382583,0.48257248911195416,0.4131951780434178,0.48278876487058314,0.6239137397863301,0.5937270061966523,0.5531904399638512,0.6316023323871088,0.5313139682280483,0.4814167576845061,0.5735587212868926,0.48200833639507923,0.518404682570853,https://a.espncdn.com/i/headshots/wnba/players/full/4432844.png
2026,4432865,Jacy Sheldon,G,19,Sky,40,2026-05-09,2026-08-29,18,827,255,91,214,34,109,39,46,15,37,52,65,32,11,37,100,8057,1232,2791,931,708,924,317,1015,1332,505,365,1110,1475,20.675,6.375,1.3,1.625,0.8,0.275,0.925,0.375,0.925,0.4252336448598131,0.3119266055045872,0.8478260869565217,0.5046728971962616,0.5443135245901639,11.100362756952842,2.26360338573156,2.82950423216445,1.3929866989117292,0.4788391777509069,1.6106408706166868,0.652962515114873,1.6106408706166868,271.24,0.14274124502608923,541.2849695916594,0.12008462021222467,271.24,0.13641055891461437,732.3625418890406,0.020481659208442467,708.2412808737744,0.05224208331142772,0.5093457943925234,0.21495327102803738,234.24,214,541.2849695916594,827,271.24,732.3625418890406,708.2412808737744,109,46,214,214,0.0558165725005999,0.38568162514608306,0.4783487557272482,0.24379494999720178,0.3952650703733676,0.42734806177875695,0.3138246710648891,0.07047698375687068,0.2613648024628014,0.5543649543019225,0.7065852124696793,0.26565447848351453,0.2183536305952321,0.5562930665627853,0.5086021022369958,0.20407717661994423,0.9321540309446514,0.14602102920965948,0.02842820220032798,0.10533290196586335,0.3444843509492047,0.8241411913016073,0.43774144281735694,0.28505974305992277,0.5460825766956455,0.4364687932383934,0.5026784259565209,0.5408217699467427,0.5556928965566764,0.5279163627113468,0.6233298955152561,0.5119662601648649,0.4994043012061814,0.453301692778582,0.6053406351782851,0.544010543161639,https://a.espncdn.com/i/headshots/wnba/players/full/4432865.png
2026,4433386,Jaylyn Sherrod,G,20,Dream,10,2026-07-17,2026-08-16,1,71,23,7,24,2,5,7,7,0,9,9,11,5,2,3,11,8034,1254,2855,1092,770,979,437,985,1422,524,258,967,1225,7.1,2.3,0.9,1.1,0.5,0.2,0.3,0,0.9,0.2916666666666667,0.4,1,0.3333333333333333,0.42466765140324964,11.661971830985916,4.563380281690141,5.577464788732394,2.535211267605634,1.0140845070422535,1.5211267605633803,0,4.563380281690141,30.08,0.17868318643117362,48.410754294249436,0.22722223936317917,30.08,0.0997340425531915,62.03883495145631,0,54.92469504605427,0.16386071861579776,0.20833333333333334,0.2916666666666667,27.08,24,48.410754294249436,71,30.08,62.03883495145631,54.92469504605427,5,7,24,24,0.2752994044632534,0.03295410277861152,0.006153984367981313,0.5856937059506037,0.16059726123038354,0.151955945550926,0.005148487822444952,0.9598527580814229,0.8532580810672139,0.9974787267570123,0.025559248944389542,0.5670649537328183,0.2183536305952321,0.5562930665627853,0.5086021022369958,0.20407717661994423,0.9321540309446514,0.14602102920965948,0.02842820220032798,0.10533290196586335,0.3444843509492047,0.8241411913016073,0.43774144281735694,0.28505974305992277,0.5460825766956455,0.4364687932383934,0.5026784259565209,0.5408217699467427,0.5556928965566764,0.5279163627113468,0.6233298955152561,0.5119662601648649,0.4994043012061814,0.453301692778582,0.6053406351782851,0.544010543161639,https://a.espncdn.com/i/headshots/wnba/players/full/4433386.png
2026,4433402,Angel Reese,F,20,Dream,40,2026-05-09,2026-08-30,39,1241,628,221,507,9,50,177,241,198,292,490,112,72,26,126,148,8034,1254,2855,1092,770,979,437,985,1422,524,258,967,1225,31.025,15.7,12.25,2.8,1.8,0.65,3.15,4.95,7.3,0.4358974358974359,0.18,0.7344398340248963,0.4447731755424063,0.5122014876680152,18.217566478646255,14.214343271555197,3.2489927477840452,2.088638195004029,0.7542304593070105,3.6551168412570507,5.74375503626108,8.470588235294118,739.04,0.2511657221651935,747.5175504107543,0.1498292581069929,739.04,0.17049144836544708,1084.368932038835,0.18259468170829973,960.0217824246951,0.30415976527376837,0.09861932938856016,0.47534516765285995,613.04,507,747.5175504107543,1241,739.04,1084.368932038835,960.0217824246951,50,241,507,507,0.87304921447791,0.25030200409411407,0.12053988082417977,0.7878277791084474,1,0.7399270896623558,1,0.9857251231544397,0.04288240495137047,0.5263035921205098,0.26139708521789073,0.9414889798262618,0.20109525277908555,0.5576019105865703,0.517768684040491,0.12420123916161148,0.8692183950177319,0.141372276712091,0.07306816022078576,0.18544112394679418,0.3297966401414677,0.747856315179606,0.32479000646133965,0.3097853399382583,0.48257248911195416,0.4131951780434178,0.48278876487058314,0.6239137397863301,0.5937270061966523,0.5531904399638512,0.6316023323871088,0.5313139682280483,0.4814167576845061,0.5735587212868926,0.48200833639507923,0.518404682570853,https://a.espncdn.com/i/headshots/wnba/players/full/4433402.png
2026,4433403,Caitlin Clark,G,5,Fever,37,2026-05-09,2026-08-28,37,1147,826,265,585,111,299,185,222,11,132,143,307,36,18,171,115,8109,1365,2777,1055,733,905,311,1018,1329,536,336,922,1258,31,22.324324324324323,3.864864864864865,8.297297297297296,0.972972972972973,0.4864864864864865,4.621621621621622,0.2972972972972973,3.5675675675675675,0.452991452991453,0.3712374581939799,0.8333333333333334,0.5478632478632479,0.6049686529559969,25.925021795989537,4.4882301656495205,9.635571054925894,1.129904097646033,0.5649520488230165,5.367044463818657,0.34524847428073235,4.142981691368788,853.6800000000001,0.3252479931621015,700.3810580836108,0.43833281391135315,853.6800000000001,0.20030924936744446,872.0255271920089,0.012614309623963498,957.6014305093107,0.13784440561016537,0.5111111111111111,0.37948717948717947,682.6800000000001,585,700.3810580836108,1147,853.6800000000001,872.0255271920089,957.6014305093107,299,222,585,585,1,0.7988811474624654,0.7636330967568054,0.9961912909035241,0.5943733041367163,0.89379185663489,0.1653649534340239,0.856167832029665,0.6790148794253463,0.5028364323983612,0.7394663552241487,0.7989848171772527,0.2183536305952321,0.5562930665627853,0.5086021022369958,0.20407717661994423,0.9321540309446514,0.14602102920965948,0.02842820220032798,0.10533290196586335,0.3444843509492047,0.8241411913016073,0.43774144281735694,0.28505974305992277,0.5460825766956455,0.4364687932383934,0.5026784259565209,0.5408217699467427,0.5556928965566764,0.5279163627113468,0.6233298955152561,0.5119662601648649,0.4994043012061814,0.453301692778582,0.6053406351782851,0.544010543161639,https://a.espncdn.com/i/headshots/wnba/players/full/4433403.png
2026,4433404,Cameron Brink,F,6,Sparks,30,2026-05-10,2026-08-30,1,572,287,98,204,28,86,63,81,42,108,150,45,18,51,73,109,8029,1266,2726,1042,615,788,295,951,1246,580,383,1045,1428,19.066666666666666,9.566666666666666,5,1.5,0.6,1.7,2.433333333333333,1.4,3.6,0.4803921568627451,0.32558139534883723,0.7777777777777778,0.5490196078431373,0.598814889000167,18.062937062937063,9.44055944055944,2.832167832167832,1.132867132867133,3.2097902097902096,4.594405594405594,2.6433566433566433,6.7972027972027975,312.64,0.24028329803313922,352.96026902478513,0.12749310318788334,312.64,0.2334953940634596,477.3197160293934,0.08799133702118778,475.18246356956035,0.22728111468741152,0.4215686274509804,0.39705882352941174,239.64,204,352.96026902478513,572,312.64,477.3197160293934,475.18246356956035,86,81,204,204,0.7468687613922403,0.7566504081477925,0.6627180702132242,0.6461275505281454,0.3331722582723549,0.979559066053294,0.7145471397318014,0.7397273214197924,0.4434129089301503,0.6020857473928157,0.6705434704573192,0.7232392849450786,0.20109525277908555,0.5576019105865703,0.517768684040491,0.12420123916161148,0.8692183950177319,0.141372276712091,0.07306816022078576,0.18544112394679418,0.3297966401414677,0.747856315179606,0.32479000646133965,0.3097853399382583,0.48257248911195416,0.4131951780434178,0.48278876487058314,0.6239137397863301,0.5937270061966523,0.5531904399638512,0.6316023323871088,0.5313139682280483,0.4814167576845061,0.5735587212868926,0.48200833639507923,0.518404682570853,https://a.espncdn.com/i/headshots/wnba/players/full/4433404.png
2026,4433405,Kamilla Cardoso,C,19,Sky,39,2026-05-09,2026-08-29,39,1043,577,219,400,0,0,139,186,110,231,341,96,24,59,66,138,8057,1232,2791,931,708,924,317,1015,1332,505,365,1110,1475,26.743589743589745,14.794871794871796,8.743589743589743,2.4615384615384617,0.6153846153846154,1.5128205128205128,1.6923076923076923,2.8205128205128207,5.923076923076923,0.5475,NA,0.7473118279569892,0.5475,0.5987464718578781,19.915627996164908,11.769894534995206,3.3135186960690315,0.8283796740172579,2.036433365292426,2.2780441035474595,3.796740172579099,7.973154362416107,547.84,0.2285970831282633,578.4283231972197,0.1659669766331066,547.84,0.12047313084112149,923.6446568201563,0.11909341886813751,893.2232841007818,0.2586139480595273,0,0.465,481.84000000000003,400,578.4283231972197,1043,547.84,923.6446568201563,893.2232841007818,0,186,400,400,0.5495111458740711,0.5445221748608987,0.4729628238828389,0.8319903177942125,0.6169029010464963,0.28893234258897144,0.9683927085433587,0.6105232009104038,NA,0.4927613941018767,0.11472024033045437,0.9110026286143448,0.2301817032026182,0.5835746591611622,0.5419639504318438,0.12732307217240074,0.6806470117654635,0.14148835130454215,0.08404596441834357,0.22810925115503222,0.35238907849829354,0.7512064343163539,0.22005257228689448,0.35016898235073224,0.5655136617832318,0.4125217927981165,0.400021804174288,0.5422970364883264,0.6292608719804802,0.4351423489147889,0.523775153269908,0.46241091424709707,0.3113508752614775,0.5153506875378362,0.586265792884571,0.4794253388732087,https://a.espncdn.com/i/headshots/wnba/players/full/4433405.png
2026,4433408,Aaliyah Edwards,F,18,Sun,26,2026-05-15,2026-08-30,17,529,289,112,208,6,14,59,79,35,79,114,24,19,9,42,60,8025,1162,2745,792,603,852,369,931,1300,542,311,1038,1349,20.346153846153847,11.115384615384615,4.384615384615385,0.9230769230769231,0.7307692307692307,0.34615384615384615,1.6153846153846154,1.3461538461538463,3.0384615384615383,0.5384615384615384,0.42857142857142855,0.7468354430379747,0.5528846153846154,0.5952380952380952,19.667296786389414,7.758034026465029,1.6332703213610587,1.2930056710775046,0.6124763705103969,2.8582230623818528,2.381852551984877,5.376181474480151,284.76,0.23593601542963571,270.9894080996885,0.08856434710234562,284.76,0.14749262536873156,463.7401869158878,0.0754732951499591,409.3570093457944,0.19298558030373597,0.0673076923076923,0.3798076923076923,242.76,208,270.9894080996885,529,284.76,463.7401869158878,409.3570093457944,14,79,208,208,0.7267424702716778,0.727463418332533,0.6846148323641323,0.3226078720190259,0.4783238989369046,0.6051796719034807,0.6533979569690218,0.5549786728856995,0.96684350132626,0.544611819235226,0.1647641611027353,0.704716777945294,0.20109525277908555,0.5576019105865703,0.517768684040491,0.12420123916161148,0.8692183950177319,0.141372276712091,0.07306816022078576,0.18544112394679418,0.3297966401414677,0.747856315179606,0.32479000646133965,0.3097853399382583,0.48257248911195416,0.4131951780434178,0.48278876487058314,0.6239137397863301,0.5937270061966523,0.5531904399638512,0.6316023323871088,0.5313139682280483,0.4814167576845061,0.5735587212868926,0.48200833639507923,0.518404682570853,https://a.espncdn.com/i/headshots/wnba/players/full/4433408.png
2026,4433411,Angela Dugalic,F,16,Mystics,33,2026-05-08,2026-08-28,3,320,97,38,88,4,30,17,25,20,62,82,21,12,7,23,33,8150,1170,2604,781,729,996,410,1094,1504,601,304,893,1197,9.696969696969697,2.9393939393939394,2.484848484848485,0.6363636363636364,0.36363636363636365,0.21212121212121213,0.696969696969697,0.6060606060606061,1.878787878787879,0.4318181818181818,0.13333333333333333,0.68,0.45454545454545453,0.4898989898989899,10.9125,9.225,2.3625,1.35,0.7875,2.5875,2.25,6.975,122,0.17057275941195202,191.69325153374234,0.10955002240286756,122,0.1885245901639344,255.8036809815951,0.07818495778971604,274.45398773006133,0.22590307582260374,0.3409090909090909,0.2840909090909091,99,88,191.69325153374234,320,122,255.8036809815951,274.45398773006133,30,25,88,88,0.2962958944536065,0.08419975233137052,0.14049824107976164,0.46243251867661156,0.08783192967923052,0.89143954517837,0.6608676198939231,0.7264784310087044,0.009946949602122016,0.21390498261877172,0.495297580587264,0.4883336922966473,0.20109525277908555,0.5576019105865703,0.517768684040491,0.12420123916161148,0.8692183950177319,0.141372276712091,0.07306816022078576,0.18544112394679418,0.3297966401414677,0.747856315179606,0.32479000646133965,0.3097853399382583,0.48257248911195416,0.4131951780434178,0.48278876487058314,0.6239137397863301,0.5937270061966523,0.5531904399638512,0.6316023323871088,0.5313139682280483,0.4814167576845061,0.5735587212868926,0.48200833639507923,0.518404682570853,https://a.espncdn.com/i/headshots/wnba/players/full/4433411.png
2026,4433412,Hailey Van Lith,G,18,Sun,19,2026-05-08,2026-08-30,3,287,104,40,98,12,32,12,14,6,19,25,35,15,4,19,26,8025,1162,2745,792,603,852,369,931,1300,542,311,1038,1349,15.105263157894736,5.473684210526316,1.3157894736842106,1.8421052631578947,0.7894736842105263,0.21052631578947367,1,0.3157894736842105,1,0.40816326530612246,0.375,0.8571428571428571,0.46938775510204084,0.4992319508448541,13.045296167247386,3.1358885017421603,4.390243902439025,1.8815331010452963,0.5017421602787456,2.3832752613240418,0.7526132404181185,2.3832752613240418,123.16,0.1880869707298728,167.78442367601247,0.20860100856313174,123.16,0.15427086716466384,251.5943925233645,0.023847908293277268,222.08971962616823,0.085551010789611,0.32653061224489793,0.14285714285714285,104.16,98,167.78442367601247,287,123.16,251.5943925233645,222.08971962616823,32,14,98,98,0.3677248532972666,0.15130213488814667,0.227203306082113,0.5510404171118122,0.3519144412180067,0.6300214327785171,0.4810209222563222,0.2675700708843775,0.6899948691636737,0.584620233217775,0.20797771988141228,0.10771718623663643,0.2183536305952321,0.5562930665627853,0.5086021022369958,0.20407717661994423,0.9321540309446514,0.14602102920965948,0.02842820220032798,0.10533290196586335,0.3444843509492047,0.8241411913016073,0.43774144281735694,0.28505974305992277,0.5460825766956455,0.4364687932383934,0.5026784259565209,0.5408217699467427,0.5556928965566764,0.5279163627113468,0.6233298955152561,0.5119662601648649,0.4994043012061814,0.453301692778582,0.6053406351782851,0.544010543161639,https://a.espncdn.com/i/headshots/wnba/players/full/4433412.png
2026,4433424,Maddy Westbeld,F,11,Mercury,6,2026-06-20,2026-08-29,0,77,17,5,18,3,10,4,4,3,9,12,5,3,1,5,14,8033,1166,2623,963,720,915,276,986,1262,518,312,1051,1363,12.833333333333334,2.8333333333333335,2,0.8333333333333334,0.5,0.16666666666666666,0.8333333333333334,0.5,1.5,0.2777777777777778,0.3,1,0.3611111111111111,0.43016194331983804,7.9480519480519485,5.6103896103896105,2.3376623376623376,1.4025974025974026,0.4675324675324675,2.3376623376623376,1.4025974025974026,4.207792207792208,24.76,0.14578840507049107,50.88323166936388,0.09826419895044587,24.76,0.20193861066235863,63.599526951325785,0.04717016216639427,62.209635254574884,0.14467212294639104,0.5555555555555556,0.2222222222222222,19.76,18,50.88323166936388,77,24.76,63.599526951325785,62.209635254574884,10,4,18,18,0.1496115788560021,0.018074755490409156,0.0027999138488046522,0.360236072422561,0.20362188779971466,0.9232531898272721,0.2502674124212901,0.2647393781791365,0.29000884173297964,0.9969872537659328,0.8528250412807811,0.30677004810108405,0.20109525277908555,0.5576019105865703,0.517768684040491,0.12420123916161148,0.8692183950177319,0.141372276712091,0.07306816022078576,0.18544112394679418,0.3297966401414677,0.747856315179606,0.32479000646133965,0.3097853399382583,0.48257248911195416,0.4131951780434178,0.48278876487058314,0.6239137397863301,0.5937270061966523,0.5531904399638512,0.6316023323871088,0.5313139682280483,0.4814167576845061,0.5735587212868926,0.48200833639507923,0.518404682570853,https://a.espncdn.com/i/headshots/wnba/players/full/4433424.png
2026,4433431,Te-Hina Paopao,G,20,Dream,31,2026-05-09,2026-08-30,1,347,111,38,112,26,73,9,10,4,20,24,42,6,3,17,36,8034,1254,2855,1092,770,979,437,985,1422,524,258,967,1225,11.193548387096774,3.5806451612903225,0.7741935483870968,1.3548387096774193,0.1935483870967742,0.0967741935483871,0.5483870967741935,0.12903225806451613,0.6451612903225806,0.3392857142857143,0.3561643835616438,0.9,0.45535714285714285,0.4768041237113402,11.51585014409222,2.489913544668588,4.357348703170029,0.622478386167147,0.3112391930835735,1.7636887608069165,0.414985590778098,2.07492795389049,133.4,0.16214014615820044,232.81030619865572,0.18040438452136925,133.4,0.12743628185907047,303.20388349514565,0.01319244316362472,268.43477719691316,0.07450599437541876,0.6517857142857143,0.08928571428571429,116.4,112,232.81030619865572,347,133.4,303.20388349514565,268.43477719691316,73,10,112,112,0.1000441744290046,0.08389478188123048,0.19283981672805678,0.47545763162365967,0.03481379222798749,0.36150362121245166,0.17114988048632235,0.15493803062729997,0.5343252950230888,0.9158525055152852,0.9009522953912497,0.028434102955709282,0.2183536305952321,0.5562930665627853,0.5086021022369958,0.20407717661994423,0.9321540309446514,0.14602102920965948,0.02842820220032798,0.10533290196586335,0.3444843509492047,0.8241411913016073,0.43774144281735694,0.28505974305992277,0.5460825766956455,0.4364687932383934,0.5026784259565209,0.5408217699467427,0.5556928965566764,0.5279163627113468,0.6233298955152561,0.5119662601648649,0.4994043012061814,0.453301692778582,0.6053406351782851,0.544010543161639,https://a.espncdn.com/i/headshots/wnba/players/full/4433431.png
2026,4433433,Aicha Coulibaly,G,19,Sky,28,2026-05-09,2026-08-29,4,375,135,43,98,1,19,48,54,16,61,77,16,20,7,21,45,8057,1232,2791,931,708,924,317,1015,1332,505,365,1110,1475,13.392857142857142,4.821428571428571,2.75,0.5714285714285714,0.7142857142857143,0.25,0.75,0.5714285714285714,2.1785714285714284,0.4387755102040816,0.05263157894736842,0.8888888888888888,0.44387755102040816,0.5543692509855453,12.96,7.392,1.536,1.92,0.672,2.016,1.536,5.856,142.76,0.16568245682266686,243.70721112076455,0.06565255056023557,142.76,0.14710002801905298,332.08700508874267,0.04818014482597525,321.14931115799925,0.18994280193236715,0.19387755102040816,0.5510204081632653,121.76,98,243.70721112076455,375,142.76,332.08700508874267,321.14931115799925,19,54,98,98,0.13316545232433846,0.4316522871976958,0.09217500673793909,0.030616556252776803,0.3123403310007775,0.5287474640605572,0.8828303291114946,0.9951924578309306,0.005643919958953309,0.8646391427670974,0.024481178690144642,0.9786182732908094,0.2183536305952321,0.5562930665627853,0.5086021022369958,0.20407717661994423,0.9321540309446514,0.14602102920965948,0.02842820220032798,0.10533290196586335,0.3444843509492047,0.8241411913016073,0.43774144281735694,0.28505974305992277,0.5460825766956455,0.4364687932383934,0.5026784259565209,0.5408217699467427,0.5556928965566764,0.5279163627113468,0.6233298955152561,0.5119662601648649,0.4994043012061814,0.453301692778582,0.6053406351782851,0.544010543161639,https://a.espncdn.com/i/headshots/wnba/players/full/4433433.png
2026,4433514,Saniya Rivers,G,18,Sun,36,2026-05-08,2026-08-30,16,818,255,100,286,13,72,42,71,17,70,87,114,40,22,49,66,8025,1162,2745,792,603,852,369,931,1300,542,311,1038,1349,22.72222222222222,7.083333333333333,2.4166666666666665,3.1666666666666665,1.1111111111111112,0.6111111111111112,1.3611111111111112,0.4722222222222222,1.9444444444444444,0.34965034965034963,0.18055555555555555,0.5915492957746479,0.3723776223776224,0.401903921321397,11.222493887530563,3.8288508557457215,5.017114914425428,1.7603911980440097,0.9682151589242054,2.156479217603912,0.7481662591687042,3.0806845965770173,366.24,0.19623813150555316,492.2218068535825,0.23160290424497734,366.24,0.1337920489296636,717.0878504672896,0.023706997669702485,632.9943925233645,0.1105854977971487,0.2517482517482518,0.24825174825174826,317.24,286,492.2218068535825,818,366.24,717.0878504672896,632.9943925233645,72,71,286,286,0.39952771536397547,0.030450734087324138,0.03544155960830114,0.6156095500034771,0.694720807349931,0.41052223991623216,0.47622066973073635,0.561456358576333,0.024730631092868136,0.026630948629057676,0.07923816368700026,0.4348665888060372,0.2183536305952321,0.5562930665627853,0.5086021022369958,0.20407717661994423,0.9321540309446514,0.14602102920965948,0.02842820220032798,0.10533290196586335,0.3444843509492047,0.8241411913016073,0.43774144281735694,0.28505974305992277,0.5460825766956455,0.4364687932383934,0.5026784259565209,0.5408217699467427,0.5556928965566764,0.5279163627113468,0.6233298955152561,0.5119662601648649,0.4994043012061814,0.453301692778582,0.6053406351782851,0.544010543161639,https://a.espncdn.com/i/headshots/wnba/players/full/4433514.png
2026,4433523,Rori Harmon,G,16,Mystics,12,2026-05-08,2026-08-25,0,71,12,4,11,1,5,3,4,0,8,8,11,5,0,12,12,8150,1170,2604,781,729,996,410,1094,1504,601,304,893,1197,5.916666666666667,1,0.6666666666666666,0.9166666666666666,0.4166666666666667,0,1,0,0.6666666666666666,0.36363636363636365,0.2,0.75,0.4090909090909091,0.4702194357366771,6.084507042253521,4.056338028169014,5.577464788732394,2.535211267605634,0,6.084507042253521,0,4.056338028169014,24.759999999999998,0.15602425391050312,46.963190184049076,0.23422599608099284,24.759999999999998,0.4846526655896608,56.75644171779141,0,60.89447852760736,0.13137480102359508,0.45454545454545453,0.36363636363636365,12.76,11,46.963190184049076,71,24.759999999999998,56.75644171779141,60.89447852760736,5,4,11,11,0.08458039746078838,0.05105084009732484,0.054173030275806305,0.6344272513919136,0.14227003697180304,0.9999318295848695,0.006231362722662739,0.8110015449901856,0.03612108773730118,0.10746927198235108,0.6224957326385769,0.7283262959302848,0.2183536305952321,0.5562930665627853,0.5086021022369958,0.20407717661994423,0.9321540309446514,0.14602102920965948,0.02842820220032798,0.10533290196586335,0.3444843509492047,0.8241411913016073,0.43774144281735694,0.28505974305992277,0.5460825766956455,0.4364687932383934,0.5026784259565209,0.5408217699467427,0.5556928965566764,0.5279163627113468,0.6233298955152561,0.5119662601648649,0.4994043012061814,0.453301692778582,0.6053406351782851,0.544010543161639,https://a.espncdn.com/i/headshots/wnba/players/full/4433523.png
2026,4433524,Sonia Citron,G,16,Mystics,38,2026-05-08,2026-08-28,37,1240,630,200,418,53,154,177,203,34,104,138,161,45,23,92,77,8150,1170,2604,781,729,996,410,1094,1504,601,304,893,1197,32.63157894736842,16.57894736842105,3.6315789473684212,4.2368421052631575,1.1842105263157894,0.6052631578947368,2.4210526315789473,0.8947368421052632,2.736842105263158,0.4784688995215311,0.34415584415584416,0.8719211822660099,0.5418660287081339,0.6209098793660806,18.29032258064516,4.006451612903226,4.674193548387096,1.3064516129032258,0.667741935483871,2.670967741935484,0.9870967741935484,3.0193548387096776,599.3199999999999,0.21624043610951046,690.0613496932516,0.23331258890469414,599.3199999999999,0.15350730828272044,991.2392638036811,0.034300497610972196,1063.5092024539879,0.09778946882643406,0.3684210526315789,0.48564593301435405,507.32,418,690.0613496932516,1240,599.3199999999999,991.2392638036811,1063.5092024539879,154,203,418,418,0.5422029405990271,0.8852888772519143,0.6988590423142574,0.6332281878040459,0.7708224242712747,0.6258234986147772,0.7691646088338592,0.4271067784827861,0.49512570548999485,0.683895367160416,0.3440840894798311,0.9742161530859761,0.2183536305952321,0.5562930665627853,0.5086021022369958,0.20407717661994423,0.9321540309446514,0.14602102920965948,0.02842820220032798,0.10533290196586335,0.3444843509492047,0.8241411913016073,0.43774144281735694,0.28505974305992277,0.5460825766956455,0.4364687932383934,0.5026784259565209,0.5408217699467427,0.5556928965566764,0.5279163627113468,0.6233298955152561,0.5119662601648649,0.4994043012061814,0.453301692778582,0.6053406351782851,0.544010543161639,https://a.espncdn.com/i/headshots/wnba/players/full/4433524.png
2026,4433542,Saylor Poffenbarger,G,11,Mercury,6,2026-05-29,2026-08-29,0,40,0,0,8,0,8,0,0,1,7,8,1,2,0,0,5,8033,1166,2623,963,720,915,276,986,1262,518,312,1051,1363,6.666666666666667,0,1.3333333333333333,0.16666666666666666,0.3333333333333333,0,0,0.16666666666666666,1.1666666666666667,0,0,NA,0,0,0,7.2,0.9,1.8,0,0,0.9,6.3,8,0.09067614854949768,29.030250217851368,0.03444682675814751,8,0,33.03871529939002,0.03026752072343632,32.3166936387402,0.21660631741140216,1,0,8,8,29.030250217851368,40,8,33.03871529939002,32.3166936387402,8,0,8,8,3.408520756527999e-4,3.193072310315539e-4,4.4919593926870903e-4,0.0016044566367290735,0.105869472080735,3.708470583102462e-4,0.6506466409558055,0.998716695424471,0.0016418676244227808,NA,0.9999550804060732,0.0011229898481717726,0.2183536305952321,0.5562930665627853,0.5086021022369958,0.20407717661994423,0.9321540309446514,0.14602102920965948,0.02842820220032798,0.10533290196586335,0.3444843509492047,0.8241411913016073,0.43774144281735694,0.28505974305992277,0.5460825766956455,0.4364687932383934,0.5026784259565209,0.5408217699467427,0.5556928965566764,0.5279163627113468,0.6233298955152561,0.5119662601648649,0.4994043012061814,0.453301692778582,0.6053406351782851,0.544010543161639,https://a.espncdn.com/i/headshots/wnba/players/full/4433542.png
2026,4433546,Makayla Timpson,F,5,Fever,39,2026-05-09,2026-08-28,10,753,216,91,143,0,0,34,52,60,130,190,21,22,31,30,78,8109,1365,2777,1055,733,905,311,1018,1329,536,336,922,1258,19.307692307692307,5.538461538461538,4.871794871794871,0.5384615384615384,0.5641025641025641,0.7948717948717948,0.7692307692307693,1.5384615384615385,3.3333333333333335,0.6363636363636364,NA,0.6538461538461539,0.6363636363636364,0.6510730648661683,10.326693227091633,9.08366533864542,1.00398406374502,1.051792828685259,1.4820717131474104,1.4342629482071714,2.8685258964143427,6.2151394422310755,195.88,0.11367842705487599,542.7680355160933,0.03869056139245942,195.88,0.153154992852767,572.480577136515,0.10480704917556054,628.6607473177951,0.20678879754247412,0,0.36363636363636365,165.88,143,542.7680355160933,753,195.88,572.480577136515,628.6607473177951,0,52,143,143,0.03595174030032116,0.9954939472819632,0.9945437576279704,0.03907716369553134,0.2547977357448571,0.6346324103810433,0.7755811526356375,0.6418205855347094,NA,0.10544611819235226,0.014143154569602986,0.6810969918874291,0.20109525277908555,0.5576019105865703,0.517768684040491,0.12420123916161148,0.8692183950177319,0.141372276712091,0.07306816022078576,0.18544112394679418,0.3297966401414677,0.747856315179606,0.32479000646133965,0.3097853399382583,0.48257248911195416,0.4131951780434178,0.48278876487058314,0.6239137397863301,0.5937270061966523,0.5531904399638512,0.6316023323871088,0.5313139682280483,0.4814167576845061,0.5735587212868926,0.48200833639507923,0.518404682570853,https://a.espncdn.com/i/headshots/wnba/players/full/4433546.png
2026,4433630,Rickea Jackson,F,19,Sky,4,2026-05-09,2026-05-17,4,118,72,24,60,6,21,18,22,4,15,19,8,1,7,8,7,8057,1232,2791,931,708,924,317,1015,1332,505,365,1110,1475,29.5,18,4.75,2,0.25,1.75,2,1,3.75,0.4,0.2857142857142857,0.8181818181818182,0.45,0.5166475315729047,21.966101694915253,5.796610169491525,2.440677966101695,0.3050847457627119,2.135593220338983,2.440677966101695,1.2203389830508475,4.576271186440678,77.68,0.28650253164278827,66.21720243266724,0.12081452713341033,77.68,0.10298661174047373,104.49671093459104,0.03827871675792525,101.05498324438376,0.1484340456890199,0.35,0.36666666666666664,69.68,60,66.21720243266724,118,77.68,104.49671093459104,101.05498324438376,21,22,60,60,0.9677501952955473,0.26316560944173467,0.1341804867542537,0.5862184468627576,0.05409820976575084,0.20935465671382697,0.17869597113365668,0.27350952797224626,0.2546419098143236,0.7186558516801854,0.49960514035465575,0.6854045516548208,0.20109525277908555,0.5576019105865703,0.517768684040491,0.12420123916161148,0.8692183950177319,0.141372276712091,0.07306816022078576,0.18544112394679418,0.3297966401414677,0.747856315179606,0.32479000646133965,0.3097853399382583,0.48257248911195416,0.4131951780434178,0.48278876487058314,0.6239137397863301,0.5937270061966523,0.5531904399638512,0.6316023323871088,0.5313139682280483,0.4814167576845061,0.5735587212868926,0.48200833639507923,0.518404682570853,https://a.espncdn.com/i/headshots/wnba/players/full/4433630.png
2026,4433633,Kierstan Bell,F,17,Aces,27,2026-05-09,2026-08-28,0,279,60,22,73,13,52,3,4,11,31,42,16,6,10,12,28,8252,1349,2810,979,667,821,320,1053,1373,487,344,1041,1385,10.333333333333334,2.2222222222222223,1.5555555555555556,0.5925925925925926,0.2222222222222222,0.37037037037037035,0.4444444444444444,0.4074074074074074,1.1481481481481481,0.3013698630136986,0.25,0.75,0.3904109589041096,0.40128410914927765,7.741935483870968,5.419354838709677,2.064516129032258,0.7741935483870968,1.2903225806451613,1.5483870967741935,1.4193548387096775,4,86.76,0.14029182374319965,206.04835191468734,0.07765167666385737,86.76,0.1383125864453665,230.07695104217157,0.0478100911463477,236.1627484246243,0.1312654100055675,0.7123287671232876,0.0547945205479452,74.76,73,206.04835191468734,279,86.76,230.07695104217157,236.1627484246243,52,4,73,73,0.12567919451436507,0.00697515732012434,0.01249192332543614,0.20793809725119508,0.03743844631598325,0.5424116830136273,0.25665711197349805,0.20563080028137545,0.1259946949602122,0.5712630359212051,0.998923110058152,0.009476631488261899,0.20109525277908555,0.5576019105865703,0.517768684040491,0.12420123916161148,0.8692183950177319,0.141372276712091,0.07306816022078576,0.18544112394679418,0.3297966401414677,0.747856315179606,0.32479000646133965,0.3097853399382583,0.48257248911195416,0.4131951780434178,0.48278876487058314,0.6239137397863301,0.5937270061966523,0.5531904399638512,0.6316023323871088,0.5313139682280483,0.4814167576845061,0.5735587212868926,0.48200833639507923,0.518404682570853,https://a.espncdn.com/i/headshots/wnba/players/full/4433633.png
2026,4433634,Ashten Prechtel,F,129689,Valkyries,5,2026-05-25,2026-08-30,0,40,11,3,8,2,5,3,3,2,8,10,3,1,4,7,11,8000,1156,2720,1223,569,731,363,952,1315,413,314,983,1297,8,2.2,2,0.6,0.2,0.8,1.4,0.4,1.6,0.375,0.4,1,0.5,0.5901287553648068,9.9,9,2.7,0.9,3.6,6.3,1.8,7.2,16.32,0.18896324942685777,25.900000000000002,0.11583011583011582,16.32,0.42892156862745096,33.65,0.05943536404160476,31.650000000000002,0.2527646129541864,0.625,0.375,9.32,8,25.900000000000002,40,16.32,33.65,31.650000000000002,5,3,8,8,0.37248936724242687,0.7121256539209987,0.3958647426233039,0.530505993904446,0.026968567352386213,0.9998915024737436,0.4443339446044826,0.8726294417003762,0.9423076923076923,0.9976825028968713,0.9348840548495944,0.6859788929571398,0.20109525277908555,0.5576019105865703,0.517768684040491,0.12420123916161148,0.8692183950177319,0.141372276712091,0.07306816022078576,0.18544112394679418,0.3297966401414677,0.747856315179606,0.32479000646133965,0.3097853399382583,0.48257248911195416,0.4131951780434178,0.48278876487058314,0.6239137397863301,0.5937270061966523,0.5531904399638512,0.6316023323871088,0.5313139682280483,0.4814167576845061,0.5735587212868926,0.48200833639507923,0.518404682570853,https://a.espncdn.com/i/headshots/wnba/players/full/4433634.png
2026,4433635,Diamond Miller,F,18,Sun,40,2026-05-08,2026-08-30,40,902,383,125,348,46,145,87,109,15,91,106,57,27,8,58,128,8025,1162,2745,792,603,852,369,931,1300,542,311,1038,1349,22.55,9.575,2.65,1.425,0.675,0.2,1.45,0.375,2.275,0.35919540229885055,0.31724137931034485,0.7981651376146789,0.42528735632183906,0.48363471057682594,15.286031042128602,4.23059866962306,2.2749445676274944,1.0776053215077606,0.31929046563192903,2.3148558758314857,0.5986696230598669,3.631929046563193,453.96,0.2205880482992306,528.0367601246106,0.10794703002599412,453.96,0.1277645607542515,790.7252336448598,0.018969927051470555,697.996261682243,0.1303731910836895,0.4166666666666667,0.3132183908045977,395.96,348,528.0367601246106,902,453.96,790.7252336448598,697.996261682243,145,109,348,348,0.6757160836732923,0.07319113447395689,0.06856199296431904,0.43522374550761983,0.437111694049427,0.40962373057894286,0.02718366336845904,0.19904618360685636,0.39699381078691426,0.6771726535341831,0.6210783257951037,0.5376552516332831,0.20109525277908555,0.5576019105865703,0.517768684040491,0.12420123916161148,0.8692183950177319,0.141372276712091,0.07306816022078576,0.18544112394679418,0.3297966401414677,0.747856315179606,0.32479000646133965,0.3097853399382583,0.48257248911195416,0.4131951780434178,0.48278876487058314,0.6239137397863301,0.5937270061966523,0.5531904399638512,0.6316023323871088,0.5313139682280483,0.4814167576845061,0.5735587212868926,0.48200833639507923,0.518404682570853,https://a.espncdn.com/i/headshots/wnba/players/full/4433635.png
2026,4433643,Mackenzie Holmes,F,14,Storm,25,2026-05-08,2026-08-30,0,242,66,24,45,6,11,12,17,23,49,72,13,14,6,12,37,8030,1187,2788,1060,602,756,345,1017,1362,563,390,1064,1454,9.68,2.64,2.88,0.52,0.56,0.24,0.48,0.92,1.96,0.5333333333333333,0.5454545454545454,0.7058823529411765,0.6,0.6288109756097561,9.818181818181818,10.710743801652892,1.9338842975206612,2.0826446280991737,0.8925619834710744,1.7851239669421488,3.4214876033057853,7.289256198347108,64.48,0.11616572935268574,154.86301369863014,0.0839451570101725,64.48,0.18610421836228286,212.31506849315068,0.10832956964965482,212.013698630137,0.23111714156490276,0.24444444444444444,0.37777777777777777,52.480000000000004,45,154.86301369863014,242,64.48,212.31506849315068,212.013698630137,11,17,45,45,0.03944970054682754,0.9463696327933483,0.940842845861153,0.28014760523445165,0.23747066132817893,0.8610124989150247,0.8099858432873775,0.7563696514561741,0.9971264367816092,0.3520278099652375,0.37662430899562066,0.6897839040850026,0.20109525277908555,0.5576019105865703,0.517768684040491,0.12420123916161148,0.8692183950177319,0.141372276712091,0.07306816022078576,0.18544112394679418,0.3297966401414677,0.747856315179606,0.32479000646133965,0.3097853399382583,0.48257248911195416,0.4131951780434178,0.48278876487058314,0.6239137397863301,0.5937270061966523,0.5531904399638512,0.6316023323871088,0.5313139682280483,0.4814167576845061,0.5735587212868926,0.48200833639507923,0.518404682570853,https://a.espncdn.com/i/headshots/wnba/players/full/4433643.png
2026,4433690,Holly Winterburn,G,132052,Fire,27,2026-05-18,2026-08-30,1,281,90,35,88,7,43,13,15,10,24,34,48,13,1,24,26,8113,1232,2727,1188,585,724,317,893,1210,563,387,978,1365,10.407407407407407,3.3333333333333335,1.2592592592592593,1.7777777777777777,0.48148148148148145,0.037037037037037035,0.8888888888888888,0.37037037037037035,0.8888888888888888,0.3977272727272727,0.16279069767441862,0.8666666666666667,0.4375,0.47568710359408034,11.530249110320284,4.355871886120997,6.149466192170818,1.6654804270462633,0.12811387900355872,3.074733096085409,1.2811387900355873,3.074733096085409,118.6,0.1897823893159697,178.3563416738568,0.26912415644728244,118.6,0.20236087689713322,224.26660914581538,0.04458978551505242,221.66892641439665,0.10826957295373665,0.48863636363636365,0.17045454545454544,94.6,88,178.3563416738568,281,118.6,224.26660914581538,221.66892641439665,43,15,88,88,0.37438919308043017,0.0767375102976582,0.0784296109963166,0.7327597506300902,0.1571063613716063,0.9196107196614384,0.8635766631141955,0.5493819043400773,0.013340174448435094,0.6243302867948314,0.6793639385499955,0.17267091905489174,0.2183536305952321,0.5562930665627853,0.5086021022369958,0.20407717661994423,0.9321540309446514,0.14602102920965948,0.02842820220032798,0.10533290196586335,0.3444843509492047,0.8241411913016073,0.43774144281735694,0.28505974305992277,0.5460825766956455,0.4364687932383934,0.5026784259565209,0.5408217699467427,0.5556928965566764,0.5279163627113468,0.6233298955152561,0.5119662601648649,0.4994043012061814,0.453301692778582,0.6053406351782851,0.544010543161639,https://a.espncdn.com/i/headshots/wnba/players/full/4433690.png
2026,4433730,Paige Bueckers,G,3,Wings,39,2026-05-09,2026-08-30,39,1280,790,301,596,71,181,117,134,26,128,154,232,33,15,82,96,8051,1325,2836,952,584,738,340,1031,1371,438,336,1006,1342,32.82051282051282,20.256410256410255,3.948717948717949,5.948717948717949,0.8461538461538461,0.38461538461538464,2.1025641025641026,0.6666666666666666,3.282051282051282,0.5050335570469798,0.39226519337016574,0.8731343283582089,0.5645973154362416,0.6030902650543545,22.21875,4.33125,6.525,0.928125,0.421875,2.30625,0.73125,3.6,736.96,0.2576117758536368,752.2853061731462,0.3083936348300851,736.96,0.1112679114198871,1069.9788846106073,0.024299544947994058,1086.6724630480685,0.11779078273591807,0.3036912751677852,0.22483221476510068,654.96,596,752.2853061731462,1280,736.96,1069.9788846106073,1086.6724630480685,181,134,596,596,0.7685109945245522,0.7345886364942621,0.8407600395292426,0.8672553703548164,0.4671617397375478,0.2514806614166358,0.5189441907517769,0.7123918198461539,0.8251410979989738,0.7124172707217145,0.18255322971880333,0.2965591591052017,0.2183536305952321,0.5562930665627853,0.5086021022369958,0.20407717661994423,0.9321540309446514,0.14602102920965948,0.02842820220032798,0.10533290196586335,0.3444843509492047,0.8241411913016073,0.43774144281735694,0.28505974305992277,0.5460825766956455,0.4364687932383934,0.5026784259565209,0.5408217699467427,0.5556928965566764,0.5279163627113468,0.6233298955152561,0.5119662601648649,0.4994043012061814,0.453301692778582,0.6053406351782851,0.544010543161639,https://a.espncdn.com/i/headshots/wnba/players/full/4433730.png
2026,4433744,Michelle Onyiah,C,5,Fever,1,2026-08-23,2026-08-23,0,1,0,0,0,0,0,0,0,0,0,0,0,0,0,0,0,8109,1365,2777,1055,733,905,311,1018,1329,536,336,922,1258,1,0,0,0,0,0,0,0,0,NA,NA,NA,NA,NA,0,0,0,0,0,0,0,0,0,0,0.8416574176840548,0,0,NA,0.7602663706992231,0,0.8348748304353187,0,NA,NA,0,0,0.8416574176840548,1,0,0.7602663706992231,0.8348748304353187,0,0,0,0,0,NA,NA,9.568072155019941e-5,0.003377930851768446,NA,0.002121827525530127,6.5988451967701e-5,NA,NA,NA,NA,0.2301817032026182,0.5835746591611622,0.5419639504318438,0.12732307217240074,0.6806470117654635,0.14148835130454215,0.08404596441834357,0.22810925115503222,0.35238907849829354,0.7512064343163539,0.22005257228689448,0.35016898235073224,0.5655136617832318,0.4125217927981165,0.400021804174288,0.5422970364883264,0.6292608719804802,0.4351423489147889,0.523775153269908,0.46241091424709707,0.3113508752614775,0.5153506875378362,0.586265792884571,0.4794253388732087,https://a.espncdn.com/i/headshots/wnba/players/full/4433744.png
2026,4433790,Azzi Fudd,G,3,Wings,30,2026-05-09,2026-08-05,24,951,393,156,342,62,156,19,23,16,36,52,55,52,25,33,68,8051,1325,2836,952,584,738,340,1031,1371,438,336,1006,1342,31.7,13.1,1.7333333333333334,1.8333333333333333,1.7333333333333334,0.8333333333333334,1.1,0.5333333333333333,1.2,0.45614035087719296,0.3974358974358974,0.8260869565217391,0.5467836257309941,0.5580483925934341,14.876971608832807,1.9684542586750788,2.082018927444795,1.9684542586750788,0.9463722397476341,1.249211356466877,0.6056782334384858,1.362776025236593,385.12,0.18119546372651157,626.5580673208297,0.08778116964510681,385.12,0.08568757789779809,794.9608744255372,0.02012677669396256,807.3636815302447,0.044589570751767095,0.45614035087719296,0.06725146198830409,352.12,342,626.5580673208297,951,385.12,794.9608744255372,807.3636815302447,156,23,342,342,0.324289391592679,0.4457065949715497,0.7142215434372473,0.12045693523030121,0.9587280430332746,0.13414028926070548,0.2801416032300722,0.04801780362961669,0.8445356593124679,0.45225338796092024,0.6404186506153985,0.0208426915820681,0.2183536305952321,0.5562930665627853,0.5086021022369958,0.20407717661994423,0.9321540309446514,0.14602102920965948,0.02842820220032798,0.10533290196586335,0.3444843509492047,0.8241411913016073,0.43774144281735694,0.28505974305992277,0.5460825766956455,0.4364687932383934,0.5026784259565209,0.5408217699467427,0.5556928965566764,0.5279163627113468,0.6233298955152561,0.5119662601648649,0.4994043012061814,0.453301692778582,0.6053406351782851,0.544010543161639,https://a.espncdn.com/i/headshots/wnba/players/full/4433790.png
2026,4433791,Olivia Miles,G,8,Lynx,39,2026-05-09,2026-08-30,39,1201,760,272,544,64,160,152,175,23,164,187,236,50,24,118,115,8008,1359,2820,946,564,697,370,1003,1373,497,376,938,1314,30.794871794871796,19.487179487179485,4.794871794871795,6.051282051282051,1.2820512820512822,0.6153846153846154,3.0256410256410255,0.5897435897435898,4.205128205128205,0.5,0.4,0.8685714285714285,0.5588235294117647,0.6119162640901772,22.781015820149875,5.605328892589509,7.074104912572856,1.4987510407993339,0.7194004995836802,3.537052456286428,0.6894254787676936,4.915903413821815,739,0.27196038800822697,747.0802947052947,0.31589643264931294,739,0.15967523680649526,980.8366633366634,0.02344936813613528,1034.0777972027972,0.1585954175243135,0.29411764705882354,0.32169117647058826,621,544,747.0802947052947,1201,739,980.8366633366634,1034.0777972027972,160,175,544,544,0.8141524508627647,0.8399536365900542,0.7999730482436439,0.8863298151504941,0.8251852557084146,0.6594805959730372,0.4431744404901552,0.9588050620439743,0.8696767573114418,0.6519067128900095,0.15578115173838827,0.644730931632378,0.2183536305952321,0.5562930665627853,0.5086021022369958,0.20407717661994423,0.9321540309446514,0.14602102920965948,0.02842820220032798,0.10533290196586335,0.3444843509492047,0.8241411913016073,0.43774144281735694,0.28505974305992277,0.5460825766956455,0.4364687932383934,0.5026784259565209,0.5408217699467427,0.5556928965566764,0.5279163627113468,0.6233298955152561,0.5119662601648649,0.4994043012061814,0.453301692778582,0.6053406351782851,0.544010543161639,https://a.espncdn.com/i/headshots/wnba/players/full/4433791.png
2026,4433792,Rayah Marshall,C,18,Sun,4,2026-08-02,2026-08-26,0,27,8,2,8,0,0,4,6,4,2,6,1,0,1,3,2,8025,1162,2745,792,603,852,369,931,1300,542,311,1038,1349,6.75,2,1.5,0.25,0,0.25,0.75,1,0.5,0.25,NA,0.6666666666666666,0.25,0.37593984962406013,10.666666666666666,8,1.3333333333333333,0,1.3333333333333333,4,5.333333333333333,2.6666666666666665,13.64,0.22142239019908413,17.547663551401868,0.05698764380059651,13.64,0.21994134897360704,23.669158878504675,0.16899628839927347,20.893457943925235,0.09572374306673823,0,0.75,10.64,8,17.547663551401868,27,13.64,23.669158878504675,20.893457943925235,0,6,8,8,0.47299290463154364,0.0017310382975954186,0.0015020653398422831,0.03267766834212899,0.005166247185057623,0.9424828202692888,1,0.0035310760992109795,NA,0.1002680965147453,0.11622230567029666,0.9994367254975591,0.2301817032026182,0.5835746591611622,0.5419639504318438,0.12732307217240074,0.6806470117654635,0.14148835130454215,0.08404596441834357,0.22810925115503222,0.35238907849829354,0.7512064343163539,0.22005257228689448,0.35016898235073224,0.5655136617832318,0.4125217927981165,0.400021804174288,0.5422970364883264,0.6292608719804802,0.4351423489147889,0.523775153269908,0.46241091424709707,0.3113508752614775,0.5153506875378362,0.586265792884571,0.4794253388732087,https://a.espncdn.com/i/headshots/wnba/players/full/4433792.png
2026,4433795,Sania Feagin,F,6,Sparks,3,2026-05-10,2026-06-17,0,10,0,0,1,0,0,0,0,0,1,1,2,0,0,0,3,8029,1266,2726,1042,615,788,295,951,1246,580,383,1045,1428,3.3333333333333335,0,0.3333333333333333,0.6666666666666666,0,0,0,0,0.3333333333333333,0,NA,NA,0,0,0,3.6,7.2,0,0,0,0,3.6,1,0.043961760003504234,7.883920787146594,0.2536808846761453,1,0,8.344750280234152,0,8.307385726740566,0.12037481259370314,0,0,1,1,7.883920787146594,10,1,8.344750280234152,8.307385726740566,0,0,1,1,5.424876312820068e-5,1.2636154565442645e-4,1.4358532557972575e-4,0.9726636707333882,0.0015647291637903263,0.0010177067962850448,0.002752010264830301,0.11437278827411161,NA,NA,0.01421494723239285,5.025486395290401e-4,0.20109525277908555,0.5576019105865703,0.517768684040491,0.12420123916161148,0.8692183950177319,0.141372276712091,0.07306816022078576,0.18544112394679418,0.3297966401414677,0.747856315179606,0.32479000646133965,0.3097853399382583,0.48257248911195416,0.4131951780434178,0.48278876487058314,0.6239137397863301,0.5937270061966523,0.5531904399638512,0.6316023323871088,0.5313139682280483,0.4814167576845061,0.5735587212868926,0.48200833639507923,0.518404682570853,https://a.espncdn.com/i/headshots/wnba/players/full/4433795.png
2026,4433797,Raven Johnson,G,5,Fever,35,2026-05-09,2026-08-28,0,365,107,44,110,11,45,8,10,17,42,59,42,11,3,27,44,8109,1365,2777,1055,733,905,311,1018,1329,536,336,922,1258,10.428571428571429,3.057142857142857,1.6857142857142857,1.2,0.3142857142857143,0.08571428571428572,0.7714285714285715,0.4857142857142857,1.2,0.4,0.24444444444444444,0.8,0.45,0.46765734265734266,10.553424657534247,5.8191780821917805,4.142465753424657,1.084931506849315,0.2958904109589041,2.663013698630137,1.6767123287671233,4.142465753424657,141.4,0.16929318730123108,263.20495745468,0.15957146250648327,141.4,0.19094766619519093,277.49722530521643,0.06126187381261874,304.72931310889135,0.13782723943262987,0.4090909090909091,0.09090909090909091,114.4,110,263.20495745468,365,141.4,277.49722530521643,304.72931310889135,45,10,110,110,0.1496776902772627,0.05054154506382951,0.12087862725720959,0.39581661137253654,0.1047587312165786,0.810300822407888,0.9409730256698386,0.8379014543400221,0.05069266290405336,0.30507406240151275,0.47875303207259007,0.045234031084359,0.2183536305952321,0.5562930665627853,0.5086021022369958,0.20407717661994423,0.9321540309446514,0.14602102920965948,0.02842820220032798,0.10533290196586335,0.3444843509492047,0.8241411913016073,0.43774144281735694,0.28505974305992277,0.5460825766956455,0.4364687932383934,0.5026784259565209,0.5408217699467427,0.5556928965566764,0.5279163627113468,0.6233298955152561,0.5119662601648649,0.4994043012061814,0.453301692778582,0.6053406351782851,0.544010543161639,https://a.espncdn.com/i/headshots/wnba/players/full/4433797.png
2026,4433807,Aziaha James,G,3,Wings,35,2026-05-09,2026-08-30,2,405,215,78,199,13,55,46,63,21,63,84,43,28,9,24,54,8051,1325,2836,952,584,738,340,1031,1371,438,336,1006,1342,11.571428571428571,6.142857142857143,2.4,1.2285714285714286,0.8,0.2571428571428571,0.6857142857142857,0.6,1.8,0.39195979899497485,0.23636363636363636,0.7301587301587301,0.42462311557788945,0.4741531404375441,19.11111111111111,7.466666666666667,3.8222222222222224,2.488888888888889,0.8,2.1333333333333333,1.8666666666666667,5.6,250.72,0.2769910398868843,255.26605390634705,0.16845169712920777,250.72,0.09572431397574985,338.548006458825,0.06202960761653183,343.82995901130295,0.18323010647809476,0.27638190954773867,0.3165829145728643,226.72,199,255.26605390634705,405,250.72,338.548006458825,343.82995901130295,55,63,199,199,0.8226982941035318,0.07296170229071007,0.06558260713323151,0.44104009196695093,0.4016914996588439,0.1509306625073624,0.9585434108135884,0.9675125589604499,0.04176500769625449,0.09344468956823196,0.12069894888150211,0.6076722666427096,0.2183536305952321,0.5562930665627853,0.5086021022369958,0.20407717661994423,0.9321540309446514,0.14602102920965948,0.02842820220032798,0.10533290196586335,0.3444843509492047,0.8241411913016073,0.43774144281735694,0.28505974305992277,0.5460825766956455,0.4364687932383934,0.5026784259565209,0.5408217699467427,0.5556928965566764,0.5279163627113468,0.6233298955152561,0.5119662601648649,0.4994043012061814,0.453301692778582,0.6053406351782851,0.544010543161639,https://a.espncdn.com/i/headshots/wnba/players/full/4433807.png
2026,4433815,Lucy Olsen,G,16,Mystics,19,2026-05-08,2026-08-25,0,139,52,18,42,8,20,8,10,1,10,11,18,3,1,10,18,8150,1170,2604,781,729,996,410,1094,1504,601,304,893,1197,7.315789473684211,2.736842105263158,0.5789473684210527,0.9473684210526315,0.15789473684210525,0.05263157894736842,0.5263157894736842,0.05263157894736842,0.5263157894736842,0.42857142857142855,0.4,0.8,0.5238095238095238,0.560344827586207,13.467625899280575,2.8489208633093526,4.661870503597123,0.7769784172661871,0.2589928057553957,2.5899280575539567,0.2589928057553957,2.5899280575539567,56.4,0.18153657046036736,81.77300613496932,0.2201215395003376,56.4,0.1773049645390071,111.11472392638036,0.008999707371478106,119.21595092024539,0.08388139273988535,0.47619047619047616,0.23809523809523808,46.4,42,81.77300613496932,139,56.4,111.11472392638036,119.21595092024539,20,10,42,42,0.33244393665059657,0.505828953502481,0.5941514688707215,0.5643101073877935,0.011075673188302312,0.7458893239676273,0.05376277795422992,0.2466383350459245,0.8717290918419702,0.3066498581783801,0.6628784475788339,0.3961458988410745,0.2183536305952321,0.5562930665627853,0.5086021022369958,0.20407717661994423,0.9321540309446514,0.14602102920965948,0.02842820220032798,0.10533290196586335,0.3444843509492047,0.8241411913016073,0.43774144281735694,0.28505974305992277,0.5460825766956455,0.4364687932383934,0.5026784259565209,0.5408217699467427,0.5556928965566764,0.5279163627113468,0.6233298955152561,0.5119662601648649,0.4994043012061814,0.453301692778582,0.6053406351782851,0.544010543161639,https://a.espncdn.com/i/headshots/wnba/players/full/4433815.png
2026,4434015,JJ Quinerly,G,3,Wings,2,2026-06-09,2026-06-11,0,13,2,1,3,0,1,0,0,0,1,1,2,0,1,0,0,8051,1325,2836,952,584,738,340,1031,1371,438,336,1006,1342,6.5,1,0.5,1,0,0.5,0,0,0.5,0.3333333333333333,0,NA,0.3333333333333333,0.3333333333333333,5.538461538461538,2.769230769230769,5.538461538461538,0,2.769230769230769,0,0,2.769230769230769,3,0.10325466148647724,9.697428890821016,0.20624023362451008,3,0,10.86697304682648,0,11.036517202831945,0.09060829441224467,0.3333333333333333,0,3,3,9.697428890821016,13,3,10.86697304682648,11.036517202831945,1,0,3,3,0.007768700508278614,0.006208929107408566,0.006288743149761926,0.5371447643237457,6.188413386014186e-4,4.731026810060862e-4,0.006438697291173275,0.3195422867846832,0.0017444843509492047,NA,0.2207348845566436,0.0012577486299523853,0.2183536305952321,0.5562930665627853,0.5086021022369958,0.20407717661994423,0.9321540309446514,0.14602102920965948,0.02842820220032798,0.10533290196586335,0.3444843509492047,0.8241411913016073,0.43774144281735694,0.28505974305992277,0.5460825766956455,0.4364687932383934,0.5026784259565209,0.5408217699467427,0.5556928965566764,0.5279163627113468,0.6233298955152561,0.5119662601648649,0.4994043012061814,0.453301692778582,0.6053406351782851,0.544010543161639,https://a.espncdn.com/i/headshots/wnba/players/full/4434015.png
2026,4434020,Teonni Key,F,131935,Tempo,34,2026-05-08,2026-08-29,1,350,69,28,75,3,19,10,19,27,37,64,17,14,18,18,48,8036,1194,2712,1119,674,834,337,934,1271,558,400,984,1384,10.294117647058824,2.0294117647058822,1.8823529411764706,0.5,0.4117647058823529,0.5294117647058824,0.5294117647058824,0.7941176470588235,1.088235294117647,0.37333333333333335,0.15789473684210525,0.5263157894736842,0.3933333333333333,0.4138675623800384,7.097142857142857,6.582857142857143,1.7485714285714287,1.44,1.8514285714285714,1.8514285714285714,2.777142857142857,3.8057142857142856,101.36,0.1279764198671418,232.01742160278746,0.0732703599693643,101.36,0.17758484609313338,287.67421602787454,0.09385616956850872,290.5052264808362,0.1273643178410795,0.25333333333333335,0.25333333333333335,83.36,75,232.01742160278746,350,101.36,287.67421602787454,290.5052264808362,19,19,75,75,0.08658102595260829,0.012241906543000836,0.017876373034675857,0.1365311750045259,0.11505361498458282,0.8007486329311693,0.7521172129230488,0.1656848042158876,0.014146772767462422,0.008111239860950173,0.3978749371814201,0.39292124344891954,0.20109525277908555,0.5576019105865703,0.517768684040491,0.12420123916161148,0.8692183950177319,0.141372276712091,0.07306816022078576,0.18544112394679418,0.3297966401414677,0.747856315179606,0.32479000646133965,0.3097853399382583,0.48257248911195416,0.4131951780434178,0.48278876487058314,0.6239137397863301,0.5937270061966523,0.5531904399638512,0.6316023323871088,0.5313139682280483,0.4814167576845061,0.5735587212868926,0.48200833639507923,0.518404682570853,https://a.espncdn.com/i/headshots/wnba/players/full/4434020.png
2026,4565505,Kiki Rice,G,131935,Tempo,24,2026-05-08,2026-08-29,16,640,301,99,206,21,60,82,95,25,60,85,78,19,5,40,73,8036,1194,2712,1119,674,834,337,934,1271,558,400,984,1384,26.666666666666668,12.541666666666666,3.5416666666666665,3.25,0.7916666666666666,0.20833333333333334,1.6666666666666667,1.0416666666666667,2.5,0.48058252427184467,0.35,0.8631578947368421,0.5315533980582524,0.6073446327683616,16.93125,4.78125,4.3875,1.06875,0.28125,2.25,1.40625,3.375,287.8,0.19872029112225598,376.4604280736685,0.20719309171251435,287.8,0.13898540653231412,526.0328521652564,0.047525548826646474,531.2095569935292,0.11294977511244376,0.2912621359223301,0.46116504854368934,247.8,206,376.4604280736685,640,287.8,526.0328521652564,531.2095569935292,60,95,206,206,0.4246117013154163,0.8087716889436678,0.6539394483873866,0.5467565472926448,0.36206978626172226,0.45276880958094284,0.8748894897083456,0.586851925762409,0.5178040020523346,0.6219665931295304,0.1313448926421705,0.9353607043392328,0.2183536305952321,0.5562930665627853,0.5086021022369958,0.20407717661994423,0.9321540309446514,0.14602102920965948,0.02842820220032798,0.10533290196586335,0.3444843509492047,0.8241411913016073,0.43774144281735694,0.28505974305992277,0.5460825766956455,0.4364687932383934,0.5026784259565209,0.5408217699467427,0.5556928965566764,0.5279163627113468,0.6233298955152561,0.5119662601648649,0.4994043012061814,0.453301692778582,0.6053406351782851,0.544010543161639,https://a.espncdn.com/i/headshots/wnba/players/full/4565505.png
2026,4565515,Tonie Morgan,G,6,Sparks,8,2026-08-11,2026-08-30,1,118,36,14,26,1,4,7,10,1,8,9,18,6,0,12,15,8029,1266,2726,1042,615,788,295,951,1246,580,383,1045,1428,14.75,4.5,1.125,2.25,0.75,0,1.5,0.125,1,0.5384615384615384,0.25,0.7,0.5576923076923077,0.5921052631578948,10.983050847457626,2.7457627118644066,5.491525423728813,1.8305084745762712,0,3.6610169491525424,0.3050847457627119,2.440677966101695,42.4,0.15796429018208302,79.03026528832982,0.22776084496654234,42.4,0.2830188679245283,98.468053306763,0.010155578041993421,98.02715157553868,0.0816100424364089,0.15384615384615385,0.38461538461538464,30.4,26,79.03026528832982,118,42.4,98.468053306763,98.02715157553868,4,10,26,26,0.08602561026155625,0.6833861254621972,0.7755367891474261,0.5877115057013316,0.33733200044429634,0.9901684627298706,0.09847042123071088,0.23790887039564765,0.051103129810159055,0.051213362748187836,0.0025604168538316415,0.8010960380918156,0.2183536305952321,0.5562930665627853,0.5086021022369958,0.20407717661994423,0.9321540309446514,0.14602102920965948,0.02842820220032798,0.10533290196586335,0.3444843509492047,0.8241411913016073,0.43774144281735694,0.28505974305992277,0.5460825766956455,0.4364687932383934,0.5026784259565209,0.5408217699467427,0.5556928965566764,0.5279163627113468,0.6233298955152561,0.5119662601648649,0.4994043012061814,0.453301692778582,0.6053406351782851,0.544010543161639,https://a.espncdn.com/i/headshots/wnba/players/full/4565515.png
2026,4583144,Cotie McMahon,G,16,Mystics,38,2026-05-15,2026-08-28,5,749,240,80,208,22,77,58,96,19,93,112,71,20,6,41,74,8150,1170,2604,781,729,996,410,1094,1504,601,304,893,1197,19.710526315789473,6.315789473684211,2.9473684210526314,1.868421052631579,0.5263157894736842,0.15789473684210525,1.0789473684210527,0.5,2.4473684210526314,0.38461538461538464,0.2857142857142857,0.6041666666666666,0.4375,0.479539641943734,11.535380507343124,5.383177570093458,3.4125500667556743,0.9612817089452603,0.2883845126835781,1.9706275033377838,0.9132176234979973,4.469959946595461,291.24,0.17396786255295377,457.62576687116564,0.1551486064376014,291.24,0.1407773657464634,598.740490797546,0.031733280598229205,642.3938650306749,0.14477099652182882,0.3701923076923077,0.46153846153846156,250.24,208,457.62576687116564,749,291.24,598.740490797546,642.3938650306749,77,96,208,208,0.23239567199668418,0.09388271206789747,0.08777288653310573,0.3615070877144088,0.1820186921819711,0.49175819681071525,0.6943700827786953,0.8947087903010758,0.13247819394561314,0.041758588086983926,0.3542808373012308,0.944703979876022,0.2183536305952321,0.5562930665627853,0.5086021022369958,0.20407717661994423,0.9321540309446514,0.14602102920965948,0.02842820220032798,0.10533290196586335,0.3444843509492047,0.8241411913016073,0.43774144281735694,0.28505974305992277,0.5460825766956455,0.4364687932383934,0.5026784259565209,0.5408217699467427,0.5556928965566764,0.5279163627113468,0.6233298955152561,0.5119662601648649,0.4994043012061814,0.453301692778582,0.6053406351782851,0.544010543161639,https://a.espncdn.com/i/headshots/wnba/players/full/4583144.png
2026,4594786,Sydney Taylor,G,19,Sky,33,2026-05-09,2026-08-29,22,670,456,161,370,66,196,68,84,12,39,51,58,24,7,49,86,8057,1232,2791,931,708,924,317,1015,1332,505,365,1110,1475,20.303030303030305,13.818181818181818,1.5454545454545454,1.7575757575757576,0.7272727272727273,0.21212121212121213,1.4848484848484849,0.36363636363636365,1.1818181818181819,0.43513513513513513,0.336734693877551,0.8095238095238095,0.5243243243243243,0.5602516217810104,24.501492537313432,2.7402985074626867,3.1164179104477614,1.2895522388059701,0.3761194029850746,2.6328358208955223,0.6447761194029851,2.0955223880597016,455.96,0.296178273104466,351.2502172024326,0.16512445305214837,455.96,0.1074655671550136,593.3287824252203,0.020224874227321697,573.7867692689587,0.06796950032446464,0.5297297297297298,0.22702702702702704,406.96,370,351.2502172024326,670,455.96,593.3287824252203,573.7867692689587,196,84,370,370,0.9477610108854518,0.503976971562498,0.6107717186236636,0.43452264225243553,0.3229717078434173,0.2145881961562793,0.2914619190676954,0.1357330825478076,0.4434068753206773,0.35817838008194136,0.8100799568771898,0.3173569310933429,0.2183536305952321,0.5562930665627853,0.5086021022369958,0.20407717661994423,0.9321540309446514,0.14602102920965948,0.02842820220032798,0.10533290196586335,0.3444843509492047,0.8241411913016073,0.43774144281735694,0.28505974305992277,0.5460825766956455,0.4364687932383934,0.5026784259565209,0.5408217699467427,0.5556928965566764,0.5279163627113468,0.6233298955152561,0.5119662601648649,0.4994043012061814,0.453301692778582,0.6053406351782851,0.544010543161639,https://a.espncdn.com/i/headshots/wnba/players/full/4594786.png
2026,4595823,Alex Fowler,F,9,Liberty,2,2026-05-14,2026-05-21,0,32,12,4,10,2,7,2,2,0,0,0,1,1,0,3,10,8250,1270,2758,1191,731,861,338,1115,1453,554,329,958,1287,16,6,0,0.5,0.5,0,1.5,0,0,0.4,0.2857142857142857,1,0.5,0.551470588235294,13.5,0,1.125,1.125,0,3.375,0,0,13.88,0.1939091101212732,20.63030303030303,0.04847238542890717,13.88,0.21613832853025935,25.134545454545453,0,28.004848484848484,0,0.7,0.2,10.88,10,20.63030303030303,32,13.88,25.134545454545453,28.004848484848484,7,2,10,10,0.4244531724676678,0.36279410649751065,0.3965826692512025,0.06179166364150059,0.204358230935616,0.9290925266903916,0.0034500471307935656,0.001575819456497557,0.2561892130857648,0.9981460023174971,0.993682245674492,0.23325436140426448,0.20109525277908555,0.5576019105865703,0.517768684040491,0.12420123916161148,0.8692183950177319,0.141372276712091,0.07306816022078576,0.18544112394679418,0.3297966401414677,0.747856315179606,0.32479000646133965,0.3097853399382583,0.48257248911195416,0.4131951780434178,0.48278876487058314,0.6239137397863301,0.5937270061966523,0.5531904399638512,0.6316023323871088,0.5313139682280483,0.4814167576845061,0.5735587212868926,0.48200833639507923,0.518404682570853,https://a.espncdn.com/i/headshots/wnba/players/full/4595823.png
2026,4595910,Haley Jones,G,3,Wings,8,2026-05-09,2026-08-30,0,68,30,12,21,0,3,6,8,2,10,12,5,2,0,6,9,8051,1325,2836,952,584,738,340,1031,1371,438,336,1006,1342,8.5,3.75,1.5,0.625,0.25,0,0.75,0.25,1.25,0.5714285714285714,0,0.75,0.5714285714285714,0.6117455138662317,15.882352941176471,6.352941176470588,2.6470588235294117,1.0588235294117647,0,3.176470588235294,1.0588235294117647,5.294117647058823,30.52,0.20082019358517014,43.95578189044839,0.11375067818066732,30.52,0.1965923984272608,56.84262824493852,0.035184861463158815,57.72947459942864,0.17322173931752657,0.14285714285714285,0.38095238095238093,24.52,21,43.95578189044839,68,30.52,56.84262824493852,57.72947459942864,3,8,21,21,0.4423591871905063,0.8151674127812298,0.8673075195400234,0.19174216561454793,0.05044350295933102,0.8469437839488667,0.770249128115299,0.9609539556707967,0.002052334530528476,0.10872990860384495,0.001392507411732998,0.799928128649717,0.2183536305952321,0.5562930665627853,0.5086021022369958,0.20407717661994423,0.9321540309446514,0.14602102920965948,0.02842820220032798,0.10533290196586335,0.3444843509492047,0.8241411913016073,0.43774144281735694,0.28505974305992277,0.5460825766956455,0.4364687932383934,0.5026784259565209,0.5408217699467427,0.5556928965566764,0.5279163627113468,0.6233298955152561,0.5119662601648649,0.4994043012061814,0.453301692778582,0.6053406351782851,0.544010543161639,https://a.espncdn.com/i/headshots/wnba/players/full/4595910.png
2026,4596309,Liatu King,F,8,Lynx,9,2026-05-21,2026-08-30,0,74,26,10,17,2,6,4,10,8,15,23,0,3,4,5,13,8008,1359,2820,946,564,697,370,1003,1373,497,376,938,1314,8.222222222222221,2.888888888888889,2.5555555555555554,0,0.3333333333333333,0.4444444444444444,0.5555555555555556,0.8888888888888888,1.6666666666666667,0.5882352941176471,0.3333333333333333,0.4,0.6470588235294118,0.6074766355140188,12.64864864864865,11.18918918918919,0,1.4594594594594594,1.945945945945946,2.4324324324324325,3.891891891891892,7.297297297297297,26.4,0.15767993355418292,52.790959040959045,0,26.4,0.1893939393939394,60.43456543456544,0.13237457641127365,63.71503496503497,0.23542324049938262,0.35294117647058826,0.5882352941176471,21.4,17,52.790959040959045,74,26.4,60.43456543456544,63.71503496503497,6,10,17,17,0.20330266469924488,0.8394146933205286,0.9983487687558331,0.0021129671264988057,0.07860462975746697,0.8928717125249546,0.9155157681341354,0.7998978734459327,0.4818744473916888,0.0037079953650057938,0.5008256156220834,0.9883695886280423,0.20109525277908555,0.5576019105865703,0.517768684040491,0.12420123916161148,0.8692183950177319,0.141372276712091,0.07306816022078576,0.18544112394679418,0.3297966401414677,0.747856315179606,0.32479000646133965,0.3097853399382583,0.48257248911195416,0.4131951780434178,0.48278876487058314,0.6239137397863301,0.5937270061966523,0.5531904399638512,0.6316023323871088,0.5313139682280483,0.4814167576845061,0.5735587212868926,0.48200833639507923,0.518404682570853,https://a.espncdn.com/i/headshots/wnba/players/full/4596309.png
2026,4597509,Aaliyah Nye,G,20,Dream,17,2026-05-17,2026-08-20,0,42,14,4,12,3,9,3,3,0,3,3,3,1,1,2,0,8034,1254,2855,1092,770,979,437,985,1422,524,258,967,1225,2.4705882352941178,0.8235294117647058,0.17647058823529413,0.17647058823529413,0.058823529411764705,0.058823529411764705,0.11764705882352941,0,0.17647058823529413,0.3333333333333333,0.3333333333333333,1,0.4583333333333333,0.5255255255255256,12,2.5714285714285716,2.5714285714285716,0.8571428571428571,0.8571428571428571,1.7142857142857142,0,2.5714285714285716,15.32,0.15384156182316694,28.778192681105303,0.10424560128717496,15.32,0.13054830287206265,36.699029126213595,0,32.490664675130695,0.09233421445810826,0.75,0.25,13.32,12,28.778192681105303,42,15.32,36.699029126213595,32.490664675130695,9,3,12,12,0.07690713553369255,0.314116891991136,0.19337885185517922,0.17166984007248412,0.005474365687627934,0.37337754411989266,0.007138890190875104,0.34302834170798296,0.3783478707029246,0.9979514654900725,0.9715209774503638,0.4354056239331596,0.2183536305952321,0.5562930665627853,0.5086021022369958,0.20407717661994423,0.9321540309446514,0.14602102920965948,0.02842820220032798,0.10533290196586335,0.3444843509492047,0.8241411913016073,0.43774144281735694,0.28505974305992277,0.5460825766956455,0.4364687932383934,0.5026784259565209,0.5408217699467427,0.5556928965566764,0.5279163627113468,0.6233298955152561,0.5119662601648649,0.4994043012061814,0.453301692778582,0.6053406351782851,0.544010543161639,https://a.espncdn.com/i/headshots/wnba/players/full/4597509.png
2026,4599199,Morgan Maly,G,19,Sky,2,2026-08-23,2026-08-29,0,6,0,0,0,0,0,0,0,0,0,0,0,0,0,0,0,8057,1232,2791,931,708,924,317,1015,1332,505,365,1110,1475,3,0,0,0,0,0,0,0,0,NA,NA,NA,NA,NA,0,0,0,0,0,0,0,0,0,0,4.587315377932232,0,0,NA,5.313392081419884,0,5.138388978527988,0,NA,NA,0,0,4.587315377932232,6,0,5.313392081419884,5.138388978527988,0,0,0,0,0,NA,NA,5.840240735333278e-4,7.140476983862522e-4,NA,0.007240266153600088,9.801546949253194e-5,NA,NA,NA,NA,0.2183536305952321,0.5562930665627853,0.5086021022369958,0.20407717661994423,0.9321540309446514,0.14602102920965948,0.02842820220032798,0.10533290196586335,0.3444843509492047,0.8241411913016073,0.43774144281735694,0.28505974305992277,0.5460825766956455,0.4364687932383934,0.5026784259565209,0.5408217699467427,0.5556928965566764,0.5279163627113468,0.6233298955152561,0.5119662601648649,0.4994043012061814,0.453301692778582,0.6053406351782851,0.544010543161639,https://a.espncdn.com/i/headshots/wnba/players/full/4599199.png
2026,4609797,Ta'Niya Latson,G,17,Aces,17,2026-05-10,2026-08-23,0,102,48,12,31,3,9,21,27,4,11,15,7,1,1,11,8,8252,1349,2810,979,667,821,320,1053,1373,487,344,1041,1385,6,2.823529411764706,0.8823529411764706,0.4117647058823529,0.058823529411764705,0.058823529411764705,0.6470588235294118,0.23529411764705882,0.6470588235294118,0.3870967741935484,0.3333333333333333,0.7777777777777778,0.43548387096774194,0.5597014925373134,16.941176470588236,5.294117647058823,2.4705882352941178,0.35294117647058826,0.35294117647058826,3.8823529411764706,1.411764705882353,3.8823529411764706,53.88,0.23831119046638954,71.37251575375666,0.09807696878936985,53.88,0.20415738678544915,84.11415414444983,0.047554422209736213,86.33906931652932,0.12740466265246256,0.2903225806451613,0.8709677419354839,42.88,31,71.37251575375666,102,53.88,84.11415414444983,86.33906931652932,9,27,31,31,0.6692944089352325,0.485489082885771,0.07411732997933698,0.1330659441849903,0.007092873803970105,0.9214472306450556,0.8764943314411832,0.7916090971942721,0.3792714212416624,0.1848408446265364,0.1220914562932351,0.9980684574611446,0.2183536305952321,0.5562930665627853,0.5086021022369958,0.20407717661994423,0.9321540309446514,0.14602102920965948,0.02842820220032798,0.10533290196586335,0.3444843509492047,0.8241411913016073,0.43774144281735694,0.28505974305992277,0.5460825766956455,0.4364687932383934,0.5026784259565209,0.5408217699467427,0.5556928965566764,0.5279163627113468,0.6233298955152561,0.5119662601648649,0.4994043012061814,0.453301692778582,0.6053406351782851,0.544010543161639,https://a.espncdn.com/i/headshots/wnba/players/full/4609797.png
2026,4682797,Luisa Geiselsoder,C,132052,Fire,21,2026-05-09,2026-07-28,9,348,94,33,100,16,55,12,15,10,45,55,27,7,8,19,53,8113,1232,2727,1188,585,724,317,893,1210,563,387,978,1365,16.571428571428573,4.476190476190476,2.619047619047619,1.2857142857142858,0.3333333333333333,0.38095238095238093,0.9047619047619048,0.47619047619047616,2.142857142857143,0.33,0.2909090909090909,0.8,0.41,0.44090056285178236,9.724137931034482,5.689655172413793,2.793103448275862,0.7241379310344828,0.8275862068965517,1.9655172413793103,1.0344827586206897,4.655172413793103,125.6,0.16228857105798752,231.22778257118205,0.1167679752829365,125.6,0.15127388535031847,277.73943054357204,0.03600497048772911,274.5223715025268,0.16392106681034482,0.55,0.15,106.6,100,231.22778257118205,348,125.6,277.73943054357204,274.5223715025268,55,15,100,100,0.1070506732219677,0.03319558780463996,0.032669921141569656,0.47739172711572625,0.16571731355146377,0.7360187719984357,0.02426877088135182,0.2994714796229947,0.17150170648464164,0.604289544235925,0.9939917386406308,0.09838527975966954,0.2301817032026182,0.5835746591611622,0.5419639504318438,0.12732307217240074,0.6806470117654635,0.14148835130454215,0.08404596441834357,0.22810925115503222,0.35238907849829354,0.7512064343163539,0.22005257228689448,0.35016898235073224,0.5655136617832318,0.4125217927981165,0.400021804174288,0.5422970364883264,0.6292608719804802,0.4351423489147889,0.523775153269908,0.46241091424709707,0.3113508752614775,0.5153506875378362,0.586265792884571,0.4794253388732087,https://a.espncdn.com/i/headshots/wnba/players/full/4682797.png
2026,4682855,Justine Pissott,G,17,Aces,9,2026-07-11,2026-08-28,0,85,38,13,36,10,27,2,2,0,10,10,4,2,3,3,13,8252,1349,2810,979,667,821,320,1053,1373,487,344,1041,1385,9.444444444444445,4.222222222222222,1.1111111111111112,0.4444444444444444,0.2222222222222222,0.3333333333333333,0.3333333333333333,0,1.1111111111111112,0.3611111111111111,0.37037037037037035,1,0.5,0.5151843817787418,16.094117647058823,4.235294117647059,1.6941176470588235,0.8470588235294118,1.2705882352941176,1.2705882352941176,0,4.235294117647059,39.88,0.21166704400444578,56.47709646146389,0.07082517074384882,39.88,0.07522567703109327,70.09512845370818,0,71.9492244304411,0.13898690471177733,0.75,0.05555555555555555,36.88,36,56.47709646146389,85,39.88,70.09512845370818,71.9492244304411,27,2,36,36,0.4673531881939748,0.2907372165350056,0.44555745216063247,0.04557067326949228,0.04116088288030974,0.015451506293492723,0.008577634264298062,0.8575402732834592,0.6483324781939456,0.9982666246454459,0.9731380828317312,0.00548019045907825,0.2183536305952321,0.5562930665627853,0.5086021022369958,0.20407717661994423,0.9321540309446514,0.14602102920965948,0.02842820220032798,0.10533290196586335,0.3444843509492047,0.8241411913016073,0.43774144281735694,0.28505974305992277,0.5460825766956455,0.4364687932383934,0.5026784259565209,0.5408217699467427,0.5556928965566764,0.5279163627113468,0.6233298955152561,0.5119662601648649,0.4994043012061814,0.453301692778582,0.6053406351782851,0.544010543161639,https://a.espncdn.com/i/headshots/wnba/players/full/4682855.png
2026,4683006,Leonie Fiebich,F,9,Liberty,18,2026-05-27,2026-08-29,18,535,176,58,130,32,75,28,33,22,37,59,36,20,2,31,45,8250,1270,2758,1191,731,861,338,1115,1453,554,329,958,1287,29.72222222222222,9.777777777777779,3.2777777777777777,2,1.1111111111111112,0.1111111111111111,1.7222222222222223,1.2222222222222223,2.0555555555555554,0.4461538461538462,0.4266666666666667,0.8484848484848485,0.5692307692307692,0.6089122612787157,11.842990654205607,3.9700934579439253,2.4224299065420563,1.3457943925233644,0.13457943925233645,2.085981308411215,1.480373831775701,2.4897196261682244,175.52,0.14666671123266825,353.78787878787875,0.1017558886509636,175.52,0.17661804922515953,420.2181818181818,0.052353755624783664,468.2060606060606,0.07902503430243095,0.5769230769230769,0.25384615384615383,144.52,130,353.78787878787875,535,175.52,420.2181818181818,468.2060606060606,75,33,130,130,0.15913332176026387,0.8485455786095175,0.8238925981764663,0.39044769788868805,0.7016889870679737,0.7934120302057114,0.28785069204942154,0.04813082082996797,0.9637488947833776,0.877404403244496,0.871203962954986,0.4022542896116017,0.20109525277908555,0.5576019105865703,0.517768684040491,0.12420123916161148,0.8692183950177319,0.141372276712091,0.07306816022078576,0.18544112394679418,0.3297966401414677,0.747856315179606,0.32479000646133965,0.3097853399382583,0.48257248911195416,0.4131951780434178,0.48278876487058314,0.6239137397863301,0.5937270061966523,0.5531904399638512,0.6316023323871088,0.5313139682280483,0.4814167576845061,0.5735587212868926,0.48200833639507923,0.518404682570853,https://a.espncdn.com/i/headshots/wnba/players/full/4683006.png
2026,4684384,Aneesah Morrow,F,131935,Tempo,27,2026-05-08,2026-08-21,10,601,296,114,270,23,84,45,70,69,155,224,39,24,13,42,59,8036,1194,2712,1119,674,834,337,934,1271,558,400,984,1384,22.25925925925926,10.962962962962964,8.296296296296296,1.4444444444444444,0.8888888888888888,0.48148148148148145,1.5555555555555556,2.5555555555555554,5.7407407407407405,0.4222222222222222,0.27380952380952384,0.6428571428571429,0.4648148148148148,0.4920212765957447,17.73044925124792,13.417637271214643,2.3361064891846923,1.437603993344426,0.778702163061564,2.5158069883527454,4.1331114808652245,9.284525790349418,342.8,0.25205640650973177,332.4870582379293,0.11729779861714622,342.8,0.12252042007001167,493.977725236436,0.13968241172610374,498.83897461423595,0.31072151112463736,0.3111111111111111,0.25925925925925924,300.8,270,332.4870582379293,601,342.8,493.977725236436,498.83897461423595,84,70,270,270,0.8916456904782573,0.10320452879779625,0.18867111781175963,0.5694485318183216,0.6027198674582356,0.35522090096345804,0.9670805696255702,1,0.2460212201591512,0.08690614136732329,0.4726828918084572,0.42163830856486467,0.20109525277908555,0.5576019105865703,0.517768684040491,0.12420123916161148,0.8692183950177319,0.141372276712091,0.07306816022078576,0.18544112394679418,0.3297966401414677,0.747856315179606,0.32479000646133965,0.3097853399382583,0.48257248911195416,0.4131951780434178,0.48278876487058314,0.6239137397863301,0.5937270061966523,0.5531904399638512,0.6316023323871088,0.5313139682280483,0.4814167576845061,0.5735587212868926,0.48200833639507923,0.518404682570853,https://a.espncdn.com/i/headshots/wnba/players/full/4684384.png
2026,4688629,Shay Ciezki,G,11,Mercury,4,2026-06-22,2026-08-29,0,49,25,10,19,3,7,2,4,1,6,7,7,1,2,2,9,8033,1166,2623,963,720,915,276,986,1262,518,312,1051,1363,12.25,6.25,1.75,1.75,0.25,0.5,0.5,0.25,1.5,0.5263157894736842,0.42857142857142855,0.5,0.6052631578947368,0.6021194605009633,18.367346938775512,5.142857142857143,5.142857142857143,0.7346938775510204,1.469387755102041,1.469387755102041,0.7346938775510204,4.408163265306122,22.76,0.21059072867209871,25.56205651686792,0.2738433817083861,22.76,0.08787346221441124,40.47242624175277,0.024708180182396997,39.587949707456744,0.15156127165812394,0.3684210526315789,0.21052631578947367,20.76,19,25.56205651686792,49,22.76,40.47242624175277,39.587949707456744,7,4,19,19,0.45190849894199514,0.7084469534897087,0.9771808462851496,0.7535641761918221,0.05122102156424049,0.14238481926659538,0.5283354187116734,0.9173017175676645,0.9479733196511031,0.006933501418216199,0.3449375617644416,0.24391339502290899,0.2183536305952321,0.5562930665627853,0.5086021022369958,0.20407717661994423,0.9321540309446514,0.14602102920965948,0.02842820220032798,0.10533290196586335,0.3444843509492047,0.8241411913016073,0.43774144281735694,0.28505974305992277,0.5460825766956455,0.4364687932383934,0.5026784259565209,0.5408217699467427,0.5556928965566764,0.5279163627113468,0.6233298955152561,0.5119662601648649,0.4994043012061814,0.453301692778582,0.6053406351782851,0.544010543161639,https://a.espncdn.com/i/headshots/wnba/players/full/4688629.png
2026,4698730,Kara Dunn,G,11,Mercury,1,2026-08-29,2026-08-29,0,19,9,3,8,3,5,0,0,2,0,2,1,0,0,0,3,8033,1166,2623,963,720,915,276,986,1262,518,312,1051,1363,19,9,2,1,0,0,0,2,0,0.375,0.6,NA,0.5625,0.5625,17.05263157894737,3.789473684210526,1.894736842105263,0,0,0,3.789473684210526,0,8,0.19089715484104777,10.789368853479399,0.09268382734709417,8,0,15.69338976721026,0.12744219251973188,15.350429478401594,0,0.625,0,8,8,10.789368853479399,19,8,15.69338976721026,15.350429478401594,5,0,8,8,0.38609950699155776,0.5193867385320807,0.8003324049950589,0.12073240926171987,0.0010155345043715586,7.457843415283261e-4,1,3.908270021586627e-4,0.9993842996408414,NA,0.8905758691941424,0.0016171053813673524,0.2183536305952321,0.5562930665627853,0.5086021022369958,0.20407717661994423,0.9321540309446514,0.14602102920965948,0.02842820220032798,0.10533290196586335,0.3444843509492047,0.8241411913016073,0.43774144281735694,0.28505974305992277,0.5460825766956455,0.4364687932383934,0.5026784259565209,0.5408217699467427,0.5556928965566764,0.5279163627113468,0.6233298955152561,0.5119662601648649,0.4994043012061814,0.453301692778582,0.6053406351782851,0.544010543161639,https://a.espncdn.com/i/headshots/wnba/players/full/4698730.png
2026,4698736,Flau'jae Johnson,G,14,Storm,38,2026-05-08,2026-08-30,38,1073,534,188,472,49,173,109,134,41,142,183,110,51,28,96,103,8030,1187,2788,1060,602,756,345,1017,1362,563,390,1064,1454,28.236842105263158,14.052631578947368,4.815789473684211,2.8947368421052633,1.3421052631578947,0.7368421052631579,2.526315789473684,1.0789473684210527,3.736842105263158,0.3983050847457627,0.2832369942196532,0.8134328358208955,0.4502118644067797,0.5028627391893927,17.916123019571295,6.1397949673811745,3.690587138863001,1.7110904007455732,0.9394221808014911,3.220876048462255,1.375582479030755,4.764212488350419,626.96,0.25474664465108326,605.057907845579,0.18180078067515126,626.96,0.15311981625622048,941.3804483188045,0.04355306090456968,940.0442092154422,0.15105672542625706,0.3665254237288136,0.2838983050847458,530.96,472,605.057907845579,1073,626.96,941.3804483188045,940.0442092154422,173,134,472,472,0.7433915599572435,0.17249455581171091,0.14208067559069265,0.5035969078176473,0.8631091223560401,0.6053955520167535,0.8592978063950149,0.9126402616036595,0.11770138532580811,0.4119130160731169,0.312820052106729,0.5172042044739915,0.2183536305952321,0.5562930665627853,0.5086021022369958,0.20407717661994423,0.9321540309446514,0.14602102920965948,0.02842820220032798,0.10533290196586335,0.3444843509492047,0.8241411913016073,0.43774144281735694,0.28505974305992277,0.5460825766956455,0.4364687932383934,0.5026784259565209,0.5408217699467427,0.5556928965566764,0.5279163627113468,0.6233298955152561,0.5119662601648649,0.4994043012061814,0.453301692778582,0.6053406351782851,0.544010543161639,https://a.espncdn.com/i/headshots/wnba/players/full/4698736.png
2026,4703609,Charlisse Leger-Walker,G,18,Sun,40,2026-05-08,2026-08-30,28,942,289,102,270,40,117,45,58,13,83,96,146,32,9,72,91,8025,1162,2745,792,603,852,369,931,1300,542,311,1038,1349,23.55,7.225,2.4,3.65,0.8,0.225,1.8,0.325,2.075,0.37777777777777777,0.3418803418803419,0.7758620689655172,0.45185185185185184,0.4889685977260423,11.044585987261147,3.6687898089171975,5.579617834394904,1.2229299363057324,0.34394904458598724,2.751592356687898,0.4968152866242038,3.171974522292994,367.52,0.1710019266147026,579.996261682243,0.25172576039806893,367.52,0.195907705703091,825.7906542056076,0.015742488648658435,728.9495327102804,0.11386247781983035,0.43333333333333335,0.21481481481481482,295.52,270,579.996261682243,942,367.52,825.7906542056076,728.9495327102804,117,58,270,270,0.17181944111166858,0.11173837242718197,0.17886982301679993,0.6845453941443109,0.4166388981450628,0.8459035034139744,0.22212703137230003,0.6049488461702937,0.45541303232426883,0.18058619602899464,0.5910520168897673,0.25604168538316413,0.2183536305952321,0.5562930665627853,0.5086021022369958,0.20407717661994423,0.9321540309446514,0.14602102920965948,0.02842820220032798,0.10533290196586335,0.3444843509492047,0.8241411913016073,0.43774144281735694,0.28505974305992277,0.5460825766956455,0.4364687932383934,0.5026784259565209,0.5408217699467427,0.5556928965566764,0.5279163627113468,0.6233298955152561,0.5119662601648649,0.4994043012061814,0.453301692778582,0.6053406351782851,0.544010543161639,https://a.espncdn.com/i/headshots/wnba/players/full/4703609.png
2026,4703794,Sarah Ashlee Barker,G,132052,Fire,26,2026-05-09,2026-07-22,15,643,278,108,215,36,90,26,35,21,96,117,62,23,9,52,64,8113,1232,2727,1188,585,724,317,893,1210,563,387,978,1365,24.73076923076923,10.692307692307692,4.5,2.3846153846153846,0.8846153846153846,0.34615384615384615,2,0.8076923076923077,3.6923076923076925,0.5023255813953489,0.4,0.7428571428571429,0.586046511627907,0.603298611111111,15.564541213063764,6.55054432348367,3.4712286158631414,1.2877138413685847,0.5038880248833593,2.911353032659409,1.1757387247278384,5.374805598755832,282.4,0.1974837022223397,380.21397756686804,0.16306607241733004,282.4,0.18413597733711048,513.1794650560829,0.040921356815602536,507.2353013681746,0.18926127527216172,0.4186046511627907,0.16279069767441862,230.4,215,380.21397756686804,643,282.4,513.1794650560829,507.2353013681746,90,35,215,215,0.4091533779804105,0.7437846847479708,0.9337435989578654,0.4255545260740526,0.5160184700337983,0.7928614668091882,0.8232282425703108,0.9890664909876472,0.8809645972293484,0.10494799873936338,0.5143742700565986,0.15789237265295122,0.2183536305952321,0.5562930665627853,0.5086021022369958,0.20407717661994423,0.9321540309446514,0.14602102920965948,0.02842820220032798,0.10533290196586335,0.3444843509492047,0.8241411913016073,0.43774144281735694,0.28505974305992277,0.5460825766956455,0.4364687932383934,0.5026784259565209,0.5408217699467427,0.5556928965566764,0.5279163627113468,0.6233298955152561,0.5119662601648649,0.4994043012061814,0.453301692778582,0.6053406351782851,0.544010543161639,https://a.espncdn.com/i/headshots/wnba/players/full/4703794.png
2026,4704180,Georgia Amoore,G,16,Mystics,40,2026-05-08,2026-08-28,40,923,263,86,241,56,172,35,41,11,46,57,138,12,5,84,96,8150,1170,2604,781,729,996,410,1094,1504,601,304,893,1197,23.075,6.575,1.425,3.45,0.3,0.125,2.1,0.275,1.15,0.35684647302904565,0.32558139534883723,0.8536585365853658,0.4730290456431535,0.5076436071649165,10.257854821235103,2.2231852654387865,5.382448537378115,0.46803900325027087,0.19501625135427952,3.276273022751896,0.42903575297941493,1.7941495124593716,343.04,0.1662810987369796,576.521472392638,0.23936662658423166,343.04,0.24486940298507462,737.8337423312882,0.0149085076608776,791.6282208588956,0.0581080850681286,0.7136929460580913,0.17012448132780084,259.04,241,576.521472392638,923,343.04,737.8337423312882,791.6282208588956,172,41,241,241,0.14485804192753213,0.2243516466673904,0.29278591321534453,0.6491469904569283,0.09138223766680947,0.9770374773674222,0.2051576370068481,0.0855773998708042,0.3379168804515136,0.5639773085408131,0.9409307339861648,0.1687179947893271,0.2183536305952321,0.5562930665627853,0.5086021022369958,0.20407717661994423,0.9321540309446514,0.14602102920965948,0.02842820220032798,0.10533290196586335,0.3444843509492047,0.8241411913016073,0.43774144281735694,0.28505974305992277,0.5460825766956455,0.4364687932383934,0.5026784259565209,0.5408217699467427,0.5556928965566764,0.5279163627113468,0.6233298955152561,0.5119662601648649,0.4994043012061814,0.453301692778582,0.6053406351782851,0.544010543161639,https://a.espncdn.com/i/headshots/wnba/players/full/4704180.png
2026,4704594,Marta Suarez,F,11,Mercury,15,2026-05-21,2026-08-29,0,137,58,22,44,5,14,9,14,8,12,20,6,3,1,11,28,8033,1166,2623,963,720,915,276,986,1262,518,312,1051,1363,9.133333333333333,3.8666666666666667,1.3333333333333333,0.4,0.2,0.06666666666666667,0.7333333333333333,0.5333333333333333,0.8,0.5,0.35714285714285715,0.6428571428571429,0.5568181818181818,0.5781499202551834,15.24087591240876,5.255474452554744,1.5766423357664234,0.7883211678832117,0.26277372262773724,2.8905109489051095,2.102189781021898,3.153284671532847,61.16,0.20239975347763786,77.42860699614093,0.07749073931162215,61.16,0.1798561151079137,113.15759990041082,0.07069785862408483,110.68467571268518,0.10841609213500837,0.3181818181818182,0.3181818181818182,50.16,44,77.42860699614093,137,61.16,113.15759990041082,110.68467571268518,14,14,44,44,0.48719729190174466,0.6286865980944679,0.748151338933161,0.20032385725267918,0.03012103640296378,0.8450763822584846,0.6150054469447006,0.10512250578199203,0.6454465075154731,0.09015063731170336,0.47584176897121117,0.5648646708306411,0.20109525277908555,0.5576019105865703,0.517768684040491,0.12420123916161148,0.8692183950177319,0.141372276712091,0.07306816022078576,0.18544112394679418,0.3297966401414677,0.747856315179606,0.32479000646133965,0.3097853399382583,0.48257248911195416,0.4131951780434178,0.48278876487058314,0.6239137397863301,0.5937270061966523,0.5531904399638512,0.6316023323871088,0.5313139682280483,0.4814167576845061,0.5735587212868926,0.48200833639507923,0.518404682570853,https://a.espncdn.com/i/headshots/wnba/players/full/4704594.png
2026,4790258,Raquel Carrera,F,9,Liberty,23,2026-05-24,2026-08-29,0,127,33,11,20,2,8,9,14,8,16,24,7,2,2,8,19,8250,1270,2758,1191,731,861,338,1115,1453,554,329,958,1287,5.521739130434782,1.434782608695652,1.0434782608695652,0.30434782608695654,0.08695652173913043,0.08695652173913043,0.34782608695652173,0.34782608695652173,0.6956521739130435,0.55,0.25,0.6428571428571429,0.6,0.6307339449541285,9.354330708661417,6.803149606299213,1.984251968503937,0.5669291338582677,0.5669291338582677,2.267716535433071,2.267716535433071,4.535433070866142,34.16,0.1202466169278666,86.75151515151515,0.08069023333799077,34.16,0.234192037470726,99.75272727272727,0.08019830854476524,111.14424242424242,0.14395707461775034,0.4,0.7,26.16,20,86.75151515151515,127,34.16,99.75272727272727,111.14424242424242,8,14,20,20,0.04130283829528687,0.9480224418105082,0.9422786991169503,0.21254084702879467,0.017096967186709007,0.9814122038017533,0.7012910114583785,0.26300486837881654,0.127763041556145,0.09339513325608342,0.561275037691148,0.9906669538373178,0.20109525277908555,0.5576019105865703,0.517768684040491,0.12420123916161148,0.8692183950177319,0.141372276712091,0.07306816022078576,0.18544112394679418,0.3297966401414677,0.747856315179606,0.32479000646133965,0.3097853399382583,0.48257248911195416,0.4131951780434178,0.48278876487058314,0.6239137397863301,0.5937270061966523,0.5531904399638512,0.6316023323871088,0.5313139682280483,0.4814167576845061,0.5735587212868926,0.48200833639507923,0.518404682570853,https://a.espncdn.com/i/headshots/wnba/players/full/4790258.png
2026,4790260,Marine Fauthoux,G,9,Liberty,18,2026-06-06,2026-08-29,0,234,69,21,57,11,35,16,25,6,31,37,35,3,0,22,16,8250,1270,2758,1191,731,861,338,1115,1453,554,329,958,1287,13,3.8333333333333335,2.0555555555555554,1.9444444444444444,0.16666666666666666,0,1.2222222222222223,0.3333333333333333,1.7222222222222223,0.3684210526315789,0.3142857142857143,0.64,0.4649122807017544,0.5073529411764706,10.615384615384615,5.6923076923076925,5.384615384615385,0.46153846153846156,0,3.3846153846153846,0.9230769230769231,4.769230769230769,90,0.17194334748062354,159.1090909090909,0.2199748600159982,90,0.24444444444444444,183.79636363636362,0.03264482431149098,204.78545454545454,0.15137793877406067,0.6140350877192983,0.43859649122807015,68,57,159.1090909090909,234,90,183.79636363636362,204.78545454545454,35,25,57,57,0.19480105146048296,0.2140124785265887,0.2083819962267541,0.5622222800118708,0.02643563256692214,0.9653448877642284,0.7122932750755201,0.9165465720360519,0.2649563878912263,0.04695871415064608,0.863983469589435,0.8961458988410744,0.2183536305952321,0.5562930665627853,0.5086021022369958,0.20407717661994423,0.9321540309446514,0.14602102920965948,0.02842820220032798,0.10533290196586335,0.3444843509492047,0.8241411913016073,0.43774144281735694,0.28505974305992277,0.5460825766956455,0.4364687932383934,0.5026784259565209,0.5408217699467427,0.5556928965566764,0.5279163627113468,0.6233298955152561,0.5119662601648649,0.4994043012061814,0.453301692778582,0.6053406351782851,0.544010543161639,https://a.espncdn.com/i/headshots/wnba/players/full/4790260.png
2026,4790264,Janelle Salaun,F,129689,Valkyries,38,2026-05-08,2026-08-27,0,848,492,159,374,92,232,82,101,40,108,148,46,23,4,30,81,8000,1156,2720,1223,569,731,363,952,1315,413,314,983,1297,22.31578947368421,12.947368421052632,3.8947368421052633,1.2105263157894737,0.6052631578947368,0.10526315789473684,0.7894736842105263,1.0526315789473684,2.8421052631578947,0.42513368983957217,0.39655172413793105,0.8118811881188119,0.5481283422459893,0.5878979065098939,20.88679245283019,6.283018867924528,1.9528301886792452,0.9764150943396226,0.16981132075471697,1.2735849056603774,1.6981132075471699,4.584905660377358,448.44,0.2449208043521669,453.68000000000006,0.10139305237171574,448.44,0.0668985817500669,713.38,0.05607109815245732,670.98,0.16095859787176964,0.6203208556149733,0.2700534759358289,418.44,374,453.68000000000006,848,448.44,713.38,670.98,232,101,374,374,0.8217863032722854,0.6943642750638126,0.6274678727834015,0.37737394217734843,0.3526853513737402,0.03825405780748199,0.361360417666478,0.37906971975185333,0.8980990274093722,0.7135573580533024,0.9145667312800632,0.4746212937037835,0.20109525277908555,0.5576019105865703,0.517768684040491,0.12420123916161148,0.8692183950177319,0.141372276712091,0.07306816022078576,0.18544112394679418,0.3297966401414677,0.747856315179606,0.32479000646133965,0.3097853399382583,0.48257248911195416,0.4131951780434178,0.48278876487058314,0.6239137397863301,0.5937270061966523,0.5531904399638512,0.6316023323871088,0.5313139682280483,0.4814167576845061,0.5735587212868926,0.48200833639507923,0.518404682570853,https://a.espncdn.com/i/headshots/wnba/players/full/4790264.png
2026,4790266,Awak Kuier,F,3,Wings,37,2026-05-09,2026-08-30,22,655,219,82,170,24,72,31,43,29,112,141,37,20,57,35,63,8051,1325,2836,952,584,738,340,1031,1371,438,336,1006,1342,17.7027027027027,5.918918918918919,3.810810810810811,1,0.5405405405405406,1.5405405405405406,0.9459459459459459,0.7837837837837838,3.027027027027027,0.4823529411764706,0.3333333333333333,0.7209302325581395,0.5529411764705883,0.5796104171077704,12.036641221374046,7.749618320610687,2.033587786259542,1.099236641221374,3.132824427480916,1.9236641221374047,1.5938931297709924,6.155725190839695,223.92000000000002,0.15296192844818107,456.9858402682896,0.08096530951216749,223.92000000000002,0.15630582350839584,547.5282573593342,0.0529653029048467,556.0706744503789,0.20141324681561562,0.4235294117647059,0.2529411764705882,188.92000000000002,170,456.9858402682896,655,223.92000000000002,547.5282573593342,556.0706744503789,72,43,170,170,0.18430691780227412,0.640622709696985,0.6968195850384091,0.2481533398540149,0.23190206636292512,0.6665805919625033,0.3030566526857345,0.5846899571424744,0.497789566755084,0.420162224797219,0.682748223131596,0.3875367937396798,0.20109525277908555,0.5576019105865703,0.517768684040491,0.12420123916161148,0.8692183950177319,0.141372276712091,0.07306816022078576,0.18544112394679418,0.3297966401414677,0.747856315179606,0.32479000646133965,0.3097853399382583,0.48257248911195416,0.4131951780434178,0.48278876487058314,0.6239137397863301,0.5937270061966523,0.5531904399638512,0.6316023323871088,0.5313139682280483,0.4814167576845061,0.5735587212868926,0.48200833639507923,0.518404682570853,https://a.espncdn.com/i/headshots/wnba/players/full/4790266.png
2026,4858656,Gabriela Jaquez,G,19,Sky,35,2026-05-09,2026-08-29,15,662,228,82,199,16,61,48,58,24,79,103,30,24,2,36,48,8057,1232,2791,931,708,924,317,1015,1332,505,365,1110,1475,18.914285714285715,6.514285714285714,2.942857142857143,0.8571428571428571,0.6857142857142857,0.05714285714285714,1.0285714285714285,0.6857142857142857,2.257142857142857,0.4120603015075377,0.26229508196721313,0.8275862068965517,0.45226130653266333,0.5077498663816141,12.3987915407855,5.601208459214502,1.6314199395770392,1.3051359516616314,0.10876132930513595,1.957703927492447,1.3051359516616314,4.2960725075528705,260.52,0.17127119754882425,424.133796698523,0.07073239678969556,260.52,0.1381851681252879,586.2442596499938,0.040938567167086215,566.9355839642546,0.1393456368492491,0.3065326633165829,0.2914572864321608,224.52,199,424.133796698523,662,260.52,586.2442596499938,566.9355839642546,61,58,199,199,0.18434098296284984,0.233313004106291,0.18780882220824724,0.04412870074483974,0.30638993351422544,0.4429590868436552,0.8344133904576341,0.8805534656786713,0.06372498717290918,0.4613930034667507,0.20146437876201598,0.5659868834785734,0.2183536305952321,0.5562930665627853,0.5086021022369958,0.20407717661994423,0.9321540309446514,0.14602102920965948,0.02842820220032798,0.10533290196586335,0.3444843509492047,0.8241411913016073,0.43774144281735694,0.28505974305992277,0.5460825766956455,0.4364687932383934,0.5026784259565209,0.5408217699467427,0.5556928965566764,0.5279163627113468,0.6233298955152561,0.5119662601648649,0.4994043012061814,0.453301692778582,0.6053406351782851,0.544010543161639,https://a.espncdn.com/i/headshots/wnba/players/full/4858656.png
2026,4873358,Antonia Delaere,F,8,Lynx,37,2026-05-09,2026-08-24,0,424,107,38,84,25,57,6,6,7,20,27,40,16,0,14,36,8008,1359,2820,946,564,697,370,1003,1373,497,376,938,1314,11.45945945945946,2.891891891891892,0.7297297297297297,1.0810810810810811,0.43243243243243246,0,0.3783783783783784,0.1891891891891892,0.5405405405405406,0.4523809523809524,0.43859649122807015,1,0.6011904761904762,0.6174976915974146,9.084905660377359,2.292452830188679,3.3962264150943398,1.3584905660377358,0,1.1886792452830188,0.5943396226415094,1.6981132075471699,100.64,0.10490809301333619,321.77522477522484,0.12431037855056083,100.64,0.13910969793322733,346.2737262737263,0.02021522127978766,365.06993006993014,0.05478402451872425,0.6785714285714286,0.07142857142857142,86.64,84,321.77522477522484,424,100.64,346.2737262737263,365.06993006993014,57,6,84,84,0.01160489540838469,0.876249083878794,0.9483092827912988,0.6313272934973265,0.1408486354641263,0.5478712785348494,0.052477090908499335,0.011754586281237505,0.9794429708222812,0.9995365005793743,0.9794672984420992,0.01995836025558188,0.20109525277908555,0.5576019105865703,0.517768684040491,0.12420123916161148,0.8692183950177319,0.141372276712091,0.07306816022078576,0.18544112394679418,0.3297966401414677,0.747856315179606,0.32479000646133965,0.3097853399382583,0.48257248911195416,0.4131951780434178,0.48278876487058314,0.6239137397863301,0.5937270061966523,0.5531904399638512,0.6316023323871088,0.5313139682280483,0.4814167576845061,0.5735587212868926,0.48200833639507923,0.518404682570853,https://a.espncdn.com/i/headshots/wnba/players/full/4873358.png
2026,4873359,Kyara Linskens,C,11,Mercury,19,2026-05-09,2026-08-25,1,201,57,19,58,7,26,12,17,13,32,45,12,10,14,11,30,8033,1166,2623,963,720,915,276,986,1262,518,312,1051,1363,10.578947368421053,3,2.3684210526315788,0.631578947368421,0.5263157894736842,0.7368421052631579,0.5789473684210527,0.6842105263157895,1.6842105263157894,0.3275862068965517,0.2692307692307692,0.7058823529411765,0.3879310344827586,0.435247403787416,10.208955223880597,8.059701492537313,2.1492537313432836,1.791044776119403,2.5074626865671643,1.9701492537313432,2.328358208955224,5.731343283582089,76.48,0.17251024480262644,126.87700734470312,0.09457978440016364,76.48,0.14382845188284518,166.01954437943485,0.07830403371237257,162.3913855346695,0.19705478769480791,0.4482758620689655,0.29310344827586204,65.48,58,126.87700734470312,201,76.48,166.01954437943485,162.3913855346695,26,17,58,58,0.2522096206491983,0.0158526665148212,0.012955313556139693,0.29804035118625805,0.3707113524970195,0.42699592155986366,0.31535283399319936,0.3480775365769006,0.06228668941979522,0.20804289544235924,0.7517837025910628,0.40743522343221933,0.2301817032026182,0.5835746591611622,0.5419639504318438,0.12732307217240074,0.6806470117654635,0.14148835130454215,0.08404596441834357,0.22810925115503222,0.35238907849829354,0.7512064343163539,0.22005257228689448,0.35016898235073224,0.5655136617832318,0.4125217927981165,0.400021804174288,0.5422970364883264,0.6292608719804802,0.4351423489147889,0.523775153269908,0.46241091424709707,0.3113508752614775,0.5153506875378362,0.586265792884571,0.4794253388732087,https://a.espncdn.com/i/headshots/wnba/players/full/4873359.png
2026,4874375,Jihyun Park,F,6,Sparks,33,2026-05-10,2026-08-24,0,297,73,26,66,9,33,12,21,10,23,33,16,14,1,9,37,8029,1266,2726,1042,615,788,295,951,1246,580,383,1045,1428,9,2.212121212121212,1,0.48484848484848486,0.42424242424242425,0.030303030303030304,0.2727272727272727,0.30303030303030304,0.696969696969697,0.3939393939393939,0.2727272727272727,0.5714285714285714,0.4621212121212121,0.4851143009037746,8.848484848484848,4,1.9393939393939394,1.696969696969697,0.12121212121212122,1.0909090909090908,1.2121212121212122,2.787878787878788,84.24,0.12469153746448472,208.15244737825384,0.07686673974543697,84.24,0.10683760683760685,247.83908332295428,0.04034876124428363,246.7293560841948,0.0932195518402415,0.5,0.3181818181818182,75.24,66,208.15244737825384,297,84.24,247.83908332295428,246.7293560841948,33,21,66,66,0.059688829094696645,0.07794485582147641,0.1452365568238926,0.19746258711418524,0.12188779971466704,0.2216995052512803,0.1942369626698266,0.10032838064150378,0.22745358090185677,0.02850521436848204,0.7356594156077249,0.569602986574772,0.20109525277908555,0.5576019105865703,0.517768684040491,0.12420123916161148,0.8692183950177319,0.141372276712091,0.07306816022078576,0.18544112394679418,0.3297966401414677,0.747856315179606,0.32479000646133965,0.3097853399382583,0.48257248911195416,0.4131951780434178,0.48278876487058314,0.6239137397863301,0.5937270061966523,0.5531904399638512,0.6316023323871088,0.5313139682280483,0.4814167576845061,0.5735587212868926,0.48200833639507923,0.518404682570853,https://a.espncdn.com/i/headshots/wnba/players/full/4874375.png
2026,4874475,Nikolina Milic,F,131935,Tempo,7,2026-05-13,2026-06-03,1,63,21,9,19,0,2,3,4,2,7,9,3,0,0,5,7,8036,1194,2712,1119,674,834,337,934,1271,558,400,984,1384,9,3,1.2857142857142858,0.42857142857142855,0,0,0.7142857142857143,0.2857142857142857,1,0.47368421052631576,0,0.75,0.47368421052631576,0.5057803468208092,12,5.142857142857143,1.7142857142857142,0,0,2.857142857142857,1.1428571428571428,4,25.76,0.1806910777743561,37.803135888501735,0.07935849578321583,25.76,0.19409937888198756,51.78135888501742,0.038623938094036504,52.29094076655052,0.1338664001332667,0.10526315789473684,0.21052631578947367,20.76,19,37.803135888501735,63,25.76,51.78135888501742,52.29094076655052,2,4,19,19,0.3345260828053121,0.1326518233971038,0.23232105678799628,0.2093350613456749,0.00301440471259607,0.8942691606631369,0.18735397298939546,0.21445029177287175,6.63129973474801e-4,0.5721900347624566,0.27546844712470386,0.27180702132242085,0.20109525277908555,0.5576019105865703,0.517768684040491,0.12420123916161148,0.8692183950177319,0.141372276712091,0.07306816022078576,0.18544112394679418,0.3297966401414677,0.747856315179606,0.32479000646133965,0.3097853399382583,0.48257248911195416,0.4131951780434178,0.48278876487058314,0.6239137397863301,0.5937270061966523,0.5531904399638512,0.6316023323871088,0.5313139682280483,0.4814167576845061,0.5735587212868926,0.48200833639507923,0.518404682570853,https://a.espncdn.com/i/headshots/wnba/players/full/4874475.png
2026,4898383,Bree Hall,G,5,Fever,4,2026-06-27,2026-08-28,0,14,8,3,6,2,2,0,2,0,1,1,0,0,0,0,0,8109,1365,2777,1055,733,905,311,1018,1329,536,336,922,1258,3.5,2,0.25,0,0,0,0,0,0.25,0.5,1,0,0.6666666666666666,0.5813953488372093,20.571428571428573,2.5714285714285716,0,0,0,0,0,2.5714285714285716,6.88,0.21475502725341056,8.783203847576766,0,6.88,0,10.643729189789122,0,11.688247626094462,0.08555602447773793,0.3333333333333333,0.3333333333333333,6.88,6,8.783203847576766,14,6.88,10.643729189789122,11.688247626094462,2,2,6,6,0.5217749940010035,0.6061552854925952,0.9934417392866769,8.082767249646924e-4,0.0012376826772028371,9.802905695774525e-4,0.008780709489514744,0.26779302579950826,1,3.151591553734636e-4,0.22100440212020483,0.6743778636241128,0.2183536305952321,0.5562930665627853,0.5086021022369958,0.20407717661994423,0.9321540309446514,0.14602102920965948,0.02842820220032798,0.10533290196586335,0.3444843509492047,0.8241411913016073,0.43774144281735694,0.28505974305992277,0.5460825766956455,0.4364687932383934,0.5026784259565209,0.5408217699467427,0.5556928965566764,0.5279163627113468,0.6233298955152561,0.5119662601648649,0.4994043012061814,0.453301692778582,0.6053406351782851,0.544010543161639,https://a.espncdn.com/i/headshots/wnba/players/full/4898383.png
2026,4898384,Kiki Iriafen,F,16,Mystics,38,2026-05-08,2026-08-28,37,1068,577,222,435,13,41,120,183,113,242,355,59,25,14,64,118,8150,1170,2604,781,729,996,410,1094,1504,601,304,893,1197,28.105263157894736,15.18421052631579,9.342105263157896,1.5526315789473684,0.6578947368421053,0.3684210526315789,1.6842105263157894,2.973684210526316,6.368421052631579,0.5103448275862069,0.3170731707317073,0.6557377049180327,0.5252873563218391,0.5596291123525761,19.44943820224719,11.96629213483146,1.9887640449438202,0.8426966292134831,0.47191011235955055,2.157303370786517,3.808988764044944,8.157303370786517,579.52,0.242771107102387,544.601226993865,0.10833614960009012,579.52,0.11043622308117063,853.7447852760736,0.13235805588371405,915.9901840490797,0.2641949708786763,0.09425287356321839,0.4206896551724138,515.52,435,544.601226993865,1068,579.52,853.7447852760736,915.9901840490797,41,183,435,435,0.7783070046002952,0.47543531552477947,0.5444755545983201,0.45534875212516585,0.4163560219062083,0.2775974307785783,0.91383737873465,0.8981687965724695,0.33775419982316535,0.15457705677867903,0.22499820518343025,0.7823964390839256,0.20109525277908555,0.5576019105865703,0.517768684040491,0.12420123916161148,0.8692183950177319,0.141372276712091,0.07306816022078576,0.18544112394679418,0.3297966401414677,0.747856315179606,0.32479000646133965,0.3097853399382583,0.48257248911195416,0.4131951780434178,0.48278876487058314,0.6239137397863301,0.5937270061966523,0.5531904399638512,0.6316023323871088,0.5313139682280483,0.4814167576845061,0.5735587212868926,0.48200833639507923,0.518404682570853,https://a.espncdn.com/i/headshots/wnba/players/full/4898384.png
2026,4898400,Taylor Thierry,F,14,Storm,13,2026-05-20,2026-08-30,0,78,13,4,13,3,8,2,2,12,6,18,4,2,0,2,6,8030,1187,2788,1060,602,756,345,1017,1362,563,390,1064,1454,6,1,1.3846153846153846,0.3076923076923077,0.15384615384615385,0,0.15384615384615385,0.9230769230769231,0.46153846153846156,0.3076923076923077,0.375,1,0.4230769230769231,0.46829971181556196,6,8.307692307692308,1.8461538461538463,0.9230769230769231,0,0.9230769230769231,5.538461538461538,2.769230769230769,15.88,0.08876142299603877,53.65006226650062,0.07455722940507417,15.88,0.12594458438287154,68.43212951432129,0.17535622645629745,68.33499377334994,0.08780274451916244,0.6153846153846154,0.15384615384615385,13.88,13,53.65006226650062,78,15.88,68.43212951432129,68.33499377334994,8,2,13,13,0.005086364030900095,0.04185347115165913,0.04357814631344677,0.1529909213625318,0.0188918035804685,0.37382605676590575,0.9698848943881961,0.08605513921864594,0.7396109637488948,1,0.8877162753966544,0.11695024768468662,0.20109525277908555,0.5576019105865703,0.517768684040491,0.12420123916161148,0.8692183950177319,0.141372276712091,0.07306816022078576,0.18544112394679418,0.3297966401414677,0.747856315179606,0.32479000646133965,0.3097853399382583,0.48257248911195416,0.4131951780434178,0.48278876487058314,0.6239137397863301,0.5937270061966523,0.5531904399638512,0.6316023323871088,0.5313139682280483,0.4814167576845061,0.5735587212868926,0.48200833639507923,0.518404682570853,https://a.espncdn.com/i/headshots/wnba/players/full/4898400.png
2026,4898898,Gianna Kneepkens,G,18,Sun,31,2026-05-08,2026-08-30,4,284,95,33,93,9,46,20,21,14,25,39,13,5,2,5,44,8025,1162,2745,792,603,852,369,931,1300,542,311,1038,1349,9.161290322580646,3.064516129032258,1.2580645161290323,0.41935483870967744,0.16129032258064516,0.06451612903225806,0.16129032258064516,0.45161290322580644,0.8064516129032258,0.3548387096774194,0.1956521739130435,0.9523809523809523,0.4032258064516129,0.4645931142410016,12.04225352112676,4.943661971830986,1.647887323943662,0.6338028169014085,0.2535211267605634,0.6338028169014085,1.7746478873239437,3.1690140845070425,107.24,0.16550434264736175,172.61246105919003,0.07531321852564403,107.24,0.046624393882879527,248.96448598130843,0.05623291990750472,219.76822429906542,0.11375620875008505,0.4946236559139785,0.22580645161290322,102.24,93,172.61246105919003,284,107.24,248.96448598130843,219.76822429906542,46,21,93,93,0.1282994480923191,0.04177336849970304,0.041101428443086875,0.07681920026412839,0.015582107551451103,0.004737843851573918,0.9353415042214304,0.5910440345681506,0.03509492047203694,0.9933816577371573,0.6835414607851945,0.30073668134040066,0.2183536305952321,0.5562930665627853,0.5086021022369958,0.20407717661994423,0.9321540309446514,0.14602102920965948,0.02842820220032798,0.10533290196586335,0.3444843509492047,0.8241411913016073,0.43774144281735694,0.28505974305992277,0.5460825766956455,0.4364687932383934,0.5026784259565209,0.5408217699467427,0.5556928965566764,0.5279163627113468,0.6233298955152561,0.5119662601648649,0.4994043012061814,0.453301692778582,0.6053406351782851,0.544010543161639,https://a.espncdn.com/i/headshots/wnba/players/full/4898898.png
2026,4899328,Kaitlyn Chen,G,129689,Valkyries,40,2026-05-08,2026-08-30,0,590,270,109,205,22,55,30,42,13,31,44,77,11,0,47,47,8000,1156,2720,1223,569,731,363,952,1315,413,314,983,1297,14.75,6.75,1.1,1.925,0.275,0,1.175,0.325,0.775,0.5317073170731708,0.4,0.7142857142857143,0.5853658536585366,0.6040809020941471,16.47457627118644,2.6847457627118643,4.698305084745763,0.6711864406779661,0,2.8677966101694916,0.7932203389830509,1.8915254237288135,270.48,0.21232460827923105,317.27500000000003,0.24269167126309982,270.48,0.17376515823720792,496.33750000000003,0.026191855340368195,466.83750000000003,0.06640426272525236,0.2682926829268293,0.2048780487804878,223.48,205,317.27500000000003,590,270.48,496.33750000000003,466.83750000000003,55,42,205,205,0.49786899282301866,0.7527045322468372,0.9240858862635882,0.6572476518121256,0.06612081687056695,0.7302755720861237,0.5851601292524098,0.11463461410021678,0.8866085171883017,0.07043807122596911,0.1117599496900548,0.24305992273829843,0.2183536305952321,0.5562930665627853,0.5086021022369958,0.20407717661994423,0.9321540309446514,0.14602102920965948,0.02842820220032798,0.10533290196586335,0.3444843509492047,0.8241411913016073,0.43774144281735694,0.28505974305992277,0.5460825766956455,0.4364687932383934,0.5026784259565209,0.5408217699467427,0.5556928965566764,0.5279163627113468,0.6233298955152561,0.5119662601648649,0.4994043012061814,0.453301692778582,0.6053406351782851,0.544010543161639,https://a.espncdn.com/i/headshots/wnba/players/full/4899328.png
2026,5017721,Sika Kone,F,20,Dream,31,2026-05-09,2026-08-30,1,160,54,17,54,5,28,15,21,14,18,32,6,2,0,8,30,8034,1254,2855,1092,770,979,437,985,1422,524,258,967,1225,5.161290322580645,1.7419354838709677,1.032258064516129,0.1935483870967742,0.06451612903225806,0,0.25806451612903225,0.45161290322580644,0.5806451612903226,0.3148148148148148,0.17857142857142858,0.7142857142857143,0.3611111111111111,0.4269449715370019,12.15,7.2,1.35,0.45,0,1.8,3.15,4.05,71.24000000000001,0.18778812838604006,107.86930545182972,0.05562286671697696,71.24000000000001,0.11229646266142615,139.80582524271844,0.10013888888888889,123.77396066716454,0.14542638777152053,0.5185185185185185,0.3888888888888889,63.24,54,107.86930545182972,160,71.24000000000001,139.80582524271844,123.77396066716454,28,21,54,54,0.37160402742817467,0.016237458616593797,0.006676717639457247,0.06649091648871948,0.00918127847576971,0.28146211266383125,0.7596822159068276,0.2706919441993906,0.02564102564102564,0.35689455388180763,0.7841912556536722,0.7085935817359466,0.20109525277908555,0.5576019105865703,0.517768684040491,0.12420123916161148,0.8692183950177319,0.141372276712091,0.07306816022078576,0.18544112394679418,0.3297966401414677,0.747856315179606,0.32479000646133965,0.3097853399382583,0.48257248911195416,0.4131951780434178,0.48278876487058314,0.6239137397863301,0.5937270061966523,0.5531904399638512,0.6316023323871088,0.5313139682280483,0.4814167576845061,0.5735587212868926,0.48200833639507923,0.518404682570853,https://a.espncdn.com/i/headshots/wnba/players/full/5017721.png
2026,5017726,Jade Melbourne,G,14,Storm,39,2026-05-08,2026-08-30,31,977,372,123,278,31,102,95,122,16,68,84,152,37,8,70,117,8030,1187,2788,1060,602,756,345,1017,1362,563,390,1064,1454,25.05128205128205,9.538461538461538,2.1538461538461537,3.8974358974358974,0.9487179487179487,0.20512820512820512,1.794871794871795,0.41025641025641024,1.7435897435897436,0.44244604316546765,0.30392156862745096,0.7786885245901639,0.4982014388489209,0.5607814761215629,13.707267144319346,3.0951893551688845,5.600818833162743,1.3633572159672467,0.2947799385875128,2.579324462640737,0.5895598771750256,2.5056294779938586,401.68,0.17924787069511935,599.1039850560398,0.25371221656250875,401.68,0.1742680740888269,857.1562889165629,0.018666374157067487,855.939601494396,0.07944485788632506,0.3669064748201439,0.43884892086330934,331.68,278,599.1039850560398,977,401.68,857.1562889165629,855.939601494396,102,122,278,278,0.28899075063807506,0.5190674313010493,0.4365735333752583,0.6998417096418706,0.5761730216911823,0.7439669182609454,0.2450392557958782,0.2193060464044027,0.21836839404822986,0.20690198550267885,0.3253076992183991,0.9086335459527446,0.2183536305952321,0.5562930665627853,0.5086021022369958,0.20407717661994423,0.9321540309446514,0.14602102920965948,0.02842820220032798,0.10533290196586335,0.3444843509492047,0.8241411913016073,0.43774144281735694,0.28505974305992277,0.5460825766956455,0.4364687932383934,0.5026784259565209,0.5408217699467427,0.5556928965566764,0.5279163627113468,0.6233298955152561,0.5119662601648649,0.4994043012061814,0.453301692778582,0.6053406351782851,0.544010543161639,https://a.espncdn.com/i/headshots/wnba/players/full/5017726.png
2026,5105406,Frieda Buhner,F,132052,Fire,35,2026-05-09,2026-08-25,0,525,220,74,173,31,86,41,46,26,50,76,24,11,2,31,55,8113,1232,2727,1188,585,724,317,893,1210,563,387,978,1365,15,6.285714285714286,2.1714285714285713,0.6857142857142857,0.3142857142857143,0.05714285714285714,0.8857142857142857,0.7428571428571429,1.4285714285714286,0.4277456647398844,0.36046511627906974,0.8913043478260869,0.5173410404624278,0.5692403229145104,15.085714285714285,5.211428571428572,1.6457142857142857,0.7542857142857143,0.13714285714285715,2.125714285714286,1.782857142857143,3.4285714285714284,224.24,0.1920575224835761,324.6194995685936,0.07393271208875328,224.24,0.13824473778094898,419.0034512510785,0.062051994851994856,414.15012942191544,0.12072916666666667,0.49710982658959535,0.2658959537572254,193.24,173,324.6194995685936,525,224.24,419.0034512510785,414.15012942191544,86,46,173,173,0.4237001996354483,0.5613864388789204,0.47663148826189966,0.14852705245244066,0.07340420636016384,0.5377050603246246,0.49257934022626143,0.12591999403004459,0.6644562334217506,0.9775202780996524,0.730921099863594,0.434058439227511,0.20109525277908555,0.5576019105865703,0.517768684040491,0.12420123916161148,0.8692183950177319,0.141372276712091,0.07306816022078576,0.18544112394679418,0.3297966401414677,0.747856315179606,0.32479000646133965,0.3097853399382583,0.48257248911195416,0.4131951780434178,0.48278876487058314,0.6239137397863301,0.5937270061966523,0.5531904399638512,0.6316023323871088,0.5313139682280483,0.4814167576845061,0.5735587212868926,0.48200833639507923,0.518404682570853,https://a.espncdn.com/i/headshots/wnba/players/full/5105406.png
2026,5105729,Chance Gray,G,6,Sparks,37,2026-05-10,2026-08-30,0,416,109,34,92,24,69,17,20,10,31,41,37,6,0,22,27,8029,1266,2726,1042,615,788,295,951,1246,580,383,1045,1428,11.243243243243244,2.945945945945946,1.1081081081081081,1,0.16216216216216217,0,0.5945945945945946,0.2702702702702703,0.8378378378378378,0.3695652173913043,0.34782608695652173,0.85,0.5,0.5406746031746031,9.432692307692308,3.548076923076923,3.201923076923077,0.5192307692307693,0,1.9038461538461537,0.8653846153846154,2.6826923076923075,122.8,0.12977173385649807,293.97110474529836,0.12586271032337493,122.8,0.1791530944625407,347.1416116577407,0.028806687715269803,345.58724623240755,0.0897023843847307,0.75,0.21739130434782608,100.8,92,293.97110474529836,416,122.8,347.1416116577407,345.58724623240755,69,20,92,92,0.025251685172662026,0.36471431582039604,0.4496900548019046,0.2527249506007288,0.022183081829866235,0.7680556161514801,0.6267337223949392,0.29999602957329735,0.5116469984607491,0.5575165458556571,0.9772706854730033,0.2697870811247866,0.2183536305952321,0.5562930665627853,0.5086021022369958,0.20407717661994423,0.9321540309446514,0.14602102920965948,0.02842820220032798,0.10533290196586335,0.3444843509492047,0.8241411913016073,0.43774144281735694,0.28505974305992277,0.5460825766956455,0.4364687932383934,0.5026784259565209,0.5408217699467427,0.5556928965566764,0.5279163627113468,0.6233298955152561,0.5119662601648649,0.4994043012061814,0.453301692778582,0.6053406351782851,0.544010543161639,https://a.espncdn.com/i/headshots/wnba/players/full/5105729.png
2026,5105731,Grace VanSlooten,F,5,Fever,17,2026-05-08,2026-08-28,0,84,25,9,12,2,3,5,8,1,9,10,4,4,4,4,8,8109,1365,2777,1055,733,905,311,1018,1329,536,336,922,1258,4.9411764705882355,1.4705882352941178,0.5882352941176471,0.23529411764705882,0.23529411764705882,0.23529411764705882,0.23529411764705882,0.058823529411764705,0.5294117647058824,0.75,0.6666666666666666,0.625,0.8333333333333334,0.8054123711340206,10.714285714285714,4.285714285714286,1.7142857142857142,1.7142857142857142,1.7142857142857142,1.7142857142857142,0.42857142857142855,3.857142857142857,19.52,0.10155082684076001,61.6992230854606,0.06483063805292223,19.52,0.20491803278688525,63.86237513873474,0.015658672228015293,70.12948575656678,0.12833403671660687,0.25,0.6666666666666666,15.52,12,61.6992230854606,84,19.52,63.86237513873474,70.12948575656678,3,8,12,12,0.006145299887162573,0.9999368192271728,0.9999282073372101,0.1075326429473001,0.03937134704772424,0.9283395538581721,0.005223633698150843,0.16764013283722404,0.9993368700265252,0.061877172653534186,0.39249048747218035,0.9892311005815205,0.20109525277908555,0.5576019105865703,0.517768684040491,0.12420123916161148,0.8692183950177319,0.141372276712091,0.07306816022078576,0.18544112394679418,0.3297966401414677,0.747856315179606,0.32479000646133965,0.3097853399382583,0.48257248911195416,0.4131951780434178,0.48278876487058314,0.6239137397863301,0.5937270061966523,0.5531904399638512,0.6316023323871088,0.5313139682280483,0.4814167576845061,0.5735587212868926,0.48200833639507923,0.518404682570853,https://a.espncdn.com/i/headshots/wnba/players/full/5105731.png
2026,5105732,Raegan Beers,F,18,Sun,34,2026-05-08,2026-08-30,1,395,125,44,93,2,5,35,53,42,63,105,27,15,7,29,89,8025,1162,2745,792,603,852,369,931,1300,542,311,1038,1349,11.617647058823529,3.676470588235294,3.088235294117647,0.7941176470588235,0.4411764705882353,0.20588235294117646,0.8529411764705882,1.2352941176470589,1.8529411764705883,0.4731182795698925,0.4,0.660377358490566,0.4838709677419355,0.5373108665749656,11.39240506329114,9.569620253164556,2.460759493670886,1.3670886075949367,0.6379746835443038,2.643037974683544,3.8278481012658228,5.741772151898735,145.32,0.16124981385365722,241.97507788161994,0.1115817390632644,145.32,0.19955959262317643,346.2710280373832,0.12129227281314944,305.66355140186914,0.20610897083104018,0.053763440860215055,0.5698924731182796,116.32,93,241.97507788161994,395,145.32,346.2710280373832,305.66355140186914,5,53,93,93,0.211186094957035,0.36210669968915055,0.3349127719147103,0.47137438256209946,0.14993787104790832,0.9097908167693778,0.8573726327999429,0.6242924611077295,0.9434129089301503,0.16685979142526072,0.11831430827769401,0.9674779237561921,0.20109525277908555,0.5576019105865703,0.517768684040491,0.12420123916161148,0.8692183950177319,0.141372276712091,0.07306816022078576,0.18544112394679418,0.3297966401414677,0.747856315179606,0.32479000646133965,0.3097853399382583,0.48257248911195416,0.4131951780434178,0.48278876487058314,0.6239137397863301,0.5937270061966523,0.5531904399638512,0.6316023323871088,0.5313139682280483,0.4814167576845061,0.5735587212868926,0.48200833639507923,0.518404682570853,https://a.espncdn.com/i/headshots/wnba/players/full/5105732.png
2026,5105737,Lauren Betts,C,16,Mystics,40,2026-05-08,2026-08-28,1,681,254,100,182,0,0,54,74,46,131,177,42,21,30,35,52,8150,1170,2604,781,729,996,410,1094,1504,601,304,893,1197,17.025,6.35,4.425,1.05,0.525,0.75,0.875,1.15,3.275,0.5494505494505495,NA,0.7297297297297297,0.5494505494505495,0.5919090231170768,13.427312775330396,9.3568281938326,2.2202643171806167,1.1101321585903083,1.5859030837004404,1.8502202643171806,2.4317180616740086,6.92511013215859,249.56,0.16395614102249534,388.81595092024537,0.10802025971566973,249.56,0.1402468344285943,544.382208588957,0.08449945511487666,584.0723926380368,0.22428726584443057,0,0.4065934065934066,214.56,182,388.81595092024537,681,249.56,544.382208588957,584.0723926380368,0,74,182,182,0.176305938879267,0.44544951680603906,0.6312429590687195,0.3422414595619715,0.3573983309047556,0.4163137605452818,0.6581258660808402,0.4444912780553336,NA,0.39302949061662196,0.1503942921517086,0.6000751032669921,0.2301817032026182,0.5835746591611622,0.5419639504318438,0.12732307217240074,0.6806470117654635,0.14148835130454215,0.08404596441834357,0.22810925115503222,0.35238907849829354,0.7512064343163539,0.22005257228689448,0.35016898235073224,0.5655136617832318,0.4125217927981165,0.400021804174288,0.5422970364883264,0.6292608719804802,0.4351423489147889,0.523775153269908,0.46241091424709707,0.3113508752614775,0.5153506875378362,0.586265792884571,0.4794253388732087,https://a.espncdn.com/i/headshots/wnba/players/full/5105737.png
2026,5105740,Indya Nivar,G,20,Dream,18,2026-05-12,2026-07-11,0,60,17,7,18,2,3,1,13,4,13,17,7,5,2,4,14,8034,1254,2855,1092,770,979,437,985,1422,524,258,967,1225,3.3333333333333335,0.9444444444444444,0.9444444444444444,0.3888888888888889,0.2777777777777778,0.1111111111111111,0.2222222222222222,0.2222222222222222,0.7222222222222222,0.3888888888888889,0.6666666666666666,0.07692307692307693,0.4444444444444444,0.3583473861720068,10.2,10.2,4.2,3,1.2,2.4,2.4,7.8,27.72,0.19485258913947334,39.82598954443614,0.17576462204886834,27.72,0.14430014430014432,52.42718446601941,0.0762962962962963,46.415235250186704,0.2800804505229284,0.16666666666666666,0.7222222222222222,23.72,18,39.82598954443614,60,27.72,52.42718446601941,46.415235250186704,3,13,18,18,0.38704434894526735,0.01124600067693133,0.09298355942862277,0.46951352178041605,0.0670728804684153,0.5071878885713662,0.9681136603128925,1,0.9996921498204208,0.0026788528206744405,0.0033689695445153177,0.9966759500494116,0.2183536305952321,0.5562930665627853,0.5086021022369958,0.20407717661994423,0.9321540309446514,0.14602102920965948,0.02842820220032798,0.10533290196586335,0.3444843509492047,0.8241411913016073,0.43774144281735694,0.28505974305992277,0.5460825766956455,0.4364687932383934,0.5026784259565209,0.5408217699467427,0.5556928965566764,0.5279163627113468,0.6233298955152561,0.5119662601648649,0.4994043012061814,0.453301692778582,0.6053406351782851,0.544010543161639,https://a.espncdn.com/i/headshots/wnba/players/full/5105740.png
2026,5105752,Alissa Pili,F,6,Sparks,5,2026-07-08,2026-08-18,0,39,10,4,12,2,4,0,2,5,6,11,4,1,0,4,7,8029,1266,2726,1042,615,788,295,951,1246,580,383,1045,1428,7.8,2,2.2,0.8,0.2,0,0.8,1,1.2,0.3333333333333333,0.5,0,0.4166666666666667,0.3881987577639751,9.23076923076923,10.153846153846153,3.6923076923076925,0.9230769230769231,0,3.6923076923076925,4.615384615384615,5.538461538461538,16.880000000000003,0.19027551509209012,26.747291069871718,0.1495478547547426,16.880000000000003,0.23696682464454974,32.544526092913195,0.15363566781477228,32.39880433428821,0.1851920193749279,0.3333333333333333,0.16666666666666666,12.88,12,26.747291069871718,39,16.880000000000003,32.544526092913195,32.39880433428821,4,2,12,12,0.38318505338078296,0.002251762743561879,0.031014430325220763,0.7602042723973292,0.031018454599843526,0.9823279229233575,0.9679843965533036,0.5257343726117156,0.9946949602122016,4.634994206257242e-4,0.4767032809246895,0.11781175963816498,0.20109525277908555,0.5576019105865703,0.517768684040491,0.12420123916161148,0.8692183950177319,0.141372276712091,0.07306816022078576,0.18544112394679418,0.3297966401414677,0.747856315179606,0.32479000646133965,0.3097853399382583,0.48257248911195416,0.4131951780434178,0.48278876487058314,0.6239137397863301,0.5937270061966523,0.5531904399638512,0.6316023323871088,0.5313139682280483,0.4814167576845061,0.5735587212868926,0.48200833639507923,0.518404682570853,https://a.espncdn.com/i/headshots/wnba/players/full/5105752.png
2026,5106145,Darianna Littlepage-Buggs,G,16,Mystics,2,2026-08-19,2026-08-25,0,3,0,0,1,0,0,0,0,0,0,0,0,0,0,0,0,8150,1170,2604,781,729,996,410,1094,1504,601,304,893,1197,1.5,0,0,0,0,0,0,0,0,0,NA,NA,0,0,0,0,0,0,0,0,0,0,1,0.14913465303777224,2.1533742331288344,0,1,0,2.398159509202454,0,2.573006134969325,0,0,0,1,1,2.1533742331288344,3,1,2.398159509202454,2.573006134969325,0,0,1,1,0.06761005431818677,3.5922063491049814e-4,4.941155331955799e-4,8.632566491112044e-4,0.0012852858570952539,0.0010143757771427324,0.008826464766988736,4.399074445658139e-4,NA,NA,4.49195939268709e-5,0.0016620249752942234,0.2183536305952321,0.5562930665627853,0.5086021022369958,0.20407717661994423,0.9321540309446514,0.14602102920965948,0.02842820220032798,0.10533290196586335,0.3444843509492047,0.8241411913016073,0.43774144281735694,0.28505974305992277,0.5460825766956455,0.4364687932383934,0.5026784259565209,0.5408217699467427,0.5556928965566764,0.5279163627113468,0.6233298955152561,0.5119662601648649,0.4994043012061814,0.453301692778582,0.6053406351782851,0.544010543161639,https://a.espncdn.com/i/headshots/wnba/players/full/5106145.png
2026,5106170,Ndjakalenga Mwenentanda,G,129689,Valkyries,5,2026-05-08,2026-06-02,0,13,0,0,1,0,1,0,0,1,1,2,2,0,0,1,1,8000,1156,2720,1223,569,731,363,952,1315,413,314,983,1297,2.6,0,0.4,0.4,0,0,0.2,0.2,0.2,0,0,NA,0,0,0,5.538461538461538,5.538461538461538,0,0,2.769230769230769,2.769230769230769,2.769230769230769,2,0.07125311064361153,9.3925,0.21293585307426138,2,0.5,10.936250000000001,0.09143902160246885,10.28625,0.09721715882853323,1,0,1,1,9.3925,13,2,10.936250000000001,10.28625,1,0,1,1,6.817041513055998e-5,3.991340387894424e-4,5.390351271224508e-4,0.5581599086810447,0.0014915663032957268,1,0.9861842456117769,0.40682019562116367,0.0021549512570549,NA,1,0.0017069445692210943,0.2183536305952321,0.5562930665627853,0.5086021022369958,0.20407717661994423,0.9321540309446514,0.14602102920965948,0.02842820220032798,0.10533290196586335,0.3444843509492047,0.8241411913016073,0.43774144281735694,0.28505974305992277,0.5460825766956455,0.4364687932383934,0.5026784259565209,0.5408217699467427,0.5556928965566764,0.5279163627113468,0.6233298955152561,0.5119662601648649,0.4994043012061814,0.453301692778582,0.6053406351782851,0.544010543161639,https://a.espncdn.com/i/headshots/wnba/players/full/5106170.png
2026,5106222,Taina Mair,G,14,Storm,9,2026-05-20,2026-08-30,0,47,13,4,17,3,7,2,2,2,2,4,4,0,1,4,6,8030,1187,2788,1060,602,756,345,1017,1362,563,390,1064,1454,5.222222222222222,1.4444444444444444,0.4444444444444444,0.4444444444444444,0,0.1111111111111111,0.4444444444444444,0.2222222222222222,0.2222222222222222,0.23529411764705882,0.42857142857142855,1,0.3235294117647059,0.3635346756152125,9.957446808510639,3.0638297872340425,3.0638297872340425,0,0.7659574468085106,3.0638297872340425,1.5319148936170213,1.5319148936170213,21.88,0.20296344249686424,30.737858032378583,0.13013268510077988,21.88,0.18281535648994515,41.234744707347446,0.04850278604110354,41.17621419676214,0.0485717310106005,0.4117647058823529,0.11764705882352941,17.88,17,30.737858032378583,47,21.88,41.234744707347446,41.17621419676214,7,2,17,17,0.4511327196178094,0.011959652338286851,0.005075914113736412,0.2535097492098359,0.00223734945494359,0.7832358041927531,0.8895556871903537,0.056967184878483366,0.9486916367367881,0.9985817838008194,0.4837840265923996,0.0883119216602282,0.2183536305952321,0.5562930665627853,0.5086021022369958,0.20407717661994423,0.9321540309446514,0.14602102920965948,0.02842820220032798,0.10533290196586335,0.3444843509492047,0.8241411913016073,0.43774144281735694,0.28505974305992277,0.5460825766956455,0.4364687932383934,0.5026784259565209,0.5408217699467427,0.5556928965566764,0.5279163627113468,0.6233298955152561,0.5119662601648649,0.4994043012061814,0.453301692778582,0.6053406351782851,0.544010543161639,https://a.espncdn.com/i/headshots/wnba/players/full/5106222.png
2026,5106232,Ashlon Jackson,G,18,Sun,15,2026-05-20,2026-08-30,0,169,31,13,46,5,32,0,2,1,13,14,9,8,1,4,11,8025,1162,2745,792,603,852,369,931,1300,542,311,1038,1349,11.266666666666667,2.066666666666667,0.9333333333333333,0.6,0.5333333333333333,0.06666666666666667,0.26666666666666666,0.06666666666666667,0.8666666666666667,0.2826086956521739,0.15625,0,0.33695652173913043,0.33063139931740615,6.603550295857988,2.9822485207100593,1.9171597633136095,1.7041420118343196,0.21301775147928995,0.8520710059171598,0.21301775147928995,2.769230769230769,50.88,0.1319566636415233,109.35389408099688,0.0823015958931817,50.88,0.07861635220125786,148.15140186915886,0.006749851755592284,130.77757009345794,0.09940542549238202,0.6956521739130435,0.043478260869565216,46.88,46,109.35389408099688,169,50.88,148.15140186915886,130.77757009345794,32,2,46,46,0.026985940533583472,0.006089188895771733,0.009028838379301051,0.1044596624457042,0.18470033798257723,0.02125280862110338,0.016625828221789717,0.4407725450086959,0.008927655207798871,6.303183107469272e-4,0.927993890935226,0.0038630850777108977,0.2183536305952321,0.5562930665627853,0.5086021022369958,0.20407717661994423,0.9321540309446514,0.14602102920965948,0.02842820220032798,0.10533290196586335,0.3444843509492047,0.8241411913016073,0.43774144281735694,0.28505974305992277,0.5460825766956455,0.4364687932383934,0.5026784259565209,0.5408217699467427,0.5556928965566764,0.5279163627113468,0.6233298955152561,0.5119662601648649,0.4994043012061814,0.453301692778582,0.6053406351782851,0.544010543161639,https://a.espncdn.com/i/headshots/wnba/players/full/5106232.png
2026,5107404,Quionche Carter,G,11,Mercury,12,2026-05-09,2026-07-02,0,81,15,3,18,0,9,9,16,3,6,9,7,5,0,2,11,8033,1166,2623,963,720,915,276,986,1262,518,312,1051,1363,6.75,1.25,0.75,0.5833333333333334,0.4166666666666667,0,0.16666666666666666,0.25,0.5,0.16666666666666666,0,0.5625,0.16666666666666666,0.29952076677316297,6.666666666666667,4,3.111111111111111,2.2222222222222223,0,0.8888888888888888,1.3333333333333333,2.6666666666666665,27.04,0.15135080597397638,55.78625669114901,0.1254789336153937,27.04,0.07396449704142012,66.90339848126479,0.044840771442127884,65.4413046184489,0.09168521371911202,0.5,0.8888888888888888,25.04,18,55.78625669114901,81,27.04,66.90339848126479,65.4413046184489,9,16,18,18,0.07496973233568202,0.0018727369100000639,0.001751864163147965,0.24521928400942808,0.1435553228288983,0.010011507166074038,0.8648531351544065,0.3297913729774439,0.0030785017957927143,0.015442798613299717,0.684439852663732,0.9988770101518283,0.2183536305952321,0.5562930665627853,0.5086021022369958,0.20407717661994423,0.9321540309446514,0.14602102920965948,0.02842820220032798,0.10533290196586335,0.3444843509492047,0.8241411913016073,0.43774144281735694,0.28505974305992277,0.5460825766956455,0.4364687932383934,0.5026784259565209,0.5408217699467427,0.5556928965566764,0.5279163627113468,0.6233298955152561,0.5119662601648649,0.4994043012061814,0.453301692778582,0.6053406351782851,0.544010543161639,https://a.espncdn.com/i/headshots/wnba/players/full/5107404.png
2026,5107515,Laura Ziegler,F,6,Sparks,3,2026-06-21,2026-06-27,0,29,8,3,8,0,3,2,3,1,3,4,3,1,1,0,5,8029,1266,2726,1042,615,788,295,951,1246,580,383,1045,1428,9.666666666666666,2.6666666666666665,1.3333333333333333,1,0.3333333333333333,0.3333333333333333,0,0.3333333333333333,1,0.375,0,0.6666666666666666,0.375,0.4291845493562232,9.931034482758621,4.9655172413793105,3.7241379310344827,1.2413793103448276,1.2413793103448276,0,1.2413793103448276,3.7241379310344827,9.32,0.14128400111471018,19.86337028272512,0.151031771411373,9.32,0,24.199775812679036,0.04132269686052496,24.091418607547638,0.12452566820038258,0.375,0.375,9.32,8,19.86337028272512,29,9.32,24.199775812679036,24.091418607547638,3,3,8,8,0.12618479298671992,0.016826303419343425,0.0072510589417761505,0.8010892431733897,0.07927194072437756,0.0015233052686398753,0.19490903910326937,0.15758502738367827,0.001326259946949602,0.19096176129779838,0.5363629837030656,0.6865532342594587,0.20109525277908555,0.5576019105865703,0.517768684040491,0.12420123916161148,0.8692183950177319,0.141372276712091,0.07306816022078576,0.18544112394679418,0.3297966401414677,0.747856315179606,0.32479000646133965,0.3097853399382583,0.48257248911195416,0.4131951780434178,0.48278876487058314,0.6239137397863301,0.5937270061966523,0.5531904399638512,0.6316023323871088,0.5313139682280483,0.4814167576845061,0.5735587212868926,0.48200833639507923,0.518404682570853,https://a.espncdn.com/i/headshots/wnba/players/full/5107515.png
2026,5108051,Jordan Harrison,G,132052,Fire,12,2026-05-09,2026-08-30,1,150,63,21,47,5,15,16,21,6,15,21,42,6,1,21,26,8113,1232,2727,1188,585,724,317,893,1210,563,387,978,1365,12.5,5.25,1.75,3.5,0.5,0.08333333333333333,1.75,0.5,1.25,0.44680851063829785,0.3333333333333333,0.7619047619047619,0.5,0.560099573257468,15.12,5.04,10.08,1.44,0.24,5.04,1.44,3.6,77.24000000000001,0.23154134243761132,92.89128559102674,0.45214144397692757,77.24000000000001,0.27187985499741063,119.71527178602243,0.05011891891891892,118.32860840626155,0.126765625,0.3191489361702128,0.44680851063829785,56.24,47,92.89128559102674,150,77.24000000000001,119.71527178602243,118.32860840626155,15,21,47,47,0.601361226849327,0.4877338127199229,0.4518012757164675,0.998562990052281,0.16297742022500436,0.9824611155952094,0.9305914285515128,0.7886099833092756,0.38081067213955877,0.12779703750393948,0.20357559967657893,0.9107447668673075,0.2183536305952321,0.5562930665627853,0.5086021022369958,0.20407717661994423,0.9321540309446514,0.14602102920965948,0.02842820220032798,0.10533290196586335,0.3444843509492047,0.8241411913016073,0.43774144281735694,0.28505974305992277,0.5460825766956455,0.4364687932383934,0.5026784259565209,0.5408217699467427,0.5556928965566764,0.5279163627113468,0.6233298955152561,0.5119662601648649,0.4994043012061814,0.453301692778582,0.6053406351782851,0.544010543161639,https://a.espncdn.com/i/headshots/wnba/players/full/5108051.png
2026,5108550,Serah Williams,C,132052,Fire,35,2026-05-09,2026-08-30,2,446,151,60,106,1,2,30,48,29,62,91,18,14,14,27,65,8113,1232,2727,1188,585,724,317,893,1210,563,387,978,1365,12.742857142857142,4.314285714285714,2.6,0.5142857142857142,0.4,0.4,0.7714285714285715,0.8285714285714286,1.7714285714285714,0.5660377358490566,0.5,0.625,0.5707547169811321,0.5939269981120201,12.188340807174887,7.345291479820628,1.452914798206278,1.1300448430493273,1.1300448430493273,2.179372197309417,2.3408071748878925,5.004484304932736,154.12,0.15538234895581118,278.6367558239862,0.06460023533783364,154.12,0.17518816506618218,355.95340811044,0.08147133680765968,351.83039566128434,0.17622127242152466,0.018867924528301886,0.4528301886792453,127.12,106,278.6367558239862,446,154.12,355.95340811044,351.83039566128434,2,48,106,106,0.08950779373149338,0.46613086909836327,0.7093503567405182,0.09464375038351253,0.2557292356603524,0.9149617297055701,0.43453270305768005,0.3352421320902958,1,0.09705093833780161,0.20991363124295906,0.744085617724371,0.2301817032026182,0.5835746591611622,0.5419639504318438,0.12732307217240074,0.6806470117654635,0.14148835130454215,0.08404596441834357,0.22810925115503222,0.35238907849829354,0.7512064343163539,0.22005257228689448,0.35016898235073224,0.5655136617832318,0.4125217927981165,0.400021804174288,0.5422970364883264,0.6292608719804802,0.4351423489147889,0.523775153269908,0.46241091424709707,0.3113508752614775,0.5153506875378362,0.586265792884571,0.4794253388732087,https://a.espncdn.com/i/headshots/wnba/players/full/5108550.png
2026,5108587,Madina Okot,C,20,Dream,39,2026-05-09,2026-08-30,2,361,210,83,144,1,8,43,56,45,85,130,10,12,11,49,62,8034,1254,2855,1092,770,979,437,985,1422,524,258,967,1225,9.256410256410257,5.384615384615385,3.3333333333333335,0.2564102564102564,0.3076923076923077,0.28205128205128205,1.2564102564102564,1.1538461538461537,2.1794871794871793,0.5763888888888888,0.125,0.7678571428571429,0.5798611111111112,0.6226280834914611,20.941828254847646,12.96398891966759,0.997229916897507,1.1966759002770082,1.0969529085872576,4.886426592797784,4.487534626038781,8.476454293628809,217.64,0.2542703499197454,198.73637042569084,0.050317916034091414,217.64,0.2251424370520125,315.4368932038835,0.14265927977839335,279.26499875529004,0.3043704022303292,0.05555555555555555,0.3888888888888889,168.64,144,198.73637042569084,361,217.64,315.4368932038835,279.26499875529004,8,56,144,144,0.6155315939437958,0.8250740246640418,0.8191888847164852,0.02268829253850663,0.10471585640482182,0.972881166545617,0.9981126211718074,0.9953722947402325,0.008532423208191127,0.5914209115281501,0.2714983101764927,0.5659031167855801,0.2301817032026182,0.5835746591611622,0.5419639504318438,0.12732307217240074,0.6806470117654635,0.14148835130454215,0.08404596441834357,0.22810925115503222,0.35238907849829354,0.7512064343163539,0.22005257228689448,0.35016898235073224,0.5655136617832318,0.4125217927981165,0.400021804174288,0.5422970364883264,0.6292608719804802,0.4351423489147889,0.523775153269908,0.46241091424709707,0.3113508752614775,0.5153506875378362,0.586265792884571,0.4794253388732087,https://a.espncdn.com/i/headshots/wnba/players/full/5108587.png
2026,5122345,Cassandre Prosper,G,16,Mystics,34,2026-05-08,2026-08-28,2,349,73,29,95,7,39,8,17,23,14,37,16,9,3,21,60,8150,1170,2604,781,729,996,410,1094,1504,601,304,893,1197,10.264705882352942,2.1470588235294117,1.088235294117647,0.47058823529411764,0.2647058823529412,0.08823529411764706,0.6176470588235294,0.6764705882352942,0.4117647058823529,0.30526315789473685,0.1794871794871795,0.47058823529411764,0.34210526315789475,0.3561670569867291,7.530085959885387,3.816618911174785,1.6504297994269341,0.9283667621776505,0.30945558739255014,2.166189111747851,2.372492836676218,1.4441260744985673,123.48,0.15829639218141073,221.50920245398774,0.07223176203401097,123.48,0.17006802721088435,278.98588957055216,0.08244144546308167,299.32638036809817,0.046771687756967585,0.4105263157894737,0.17894736842105263,102.48,95,221.50920245398774,349,123.48,278.98588957055216,299.32638036809817,39,17,95,95,0.09023445169171702,0.010299254736922772,0.013296199802353787,0.051226243472438045,0.05675885815839165,0.7210562051438668,0.9772987261249727,0.05618174298545314,0.01734222678296562,0.005357705641348881,0.4830203934956428,0.19068367621956697,0.2183536305952321,0.5562930665627853,0.5086021022369958,0.20407717661994423,0.9321540309446514,0.14602102920965948,0.02842820220032798,0.10533290196586335,0.3444843509492047,0.8241411913016073,0.43774144281735694,0.28505974305992277,0.5460825766956455,0.4364687932383934,0.5026784259565209,0.5408217699467427,0.5556928965566764,0.5279163627113468,0.6233298955152561,0.5119662601648649,0.4994043012061814,0.453301692778582,0.6053406351782851,0.544010543161639,https://a.espncdn.com/i/headshots/wnba/players/full/5122345.png
2026,5208981,Leila Lacan,G,18,Sun,27,2026-05-30,2026-08-22,27,767,314,119,281,29,92,47,65,14,36,50,124,45,9,59,77,8025,1162,2745,792,603,852,369,931,1300,542,311,1038,1349,28.40740740740741,11.62962962962963,1.8518518518518519,4.592592592592593,1.6666666666666667,0.3333333333333333,2.185185185185185,0.5185185185185185,1.3333333333333333,0.4234875444839858,0.31521739130434784,0.7230769230769231,0.4750889679715303,0.5071059431524547,14.73794002607562,2.346805736636245,5.820078226857888,2.1121251629726205,0.42242503259452413,2.769230769230769,0.6571056062581486,1.6897001303780965,368.6,0.21063517376793894,436.2984423676012,0.2842091283368011,368.6,0.16006511123168746,672.3794392523364,0.020821576601996537,593.5289719626168,0.06065415792755513,0.3274021352313167,0.2313167259786477,309.6,281,436.2984423676012,767,368.6,672.3794392523364,593.5289719626168,92,65,281,281,0.4644723064505573,0.21129836706282049,0.30540831910879523,0.7778717667631624,0.9229621872074388,0.6720444034815993,0.32665322049737805,0.10572962521548503,0.2743971267316573,0.08351717617396785,0.220600125774863,0.34785733536968827,0.2183536305952321,0.5562930665627853,0.5086021022369958,0.20407717661994423,0.9321540309446514,0.14602102920965948,0.02842820220032798,0.10533290196586335,0.3444843509492047,0.8241411913016073,0.43774144281735694,0.28505974305992277,0.5460825766956455,0.4364687932383934,0.5026784259565209,0.5408217699467427,0.5556928965566764,0.5279163627113468,0.6233298955152561,0.5119662601648649,0.4994043012061814,0.453301692778582,0.6053406351782851,0.544010543161639,https://a.espncdn.com/i/headshots/wnba/players/full/5208981.png
2026,5208982,Carla Leite,G,132052,Fire,36,2026-05-09,2026-08-28,35,936,573,173,377,34,85,193,221,22,54,76,228,24,2,120,96,8113,1232,2727,1188,585,724,317,893,1210,563,387,978,1365,26,15.916666666666666,2.111111111111111,6.333333333333333,0.6666666666666666,0.05555555555555555,3.3333333333333335,0.6111111111111112,1.5,0.4588859416445623,0.4,0.8733031674208145,0.5039787798408488,0.6041244939271255,22.03846153846154,2.923076923076923,8.76923076923077,0.9230769230769231,0.07692307692307693,4.615384615384615,0.8461538461538461,2.076923076923077,594.24,0.28547203714472646,537.681622088007,0.4240427618012975,594.24,0.20193861066235863,747.02329594478,0.02945021945021945,738.3705164550722,0.07313401442307692,0.22546419098143236,0.5862068965517241,474.24,377,537.681622088007,936,594.24,747.02329594478,738.3705164550722,85,221,377,377,0.8777159093388014,0.7716330649023877,0.4687359626268979,0.9783091704366415,0.2958854984846321,0.9155682140441962,0.6409864266268007,0.14981760069779781,0.8953309389430477,0.7472423573904822,0.04249393585481987,0.9958673973587279,0.2183536305952321,0.5562930665627853,0.5086021022369958,0.20407717661994423,0.9321540309446514,0.14602102920965948,0.02842820220032798,0.10533290196586335,0.3444843509492047,0.8241411913016073,0.43774144281735694,0.28505974305992277,0.5460825766956455,0.4364687932383934,0.5026784259565209,0.5408217699467427,0.5556928965566764,0.5279163627113468,0.6233298955152561,0.5119662601648649,0.4994043012061814,0.453301692778582,0.6053406351782851,0.544010543161639,https://a.espncdn.com/i/headshots/wnba/players/full/5208982.png
2026,5208983,Isobel Borlase,G,20,Dream,40,2026-05-09,2026-08-30,1,517,185,68,164,19,62,30,32,11,47,58,40,9,4,30,52,8034,1254,2855,1092,770,979,437,985,1422,524,258,967,1225,12.925,4.625,1.45,1,0.225,0.1,0.75,0.275,1.175,0.4146341463414634,0.3064516129032258,0.9375,0.4725609756097561,0.519429469901168,12.88201160541586,4.038684719535784,2.7852998065764023,0.6266924564796905,0.27852998065764023,2.0889748549323017,0.7659574468085106,3.272727272727273,208.08,0.16974774024358652,335.4839432412248,0.11923074354482173,208.08,0.1441753171856978,451.747572815534,0.024349881796690308,399.94461040577545,0.11751627294668325,0.3780487804878049,0.1951219512195122,178.08,164,335.4839432412248,517,208.08,451.747572815534,399.94461040577545,62,32,164,164,0.15677014026744615,0.3103857869965323,0.2499326206091097,0.21250200623390295,0.049364497548436234,0.5062430466176566,0.5275632319219161,0.6916633946344108,0.22473063109286814,0.9900724866057359,0.36164765070523763,0.2252268439493307,0.2183536305952321,0.5562930665627853,0.5086021022369958,0.20407717661994423,0.9321540309446514,0.14602102920965948,0.02842820220032798,0.10533290196586335,0.3444843509492047,0.8241411913016073,0.43774144281735694,0.28505974305992277,0.5460825766956455,0.4364687932383934,0.5026784259565209,0.5408217699467427,0.5556928965566764,0.5279163627113468,0.6233298955152561,0.5119662601648649,0.4994043012061814,0.453301692778582,0.6053406351782851,0.544010543161639,https://a.espncdn.com/i/headshots/wnba/players/full/5208983.png
2026,5208985,Alicia Florez,G,16,Mystics,31,2026-05-27,2026-08-28,0,374,102,37,113,8,44,20,38,11,34,45,61,18,5,36,49,8150,1170,2604,781,729,996,410,1094,1504,601,304,893,1197,12.064516129032258,3.2903225806451615,1.4516129032258065,1.967741935483871,0.5806451612903226,0.16129032258064516,1.1612903225806452,0.3548387096774194,1.096774193548387,0.3274336283185841,0.18181818181818182,0.5263157894736842,0.36283185840707965,0.393154486586494,9.818181818181818,4.331550802139038,5.871657754010696,1.732620320855615,0.48128342245989303,3.46524064171123,1.0588235294117647,3.272727272727273,165.72,0.19824541204347285,231.45398773006139,0.263551302780502,165.72,0.2172338884866039,298.9705521472393,0.03679292131280754,320.76809815950924,0.10599557809858239,0.3893805309734513,0.336283185840708,129.72,113,231.45398773006139,374,165.72,298.9705521472393,320.76809815950924,44,38,113,113,0.4148019785781287,0.017788605840767868,0.0183721139160902,0.7276306023520355,0.24015804255724282,0.957014463035274,0.7860970983221682,0.5310596036761738,0.029245767060030785,0.012921525370312008,0.39834695894349115,0.6984996855628425,0.2183536305952321,0.5562930665627853,0.5086021022369958,0.20407717661994423,0.9321540309446514,0.14602102920965948,0.02842820220032798,0.10533290196586335,0.3444843509492047,0.8241411913016073,0.43774144281735694,0.28505974305992277,0.5460825766956455,0.4364687932383934,0.5026784259565209,0.5408217699467427,0.5556928965566764,0.5279163627113468,0.6233298955152561,0.5119662601648649,0.4994043012061814,0.453301692778582,0.6053406351782851,0.544010543161639,https://a.espncdn.com/i/headshots/wnba/players/full/5208985.png
2026,5209202,Nyadiew Puoch,F,132052,Fire,39,2026-05-09,2026-08-30,25,689,154,58,162,19,77,19,30,31,46,77,28,28,5,21,85,8113,1232,2727,1188,585,724,317,893,1210,563,387,978,1365,17.666666666666668,3.948717948717949,1.9743589743589745,0.717948717948718,0.717948717948718,0.1282051282051282,0.5384615384615384,0.7948717948717948,1.1794871794871795,0.35802469135802467,0.24675324675324675,0.6333333333333333,0.4166666666666667,0.4394977168949772,8.04644412191582,4.02322206095791,1.462989840348331,1.462989840348331,0.2612481857764877,1.097242380261248,1.6197387518142234,2.4034833091436867,196.2,0.12804343666243942,465.1406384814496,0.060196847326460114,196.2,0.10703363914373089,549.8921484037965,0.056374691091672216,543.5227412794281,0.08463307329462989,0.47530864197530864,0.18518518518518517,175.2,162,465.1406384814496,689,196.2,549.8921484037965,543.5227412794281,77,30,162,162,0.09722463327836127,0.029144026889736913,0.04264484169717855,0.1052526310572308,0.45296608219430257,0.23234311257703327,0.37663202831023346,0.0841498440675067,0.11273209549071618,0.07068366164542295,0.6943786345035537,0.15672338287027066,0.20109525277908555,0.5576019105865703,0.517768684040491,0.12420123916161148,0.8692183950177319,0.141372276712091,0.07306816022078576,0.18544112394679418,0.3297966401414677,0.747856315179606,0.32479000646133965,0.3097853399382583,0.48257248911195416,0.4131951780434178,0.48278876487058314,0.6239137397863301,0.5937270061966523,0.5531904399638512,0.6316023323871088,0.5313139682280483,0.4814167576845061,0.5735587212868926,0.48200833639507923,0.518404682570853,https://a.espncdn.com/i/headshots/wnba/players/full/5209202.png
2026,5220104,Mai Yamamoto,G,17,Aces,10,2026-07-28,2026-08-28,0,152,58,18,47,13,33,9,9,3,6,9,18,8,0,4,9,8252,1349,2810,979,667,821,320,1053,1373,487,344,1041,1385,15.2,5.8,0.9,1.8,0.8,0,0.4,0.3,0.6,0.3829787234042553,0.3939393939393939,1,0.5212765957446809,0.5690737833594977,13.736842105263158,2.1315789473684212,4.2631578947368425,1.894736842105263,0,0.9473684210526315,0.7105263157894737,1.4210526315789473,54.96,0.16312486188354022,106.241396025206,0.16942548454210316,54.96,0.07278020378457059,125.3465826466311,0.02393364012529487,128.66214251090642,0.0466337640809253,0.7021276595744681,0.19148936170212766,50.96,47,106.241396025206,152,54.96,125.3465826466311,128.66214251090642,33,9,47,47,0.10191749743679239,0.5940982444488437,0.5922648459257929,0.4437526459693262,0.4190507925929452,0.009089843153508867,0.4834124511130997,0.05047205151875454,0.8285274499743458,1,0.9301051118497888,0.21786003054532388,0.2183536305952321,0.5562930665627853,0.5086021022369958,0.20407717661994423,0.9321540309446514,0.14602102920965948,0.02842820220032798,0.10533290196586335,0.3444843509492047,0.8241411913016073,0.43774144281735694,0.28505974305992277,0.5460825766956455,0.4364687932383934,0.5026784259565209,0.5408217699467427,0.5556928965566764,0.5279163627113468,0.6233298955152561,0.5119662601648649,0.4994043012061814,0.453301692778582,0.6053406351782851,0.544010543161639,https://a.espncdn.com/i/headshots/wnba/players/full/5220104.png
2026,5220150,Dominique Malonga,C,14,Storm,32,2026-05-08,2026-08-30,30,838,540,216,453,20,73,88,116,86,206,292,55,29,46,86,90,8030,1187,2788,1060,602,756,345,1017,1362,563,390,1064,1454,26.1875,16.875,9.125,1.71875,0.90625,1.4375,2.6875,2.6875,6.4375,0.4768211920529801,0.273972602739726,0.7586206896551724,0.4988962472406181,0.5356717720815808,23.198090692124104,12.544152744630072,2.3627684964200477,1.2458233890214798,1.9761336515513126,3.694510739856802,3.694510739856802,8.84964200477327,590.04,0.3069769709213381,403.3686176836861,0.13635170806254923,590.04,0.14575283031658873,735.2067247820672,0.11697390285091917,734.1631382316314,0.28059158690013963,0.16114790286975716,0.2560706401766004,504.04,453,403.3686176836861,838,590.04,735.2067247820672,734.1631382316314,73,116,453,453,0.8771439745237164,0.18965281619106497,0.16785580172737513,0.5745803954583957,0.854285335806067,0.5094083468350187,0.8947412797366223,0.8148258855519446,0.12457337883959044,0.5613941018766756,0.5724746526473902,0.2891475779196395,0.2301817032026182,0.5835746591611622,0.5419639504318438,0.12732307217240074,0.6806470117654635,0.14148835130454215,0.08404596441834357,0.22810925115503222,0.35238907849829354,0.7512064343163539,0.22005257228689448,0.35016898235073224,0.5655136617832318,0.4125217927981165,0.400021804174288,0.5422970364883264,0.6292608719804802,0.4351423489147889,0.523775153269908,0.46241091424709707,0.3113508752614775,0.5153506875378362,0.586265792884571,0.4794253388732087,https://a.espncdn.com/i/headshots/wnba/players/full/5220150.png
2026,5274110,Monique Akoa Makani,G,6,Sparks,26,2026-05-27,2026-08-30,17,568,211,70,162,27,67,44,52,4,43,47,60,26,7,49,75,8029,1266,2726,1042,615,788,295,951,1246,580,383,1045,1428,21.846153846153847,8.115384615384615,1.8076923076923077,2.3076923076923075,1,0.2692307692307692,1.8846153846153846,0.15384615384615385,1.6538461538461537,0.43209876543209874,0.40298507462686567,0.8461538461538461,0.5154320987654321,0.5706404154045868,13.373239436619718,2.9788732394366195,3.8028169014084505,1.647887323943662,0.44366197183098594,3.1056338028169015,0.2535211267605634,2.7253521126760565,233.88,0.18101719066231636,377.8067007099266,0.1588113707016196,233.88,0.20950914999144862,473.98181591729985,0.008439142316586082,471.85950927886415,0.09112881939312033,0.41358024691358025,0.32098765432098764,184.88,162,377.8067007099266,568,233.88,473.98181591729985,471.85950927886415,67,52,162,162,0.3111624964551384,0.601477434557983,0.5164405713772348,0.38909646567133255,0.6305993240348455,0.9513658624375559,0.05164278343126834,0.32854307118028825,0.9022062596203181,0.5471162937283328,0.4910610008085527,0.6202946725361602,0.2183536305952321,0.5562930665627853,0.5086021022369958,0.20407717661994423,0.9321540309446514,0.14602102920965948,0.02842820220032798,0.10533290196586335,0.3444843509492047,0.8241411913016073,0.43774144281735694,0.28505974305992277,0.5460825766956455,0.4364687932383934,0.5026784259565209,0.5408217699467427,0.5556928965566764,0.5279163627113468,0.6233298955152561,0.5119662601648649,0.4994043012061814,0.453301692778582,0.6053406351782851,0.544010543161639,https://a.espncdn.com/i/headshots/wnba/players/full/5274110.png
2026,5277552,Juste Jocyte,G,129689,Valkyries,14,2026-05-25,2026-08-30,0,98,30,10,33,5,17,5,6,1,6,7,12,0,1,9,6,8000,1156,2720,1223,569,731,363,952,1315,413,314,983,1297,7,2.142857142857143,0.5,0.8571428571428571,0,0.07142857142857142,0.6428571428571429,0.07142857142857142,0.42857142857142855,0.30303030303030304,0.29411764705882354,0.8333333333333334,0.3787878787878788,0.42087542087542085,11.020408163265307,2.5714285714285716,4.408163265306122,0,0.3673469387755102,3.306122448979592,0.3673469387755102,2.204081632653061,44.64,0.2109673733096972,60.80499999999999,0.19735219143162572,44.64,0.20161290322580644,82.4425,0.012129666130939746,77.5425,0.07737692233291421,0.5151515151515151,0.18181818181818182,35.64,33,60.80499999999999,98,44.64,82.4425,77.5425,17,6,33,33,0.46599387011627147,0.031873247801569714,0.03692390620788788,0.5368971696898772,0.0037923866647625393,0.8953134203006042,0.14872729033948562,0.19903916823038334,0.156900974858902,0.5037819098644816,0.7409487018237355,0.20460875033689696,0.2183536305952321,0.5562930665627853,0.5086021022369958,0.20407717661994423,0.9321540309446514,0.14602102920965948,0.02842820220032798,0.10533290196586335,0.3444843509492047,0.8241411913016073,0.43774144281735694,0.28505974305992277,0.5460825766956455,0.4364687932383934,0.5026784259565209,0.5408217699467427,0.5556928965566764,0.5279163627113468,0.6233298955152561,0.5119662601648649,0.4994043012061814,0.453301692778582,0.6053406351782851,0.544010543161639,https://a.espncdn.com/i/headshots/wnba/players/full/5277552.png
2026,5278157,Alex Wilson,G,16,Mystics,4,2026-05-08,2026-05-18,0,58,12,4,15,2,11,2,3,5,2,7,3,0,1,2,7,8150,1170,2604,781,729,996,410,1094,1504,601,304,893,1197,14.5,3,1.75,0.75,0,0.25,0.5,1.25,0.5,0.26666666666666666,0.18181818181818182,0.6666666666666666,0.3333333333333333,0.3676470588235294,7.448275862068965,4.344827586206897,1.8620689655172413,0,0.6206896551724138,1.2413793103448276,3.103448275862069,1.2413793103448276,18.32,0.14131794018889593,37.6319018404908,0.07971959569611999,18.32,0.1091703056768559,46.36441717791411,0.1078413210892635,49.74478527607362,0.04020521927877263,0.7333333333333333,0.2,16.32,15,37.6319018404908,58,18.32,46.36441717791411,49.74478527607362,11,3,15,15,0.04657130080059335,0.01261103908959122,0.00696253705866499,0.10166764018166739,0.0047127148093492645,0.21521263715887523,0.999700580632543,0.01135688776775189,0.030374551051821446,0.04963756697132052,0.962087862725721,0.2338514059832899,0.2183536305952321,0.5562930665627853,0.5086021022369958,0.20407717661994423,0.9321540309446514,0.14602102920965948,0.02842820220032798,0.10533290196586335,0.3444843509492047,0.8241411913016073,0.43774144281735694,0.28505974305992277,0.5460825766956455,0.4364687932383934,0.5026784259565209,0.5408217699467427,0.5556928965566764,0.5279163627113468,0.6233298955152561,0.5119662601648649,0.4994043012061814,0.453301692778582,0.6053406351782851,0.544010543161639,https://a.espncdn.com/i/headshots/wnba/players/full/5278157.png
2026,5278237,Anastasiia Olairi Kosu,F,8,Lynx,30,2026-05-09,2026-08-30,0,308,108,39,82,2,3,28,33,35,24,59,20,17,12,19,37,8008,1359,2820,946,564,697,370,1003,1373,497,376,938,1314,10.266666666666667,3.6,1.9666666666666666,0.6666666666666666,0.5666666666666667,0.4,0.6333333333333333,1.1666666666666667,0.8,0.47560975609756095,0.6666666666666666,0.8484848484848485,0.4878048780487805,0.5594695399917116,12.623376623376624,6.896103896103896,2.3376623376623376,1.9870129870129871,1.4025974025974026,2.220779220779221,4.090909090909091,2.8051948051948052,115.52,0.16577181208053693,222.34615384615387,0.08994983566856944,115.52,0.16447368421052633,251.53846153846155,0.13914373088685014,265.1923076923077,0.09050036258158085,0.036585365853658534,0.4024390243902439,96.52,82,222.34615384615387,308,115.52,251.53846153846155,265.1923076923077,3,33,82,82,0.255474785174898,0.4428643635168945,0.3407997702634791,0.3308243753901984,0.2618850384279074,0.6826273760958251,0.9533618149417712,0.09344914908190043,1,0.8850521436848204,0.09799698470816283,0.7438437791657693,0.20109525277908555,0.5576019105865703,0.517768684040491,0.12420123916161148,0.8692183950177319,0.141372276712091,0.07306816022078576,0.18544112394679418,0.3297966401414677,0.747856315179606,0.32479000646133965,0.3097853399382583,0.48257248911195416,0.4131951780434178,0.48278876487058314,0.6239137397863301,0.5937270061966523,0.5531904399638512,0.6316023323871088,0.5313139682280483,0.4814167576845061,0.5735587212868926,0.48200833639507923,0.518404682570853,https://a.espncdn.com/i/headshots/wnba/players/full/5278237.png
2026,5345319,Nell Angloma,F,18,Sun,35,2026-05-15,2026-08-30,1,418,150,52,124,5,28,41,62,29,37,66,28,20,10,29,62,8025,1162,2745,792,603,852,369,931,1300,542,311,1038,1349,11.942857142857143,4.285714285714286,1.8857142857142857,0.8,0.5714285714285714,0.2857142857142857,0.8285714285714286,0.8285714285714286,1.0571428571428572,0.41935483870967744,0.17857142857142858,0.6612903225806451,0.43951612903225806,0.4957694341618191,12.91866028708134,5.684210526315789,2.411483253588517,1.722488038277512,0.861244019138756,2.4976076555023923,2.4976076555023923,3.186602870813397,180.28,0.18903498885164904,250.62679127725858,0.11171989976532357,180.28,0.16086088307077878,366.43364485981306,0.07914120443578418,323.46168224299066,0.11438758292305203,0.22580645161290322,0.5,151.28,124,250.62679127725858,418,180.28,366.43364485981306,323.46168224299066,28,62,124,124,0.3822693342591789,0.11276251611109707,0.07746428315026205,0.48063595889168415,0.2715035206406185,0.6763605589792553,0.6717534955560212,0.1141411643158758,0.03183023872679045,0.18122827346465817,0.37339363917007684,0.957067987651662,0.20109525277908555,0.5576019105865703,0.517768684040491,0.12420123916161148,0.8692183950177319,0.141372276712091,0.07306816022078576,0.18544112394679418,0.3297966401414677,0.747856315179606,0.32479000646133965,0.3097853399382583,0.48257248911195416,0.4131951780434178,0.48278876487058314,0.6239137397863301,0.5937270061966523,0.5531904399638512,0.6316023323871088,0.5313139682280483,0.4814167576845061,0.5735587212868926,0.48200833639507923,0.518404682570853,https://a.espncdn.com/i/headshots/wnba/players/full/5345319.png
2026,5345320,Pauline Astier,G,9,Liberty,41,2026-05-08,2026-08-29,36,962,381,140,258,16,49,85,96,24,79,103,139,34,6,70,121,8250,1270,2758,1191,731,861,338,1115,1453,554,329,958,1287,23.463414634146343,9.292682926829269,2.5121951219512195,3.3902439024390243,0.8292682926829268,0.14634146341463414,1.7073170731707317,0.5853658536585366,1.9268292682926829,0.5426356589147286,0.32653061224489793,0.8854166666666666,0.5736434108527132,0.6344924060751399,14.257796257796258,3.8544698544698544,5.201663201663202,1.2723492723492724,0.22453222453222454,2.6195426195426195,0.8981288981288982,2.956340956340956,370.24,0.17205487830061097,600.4484848484848,0.23149363102327555,370.24,0.189066551426102,755.6072727272727,0.031762531762531764,841.8957575757576,0.09383584522088677,0.18992248062015504,0.37209302325581395,300.24,258,600.4484848484848,962,370.24,755.6072727272727,841.8957575757576,49,96,258,258,0.2074207587094522,0.9343632055891538,0.89075554756985,0.6030421489508752,0.4343155456117802,0.8054811740581576,0.7087865635391848,0.37701908923262467,0.34294510005130835,0.8224078159470533,0.01495822477764801,0.7450363848710808,0.2183536305952321,0.5562930665627853,0.5086021022369958,0.20407717661994423,0.9321540309446514,0.14602102920965948,0.02842820220032798,0.10533290196586335,0.3444843509492047,0.8241411913016073,0.43774144281735694,0.28505974305992277,0.5460825766956455,0.4364687932383934,0.5026784259565209,0.5408217699467427,0.5556928965566764,0.5279163627113468,0.6233298955152561,0.5119662601648649,0.4994043012061814,0.453301692778582,0.6053406351782851,0.544010543161639,https://a.espncdn.com/i/headshots/wnba/players/full/5345320.png
2026,5345322,Emma Cechova,F,8,Lynx,3,2026-05-09,2026-05-14,0,52,25,10,16,0,1,5,8,4,7,11,0,1,2,4,12,8008,1359,2820,946,564,697,370,1003,1373,497,376,938,1314,17.333333333333332,8.333333333333334,3.6666666666666665,0,0.3333333333333333,0.6666666666666666,1.3333333333333333,1.3333333333333333,2.3333333333333335,0.625,0,0.625,0.625,0.6403688524590164,17.307692307692307,7.615384615384615,0,0.6923076923076923,1.3846153846153846,2.769230769230769,2.769230769230769,4.846153846153846,23.52,0.19991169198163194,34.12337662337663,0,23.52,0.17006802721088435,42.46753246753247,0.09418960244648317,44.77272727272728,0.1563451776649746,0.0625,0.5,19.52,16,34.12337662337663,52,23.52,42.46753246753247,44.77272727272728,1,8,16,16,0.4764126377918584,0.985013520685385,0.9630985713260105,0.003373950661459157,0.08046849832021723,0.6998350837600903,0.7532966216902548,0.3487972824771746,0.0015473032714412025,0.06373117033603708,0.14983128724244382,0.9582166702562998,0.20109525277908555,0.5576019105865703,0.517768684040491,0.12420123916161148,0.8692183950177319,0.141372276712091,0.07306816022078576,0.18544112394679418,0.3297966401414677,0.747856315179606,0.32479000646133965,0.3097853399382583,0.48257248911195416,0.4131951780434178,0.48278876487058314,0.6239137397863301,0.5937270061966523,0.5531904399638512,0.6316023323871088,0.5313139682280483,0.4814167576845061,0.5735587212868926,0.48200833639507923,0.518404682570853,https://a.espncdn.com/i/headshots/wnba/players/full/5345322.png
2026,5345325,Awa Fam,C,14,Storm,33,2026-05-24,2026-08-26,22,910,339,130,288,49,138,30,36,63,126,189,59,29,26,53,85,8030,1187,2788,1060,602,756,345,1017,1362,563,390,1064,1454,27.575757575757574,10.272727272727273,5.7272727272727275,1.7878787878787878,0.8787878787878788,0.7878787878787878,1.606060606060606,1.9090909090909092,3.8181818181818183,0.4513888888888889,0.35507246376811596,0.8333333333333334,0.5364583333333334,0.5578593996840443,13.410989010989011,7.476923076923077,2.334065934065934,1.1472527472527472,1.0285714285714285,2.096703296703297,2.4923076923076923,4.984615384615385,356.84,0.17096235794479922,542.5840597758406,0.10873891139443877,356.84,0.14852595000560476,798.3748443337485,0.07891030190533384,797.241594022416,0.15804494013449236,0.4791666666666667,0.125,303.84,288,542.5840597758406,910,356.84,798.3748443337485,797.241594022416,138,36,288,288,0.24152745963461644,0.2449354114469788,0.38002253098009764,0.40392312867128716,0.7987812955358325,0.6405218168612772,0.37901524742714127,0.2767891844531123,0.4061433447098976,0.8257372654155496,0.8548629365377394,0.07960946301164101,0.2301817032026182,0.5835746591611622,0.5419639504318438,0.12732307217240074,0.6806470117654635,0.14148835130454215,0.08404596441834357,0.22810925115503222,0.35238907849829354,0.7512064343163539,0.22005257228689448,0.35016898235073224,0.5655136617832318,0.4125217927981165,0.400021804174288,0.5422970364883264,0.6292608719804802,0.4351423489147889,0.523775153269908,0.46241091424709707,0.3113508752614775,0.5153506875378362,0.586265792884571,0.4794253388732087,https://a.espncdn.com/i/headshots/wnba/players/full/5345325.png
2026,5345444,Laura Juskaite,F,131935,Tempo,40,2026-05-08,2026-08-29,32,998,410,145,312,39,123,81,102,44,127,171,68,46,10,82,133,8036,1194,2712,1119,674,834,337,934,1271,558,400,984,1384,24.95,10.25,4.275,1.7,1.15,0.25,2.05,1.1,3.175,0.46474358974358976,0.3170731707317073,0.7941176470588235,0.5272435897435898,0.5744227751625196,14.789579158316633,6.168336673346693,2.4529058116232463,1.6593186372745492,0.36072144288577157,2.9579158316633265,1.5871743486973948,4.5811623246492985,438.88,0.19433304160562556,596.4211050273767,0.1140134033266289,438.88,0.1868392271235873,820.2824788451966,0.053640058314964524,828.3549029367844,0.15331592720673734,0.3942307692307692,0.3269230769230769,356.88,312,596.4211050273767,998,438.88,820.2824788451966,828.3549029367844,123,102,312,312,0.4482618696293725,0.605994591725846,0.5668748653887573,0.5227904774551055,0.7529108564591099,0.8848211960767296,0.32583754648678515,0.29660546305380314,0.3649425287356322,0.6519119351100812,0.5587622944935028,0.5920022973652093,0.20109525277908555,0.5576019105865703,0.517768684040491,0.12420123916161148,0.8692183950177319,0.141372276712091,0.07306816022078576,0.18544112394679418,0.3297966401414677,0.747856315179606,0.32479000646133965,0.3097853399382583,0.48257248911195416,0.4131951780434178,0.48278876487058314,0.6239137397863301,0.5937270061966523,0.5531904399638512,0.6316023323871088,0.5313139682280483,0.4814167576845061,0.5735587212868926,0.48200833639507923,0.518404682570853,https://a.espncdn.com/i/headshots/wnba/players/full/5345444.png
2026,5345473,Costanza Verona,G,3,Wings,1,2026-06-09,2026-06-09,0,6,4,2,2,0,0,0,0,0,0,0,2,0,0,0,0,8051,1325,2836,952,584,738,340,1031,1371,438,336,1006,1342,6,4,0,2,0,0,0,0,0,1,NA,NA,1,1,24,0,12,0,0,0,0,0,2,0.1491456221471338,2.937274872686623,0.680903247631935,2,0,5.015526021612222,0,5.093777170537821,0,0,0,2,2,2.937274872686623,6,2,5.015526021612222,5.093777170537821,0,0,2,2,0.06767822473331733,1,1,1,0.004807921169134098,0.0010825461922732923,0.00892215764476283,5.370719377458598e-4,NA,NA,1.347587817806127e-4,0.0017967837570748361,0.2183536305952321,0.5562930665627853,0.5086021022369958,0.20407717661994423,0.9321540309446514,0.14602102920965948,0.02842820220032798,0.10533290196586335,0.3444843509492047,0.8241411913016073,0.43774144281735694,0.28505974305992277,0.5460825766956455,0.4364687932383934,0.5026784259565209,0.5408217699467427,0.5556928965566764,0.5279163627113468,0.6233298955152561,0.5119662601648649,0.4994043012061814,0.453301692778582,0.6053406351782851,0.544010543161639,https://a.espncdn.com/i/headshots/wnba/players/full/5345473.png
2026,5345478,Eliska Joklova,G,8,Lynx,20,2026-05-12,2026-08-30,0,112,36,10,23,0,6,16,21,7,15,22,23,3,3,11,16,8008,1359,2820,946,564,697,370,1003,1373,497,376,938,1314,5.6,1.8,1.1,1.15,0.15,0.15,0.55,0.35,0.75,0.43478260869565216,0,0.7619047619047619,0.43478260869565216,0.5583126550868486,11.571428571428571,7.071428571428571,7.392857142857143,0.9642857142857143,0.9642857142857143,3.5357142857142856,2.25,4.821428571428571,43.24,0.17063648004238785,85.03496503496504,0.27047697368421053,43.24,0.2543940795559667,91.46853146853148,0.07652905198776758,96.43356643356644,0.1555474981870921,0.2608695652173913,0.9130434782608695,32.24,23,85.03496503496504,112,43.24,91.46853146853148,96.43356643356644,6,21,23,23,0.15929244562727687,0.476098257221133,0.07272482256760399,0.7349308623000904,0.008870059186620333,0.9785113217425448,0.9698588186401104,0.9191412009793569,0.003694202154951257,0.13110620863536085,0.0912316952654748,0.9999101608121462,0.2183536305952321,0.5562930665627853,0.5086021022369958,0.20407717661994423,0.9321540309446514,0.14602102920965948,0.02842820220032798,0.10533290196586335,0.3444843509492047,0.8241411913016073,0.43774144281735694,0.28505974305992277,0.5460825766956455,0.4364687932383934,0.5026784259565209,0.5408217699467427,0.5556928965566764,0.5279163627113468,0.6233298955152561,0.5119662601648649,0.4994043012061814,0.453301692778582,0.6053406351782851,0.544010543161639,https://a.espncdn.com/i/headshots/wnba/players/full/5345478.png
2026,5345524,Noemie Brochant,F,11,Mercury,39,2026-05-09,2026-08-29,29,895,241,95,206,40,102,11,16,15,60,75,68,42,8,36,60,8033,1166,2623,963,720,915,276,986,1262,518,312,1051,1363,22.94871794871795,6.17948717948718,1.9230769230769231,1.7435897435897436,1.0769230769230769,0.20512820512820512,0.9230769230769231,0.38461538461538464,1.5384615384615385,0.46116504854368934,0.39215686274509803,0.6875,0.558252427184466,0.5656214795343598,9.693854748603352,3.016759776536313,2.7351955307262568,1.6893854748603352,0.3217877094972067,1.4480446927374302,0.6033519553072626,2.4134078212290504,249.04,0.12615635773612796,554.5518486244243,0.12262153695578727,249.04,0.144555091551558,739.2412548238517,0.020291075345320438,723.086020166812,0.08297767945528574,0.49514563106796117,0.07766990291262135,213.04,206,554.5518486244243,895,249.04,739.2412548238517,723.086020166812,102,16,206,206,0.07319894106414374,0.5032171649523617,0.7629406274678728,0.6194365224028341,0.6893782502646233,0.5897317941150942,0.07300730696676004,0.06899551118019653,0.846816976127321,0.21761297798377752,0.7185009692009476,0.03668605068561993,0.20109525277908555,0.5576019105865703,0.517768684040491,0.12420123916161148,0.8692183950177319,0.141372276712091,0.07306816022078576,0.18544112394679418,0.3297966401414677,0.747856315179606,0.32479000646133965,0.3097853399382583,0.48257248911195416,0.4131951780434178,0.48278876487058314,0.6239137397863301,0.5937270061966523,0.5531904399638512,0.6316023323871088,0.5313139682280483,0.4814167576845061,0.5735587212868926,0.48200833639507923,0.518404682570853,https://a.espncdn.com/i/headshots/wnba/players/full/5345524.png
2026,5346554,Teja Oblak,G,132052,Fire,29,2026-05-23,2026-08-30,1,390,161,63,151,22,60,13,18,15,31,46,92,19,1,72,44,8113,1232,2727,1188,585,724,317,893,1210,563,387,978,1365,13.448275862068966,5.551724137931035,1.5862068965517242,3.1724137931034484,0.6551724137931034,0.034482758620689655,2.4827586206896552,0.5172413793103449,1.0689655172413792,0.41721854304635764,0.36666666666666664,0.7222222222222222,0.4900662251655629,0.50654417316889,14.861538461538462,4.246153846153846,8.492307692307692,1.7538461538461538,0.09230769230769231,6.6461538461538465,1.3846153846153846,2.8615384615384616,230.92,0.26624072220298967,233.11734253666958,0.394651032818497,230.92,0.31179629308851553,311.2597066436584,0.048191268191268184,307.65438185628005,0.10076241987179486,0.3973509933774834,0.11920529801324503,158.92,151,233.11734253666958,390,230.92,311.2597066436584,307.65438185628005,60,18,151,151,0.7889634824720227,0.19413560339487448,0.3724732728416135,0.9645810899466938,0.28103330635819807,0.9980394188608451,0.8887689558747702,0.45100244496125397,0.6262698819907645,0.07327450362433029,0.43679813134489265,0.09509478034318569,0.2183536305952321,0.5562930665627853,0.5086021022369958,0.20407717661994423,0.9321540309446514,0.14602102920965948,0.02842820220032798,0.10533290196586335,0.3444843509492047,0.8241411913016073,0.43774144281735694,0.28505974305992277,0.5460825766956455,0.4364687932383934,0.5026784259565209,0.5408217699467427,0.5556928965566764,0.5279163627113468,0.6233298955152561,0.5119662601648649,0.4994043012061814,0.453301692778582,0.6053406351782851,0.544010543161639,https://a.espncdn.com/i/headshots/wnba/players/full/5346554.png
2026,5355509,Tima Pouye,G,131935,Tempo,19,2026-05-30,2026-07-30,1,180,60,19,55,8,26,14,18,6,10,16,22,4,0,14,32,8036,1194,2712,1119,674,834,337,934,1271,558,400,984,1384,9.473684210526315,3.1578947368421053,0.8421052631578947,1.1578947368421053,0.21052631578947367,0,0.7368421052631579,0.3157894736842105,0.5263157894736842,0.34545454545454546,0.3076923076923077,0.7777777777777778,0.41818181818181815,0.47679593134138587,12,3.2,4.4,0.8,0,2.8,1.2,2,76.92,0.18884181660874283,114.72324539571926,0.1917658441766929,76.92,0.18200728029121163,147.94673967147835,0.04055513499873833,149.40268790443005,0.06693320006663335,0.4727272727272727,0.32727272727272727,62.92,55,114.72324539571926,180,76.92,147.94673967147835,149.40268790443005,26,18,55,55,0.37034668746318794,0.07924886166972137,0.056643607941784205,0.527171435761997,0.039812126116691264,0.7824900198512249,0.8069046325953582,0.11748449071710808,0.23273473576192918,0.18767727702489756,0.6609918246339053,0.6693917886982301,0.2183536305952321,0.5562930665627853,0.5086021022369958,0.20407717661994423,0.9321540309446514,0.14602102920965948,0.02842820220032798,0.10533290196586335,0.3444843509492047,0.8241411913016073,0.43774144281735694,0.28505974305992277,0.5460825766956455,0.4364687932383934,0.5026784259565209,0.5408217699467427,0.5556928965566764,0.5279163627113468,0.6233298955152561,0.5119662601648649,0.4994043012061814,0.453301692778582,0.6053406351782851,0.544010543161639,https://a.espncdn.com/i/headshots/wnba/players/full/5355509.png
2026,5364343,Ornella Bankole,G,131935,Tempo,10,2026-07-05,2026-08-29,0,135,35,13,27,5,11,4,5,9,11,20,9,2,0,2,30,8036,1194,2712,1119,674,834,337,934,1271,558,400,984,1384,13.5,3.5,2,0.9,0.2,0,0.2,0.9,1.1,0.48148148148148145,0.45454545454545453,0.8,0.5740740740740741,0.5993150684931507,9.333333333333334,5.333333333333333,2.4,0.5333333333333333,0,0.5333333333333333,2.4,2.933333333333333,31.2,0.1021297396115926,87.29243404678945,0.10310171893220353,31.2,0.06410256410256411,110.96005475360876,0.08111026999747666,112.05201592832255,0.09816869343106224,0.4074074074074074,0.18518518518518517,29.2,27,87.29243404678945,135,31.2,110.96005475360876,112.05201592832255,11,5,27,27,0.007666444885582774,0.7076183512251818,0.8919683766058755,0.17093507561476054,0.036955935323146255,0.005801302327610653,0.9719758621788319,0.42924418594545466,0.9667521806054387,0.30743775606681373,0.47381187674063424,0.2124247596801725,0.2183536305952321,0.5562930665627853,0.5086021022369958,0.20407717661994423,0.9321540309446514,0.14602102920965948,0.02842820220032798,0.10533290196586335,0.3444843509492047,0.8241411913016073,0.43774144281735694,0.28505974305992277,0.5460825766956455,0.4364687932383934,0.5026784259565209,0.5408217699467427,0.5556928965566764,0.5279163627113468,0.6233298955152561,0.5119662601648649,0.4994043012061814,0.453301692778582,0.6053406351782851,0.544010543161639,https://a.espncdn.com/i/headshots/wnba/players/full/5364343.png
