season,athlete_id,player,team,position,pos_group,headshot_url,games_played,games_started,minutes_total,mpg,pts_total,ppg,pts_per_40,reb_total,rpg,reb_per_40,oreb_total,oreb_pg,oreb_per_40,dreb_total,dreb_pg,dreb_per_40,ast_total,apg,ast_per_40,stl_total,spg,stl_per_40,blk_total,bpg,blk_per_40,tov_total,tovpg,tov_per_40,fg_pct,fg3_pct,threepar,ft_pct,fta_rate,efg_pct,ts_pct,usage,ast_pct,tov_pct,oreb_pct,dreb_pct,usage_pctile_pos,ts_pctile_pos,efg_pctile_pos,ast_pctile_pos,stl_pctile_pos,tov_pctile_pos,oreb_pctile_pos,dreb_pctile_pos,fg3_pctile_pos,ft_pctile_pos,threepar_pctile_pos,fta_rate_pctile_pos,usage_pos_avg,ts_pos_avg,efg_pos_avg,ast_pos_avg,stl_pos_avg,tov_pos_avg,oreb_pos_avg,dreb_pos_avg,fg3_pos_avg,ft_pos_avg,threepar_pos_avg,fta_rate_pos_avg,usage_pos_avg_pctile,ts_pos_avg_pctile,efg_pos_avg_pctile,ast_pos_avg_pctile,stl_pos_avg_pctile,tov_pos_avg_pctile,oreb_pos_avg_pctile,dreb_pos_avg_pctile,fg3_pos_avg_pctile,ft_pos_avg_pctile,threepar_pos_avg_pctile,fta_rate_pos_avg_pctile
2026,4433411,Angela Dugalic,UCLA,F,Forward,https://a.espncdn.com/i/headshots/womens-college-basketball/players/full/4433411.png,38,3,904,23.79,341,8.97,15.09,214,5.63,9.47,62,1.63,2.74,152,4,6.73,82,2.16,3.63,42,1.11,1.86,24,0.63,1.06,70,1.84,3.1,0.5,0.33,0.33,0.74,0.2,0.56,0.58,0.2,0.14,0.19,0.1,0.2,0.24,0.79,0.78,0.93,0.77,0.72,0.39,0.58,0.33,0.66,0.89,0.07,0.22,0.55,0.52,0.09,0.75,0.17,0.11,0.19,0.33,0.68,0.17,0.34,0.43,0.38,0.42,0.47,0.63,0.52,0.5,0.54,0.37,0.48,0.57,0.58
2026,4433438,Madison Layden-Zay,Purdue,G,Guard,https://a.espncdn.com/i/headshots/womens-college-basketball/players/full/4433438.png,25,25,867,34.68,256,10.24,11.81,92,3.68,4.24,5,0.2,0.23,87,3.48,4.01,83,3.32,3.83,43,1.72,1.98,13,0.52,0.6,56,2.24,2.58,0.36,0.35,0.69,0.85,0.17,0.48,0.52,0.17,0.18,0.19,0.01,0.14,0.28,0.4,0.42,0.68,0.84,0.72,0.06,0.63,0.56,0.78,0.94,0.35,0.21,0.53,0.5,0.17,1.18,0.17,0.04,0.13,0.34,0.78,0.41,0.24,0.56,0.48,0.49,0.6,0.53,0.6,0.65,0.58,0.44,0.49,0.5,0.53
2026,4433448,Faith Blackstone,Rutgers,G,Guard,https://a.espncdn.com/i/headshots/womens-college-basketball/players/full/4433448.png,19,10,455,23.95,186,9.79,16.35,76,4,6.68,23,1.21,2.02,53,2.79,4.66,19,1,1.67,22,1.16,1.93,12,0.63,1.05,42,2.21,3.69,0.37,0.25,0.37,0.73,0.41,0.42,0.48,0.26,0.11,0.18,0.06,0.14,0.81,0.19,0.1,0.21,0.51,0.68,0.8,0.68,0.06,0.28,0.47,0.91,0.21,0.53,0.5,0.17,1.18,0.17,0.04,0.13,0.34,0.78,0.41,0.24,0.56,0.48,0.49,0.6,0.53,0.6,0.65,0.58,0.44,0.49,0.5,0.53
2026,4433464,Kaylah Ivey,Rutgers,G,Guard,https://a.espncdn.com/i/headshots/womens-college-basketball/players/full/4433464.png,29,29,1018,35.1,236,8.14,9.27,79,2.72,3.1,5,0.17,0.2,74,2.55,2.91,103,3.55,4.05,36,1.24,1.41,2,0.07,0.08,71,2.45,2.79,0.28,0.27,0.65,0.67,0.08,0.37,0.38,0.19,0.24,0.19,0.01,0.09,0.41,0.04,0.05,0.84,0.61,0.73,0.03,0.24,0.11,0.1,0.9,0.06,0.21,0.53,0.5,0.17,1.18,0.17,0.04,0.13,0.34,0.78,0.41,0.24,0.56,0.48,0.49,0.6,0.53,0.6,0.65,0.58,0.44,0.49,0.5,0.53
2026,4433542,Saylor Poffenbarger,Maryland,G,Guard,https://a.espncdn.com/i/headshots/womens-college-basketball/players/full/4433542.png,31,31,927,29.9,295,9.52,12.73,223,7.19,9.62,39,1.26,1.68,184,5.94,7.94,100,3.23,4.31,60,1.94,2.59,20,0.65,0.86,66,2.13,2.85,0.39,0.31,0.54,0.74,0.18,0.47,0.5,0.18,0.17,0.18,0.05,0.25,0.33,0.28,0.32,0.64,0.91,0.69,0.69,0.97,0.28,0.3,0.76,0.37,0.21,0.53,0.5,0.17,1.18,0.17,0.04,0.13,0.34,0.78,0.41,0.24,0.56,0.48,0.49,0.6,0.53,0.6,0.65,0.58,0.44,0.49,0.5,0.53
2026,4433737,Mir McLean,Maryland,G,Guard,https://a.espncdn.com/i/headshots/womens-college-basketball/players/full/4433737.png,32,8,463,14.47,157,4.91,13.56,131,4.09,11.32,64,2,5.53,67,2.09,5.79,24,0.75,2.07,31,0.97,2.68,6,0.19,0.52,27,0.84,2.33,0.64,NA,0,0.7,0.61,0.64,0.67,0.14,0.09,0.19,0.17,0.18,0.1,1,0.98,0.11,0.38,0.72,1,0.91,NA,0.16,0,1,0.21,0.53,0.5,0.17,1.18,0.17,0.04,0.13,0.34,0.78,0.41,0.24,0.56,0.48,0.49,0.6,0.53,0.6,0.65,0.58,0.44,0.49,0.5,0.53
2026,4433985,Kylie Feuerbach,Iowa,G,Guard,https://a.espncdn.com/i/headshots/womens-college-basketball/players/full/4433985.png,31,30,892,28.77,159,5.13,7.13,65,2.1,2.91,9,0.29,0.4,56,1.81,2.51,86,2.77,3.86,36,1.16,1.61,14,0.45,0.63,52,1.68,2.33,0.31,0.27,0.69,0.86,0.27,0.4,0.46,0.12,0.14,0.23,0.01,0.08,0.04,0.14,0.08,0.45,0.52,0.9,0.14,0.11,0.14,0.79,0.93,0.66,0.21,0.53,0.5,0.17,1.18,0.17,0.04,0.13,0.34,0.78,0.41,0.24,0.56,0.48,0.49,0.6,0.53,0.6,0.65,0.58,0.44,0.49,0.5,0.53
2026,4565505,Kiki Rice,UCLA,G,Guard,https://a.espncdn.com/i/headshots/womens-college-basketball/players/full/4565505.png,38,37,1170,30.79,567,14.92,19.38,223,5.87,7.62,56,1.47,1.91,167,4.39,5.71,163,4.29,5.57,57,1.5,1.95,15,0.39,0.51,64,1.68,2.19,0.49,0.38,0.23,0.9,0.42,0.53,0.61,0.22,0.22,0.12,0.07,0.17,0.63,0.9,0.74,0.81,0.72,0.12,0.86,0.87,0.74,0.94,0.24,0.93,0.21,0.53,0.5,0.17,1.18,0.17,0.04,0.13,0.34,0.78,0.41,0.24,0.56,0.48,0.49,0.6,0.53,0.6,0.65,0.58,0.44,0.49,0.5,0.53
2026,4565506,Londynn Jones,USC,G,Guard,https://a.espncdn.com/i/headshots/womens-college-basketball/players/full/4565506.png,32,16,769,24.03,336,10.5,17.48,51,1.59,2.65,9,0.28,0.47,42,1.31,2.18,52,1.62,2.7,22,0.69,1.14,6,0.19,0.31,60,1.88,3.12,0.38,0.33,0.54,0.84,0.27,0.47,0.52,0.24,0.14,0.16,0.01,0.07,0.74,0.44,0.36,0.37,0.22,0.5,0.15,0.07,0.36,0.77,0.78,0.64,0.21,0.53,0.5,0.17,1.18,0.17,0.04,0.13,0.34,0.78,0.41,0.24,0.56,0.48,0.49,0.6,0.53,0.6,0.65,0.58,0.44,0.49,0.5,0.53
2026,4565529,Caroline Lau,Northwestern,G,Guard,https://a.espncdn.com/i/headshots/womens-college-basketball/players/full/4565529.png,29,29,988,34.07,256,8.83,10.36,159,5.48,6.44,32,1.1,1.3,127,4.38,5.14,245,8.45,9.92,28,0.97,1.13,5,0.17,0.2,125,4.31,5.06,0.35,0.33,0.48,0.67,0.19,0.43,0.45,0.21,0.48,0.31,0.04,0.16,0.55,0.1,0.13,1,0.38,0.99,0.61,0.81,0.35,0.11,0.61,0.4,0.21,0.53,0.5,0.17,1.18,0.17,0.04,0.13,0.34,0.78,0.41,0.24,0.56,0.48,0.49,0.6,0.53,0.6,0.65,0.58,0.44,0.49,0.5,0.53
2026,4583143,Imani Lester,Rutgers,G,Guard,https://a.espncdn.com/i/headshots/womens-college-basketball/players/full/4583143.png,26,23,608,23.38,280,10.77,18.42,138,5.31,9.08,57,2.19,3.75,81,3.12,5.33,34,1.31,2.24,28,1.08,1.84,29,1.12,1.91,47,1.81,3.09,0.41,0.29,0.15,0.76,0.33,0.43,0.49,0.28,0.16,0.14,0.12,0.17,0.87,0.26,0.16,0.57,0.45,0.32,0.95,0.84,0.17,0.4,0.11,0.84,0.21,0.53,0.5,0.17,1.18,0.17,0.04,0.13,0.34,0.78,0.41,0.24,0.56,0.48,0.49,0.6,0.53,0.6,0.65,0.58,0.44,0.49,0.5,0.53
2026,4595843,Finau Tonga,Minnesota,F,Forward,https://a.espncdn.com/i/headshots/womens-college-basketball/players/full/4595843.png,33,0,407,12.33,149,4.52,14.64,105,3.18,10.32,52,1.58,5.11,53,1.61,5.21,24,0.73,2.36,7,0.21,0.69,6,0.18,0.59,33,1,3.24,0.63,NA,0,0.66,0.28,0.63,0.64,0.18,0.11,0.22,0.16,0.17,0.21,1,1,0.64,0.07,0.82,0.9,0.39,NA,0.36,0.01,0.38,0.22,0.55,0.52,0.09,0.75,0.17,0.11,0.19,0.33,0.68,0.17,0.34,0.43,0.38,0.42,0.47,0.63,0.52,0.5,0.54,0.37,0.48,0.57,0.58
2026,4611769,Hailey Weaver,Nebraska,G,Guard,https://a.espncdn.com/i/headshots/womens-college-basketball/players/full/4611769.png,31,13,378,12.19,75,2.42,7.94,56,1.81,5.93,16,0.52,1.69,40,1.29,4.23,29,0.94,3.07,27,0.87,2.86,10,0.32,1.06,24,0.77,2.54,0.33,0.41,0.38,0.59,0.29,0.41,0.44,0.14,0.12,0.22,0.06,0.14,0.1,0.06,0.08,0.23,0.32,0.87,0.73,0.64,0.85,0.02,0.48,0.71,0.21,0.53,0.5,0.17,1.18,0.17,0.04,0.13,0.34,0.78,0.41,0.24,0.56,0.48,0.49,0.6,0.53,0.6,0.65,0.58,0.44,0.49,0.5,0.53
2026,4618080,Kaylene Smikle,Maryland,G,Guard,https://a.espncdn.com/i/headshots/womens-college-basketball/players/full/4618080.png,7,5,123,17.57,92,13.14,29.92,27,3.86,8.78,8,1.14,2.6,19,2.71,6.18,11,1.57,3.58,5,0.71,1.63,1,0.14,0.33,13,1.86,4.23,0.44,0.35,0.32,0.91,0.51,0.5,0.6,0.33,0.18,0.14,0.08,0.19,0.98,0.86,0.52,0.67,0.26,0.34,0.89,0.92,0.52,0.95,0.33,0.97,0.21,0.53,0.5,0.17,1.18,0.17,0.04,0.13,0.34,0.78,0.41,0.24,0.56,0.48,0.49,0.6,0.53,0.6,0.65,0.58,0.44,0.49,0.5,0.53
2026,4682755,Antonia Bates,Rutgers,G,Guard,https://a.espncdn.com/i/headshots/womens-college-basketball/players/full/4682755.png,29,14,768,26.48,57,1.97,2.97,144,4.97,7.5,42,1.45,2.19,102,3.52,5.31,56,1.93,2.92,30,1.03,1.56,18,0.62,0.94,48,1.66,2.5,0.29,0.24,0.24,0.61,0.25,0.32,0.36,0.08,0.15,0.38,0.07,0.16,0,0.01,0.01,0.47,0.41,1,0.85,0.83,0.05,0.04,0.24,0.57,0.21,0.53,0.5,0.17,1.18,0.17,0.04,0.13,0.34,0.78,0.41,0.24,0.56,0.48,0.49,0.6,0.53,0.6,0.65,0.58,0.44,0.49,0.5,0.53
2026,4682766,Amaya Battle,Minnesota,G,Guard,https://a.espncdn.com/i/headshots/womens-college-basketball/players/full/4682766.png,33,33,1030,31.21,367,11.12,14.25,248,7.52,9.63,54,1.64,2.1,194,5.88,7.53,119,3.61,4.62,39,1.18,1.51,9,0.27,0.35,72,2.18,2.8,0.38,0.32,0.11,0.83,0.24,0.4,0.45,0.23,0.2,0.15,0.07,0.25,0.71,0.09,0.07,0.77,0.54,0.42,0.84,0.96,0.32,0.73,0.05,0.56,0.21,0.53,0.5,0.17,1.18,0.17,0.04,0.13,0.34,0.78,0.41,0.24,0.56,0.48,0.49,0.6,0.53,0.6,0.65,0.58,0.44,0.49,0.5,0.53
2026,4682968,Hannah Stuelke,Iowa,F,Forward,https://a.espncdn.com/i/headshots/womens-college-basketball/players/full/4682968.png,32,32,975,30.47,429,13.41,17.6,289,9.03,11.86,91,2.84,3.73,198,6.19,8.12,94,2.94,3.86,40,1.25,1.64,13,0.41,0.53,63,1.97,2.58,0.54,0.22,0.03,0.55,0.5,0.54,0.56,0.23,0.18,0.14,0.13,0.24,0.49,0.45,0.68,1,0.87,0.29,0.74,0.85,0.12,0.18,0.45,0.87,0.22,0.55,0.52,0.09,0.75,0.17,0.11,0.19,0.33,0.68,0.17,0.34,0.43,0.38,0.42,0.47,0.63,0.52,0.5,0.54,0.37,0.48,0.57,0.58
2026,4688629,Shay Ciezki,Indiana,G,Guard,https://a.espncdn.com/i/headshots/womens-college-basketball/players/full/4688629.png,31,31,1102,35.55,708,22.84,25.7,119,3.84,4.32,8,0.26,0.29,111,3.58,4.03,95,3.06,3.45,48,1.55,1.74,5,0.16,0.18,106,3.42,3.85,0.53,0.45,0.36,0.91,0.24,0.61,0.65,0.31,0.22,0.16,0.01,0.12,0.95,0.96,0.93,0.78,0.74,0.55,0.1,0.48,0.98,0.97,0.42,0.54,0.21,0.53,0.5,0.17,1.18,0.17,0.04,0.13,0.34,0.78,0.41,0.24,0.56,0.48,0.49,0.6,0.53,0.6,0.65,0.58,0.44,0.49,0.5,0.53
2026,4698726,Alyssa Crockett,Michigan,F,Forward,https://a.espncdn.com/i/headshots/womens-college-basketball/players/full/4698726.png,29,2,211,7.28,66,2.28,12.51,40,1.38,7.58,15,0.52,2.84,25,0.86,4.74,14,0.48,2.65,11,0.38,2.09,4,0.14,0.76,15,0.52,2.84,0.39,0.31,0.69,0.62,0.13,0.5,0.51,0.17,0.1,0.19,0.09,0.15,0.16,0.19,0.27,0.57,0.25,0.69,0.32,0.24,0.27,0.33,0.96,0.02,0.22,0.55,0.52,0.09,0.75,0.17,0.11,0.19,0.33,0.68,0.17,0.34,0.43,0.38,0.42,0.47,0.63,0.52,0.5,0.54,0.37,0.48,0.57,0.58
2026,4698730,Kara Dunn,USC,G,Guard,https://a.espncdn.com/i/headshots/womens-college-basketball/players/full/4698730.png,32,32,1025,32.03,485,15.16,18.93,161,5.03,6.28,51,1.59,1.99,110,3.44,4.29,63,1.97,2.46,40,1.25,1.56,12,0.38,0.47,62,1.94,2.42,0.47,0.38,0.5,0.74,0.22,0.57,0.59,0.22,0.13,0.13,0.06,0.13,0.64,0.83,0.85,0.34,0.62,0.22,0.77,0.61,0.72,0.31,0.68,0.5,0.21,0.53,0.5,0.17,1.18,0.17,0.04,0.13,0.34,0.78,0.41,0.24,0.56,0.48,0.49,0.6,0.53,0.6,0.65,0.58,0.44,0.49,0.5,0.53
2026,4698734,Amiya Evans,Penn State,F,Forward,https://a.espncdn.com/i/headshots/womens-college-basketball/players/full/4698734.png,23,9,317,13.78,44,1.91,5.55,90,3.91,11.36,29,1.26,3.66,61,2.65,7.7,11,0.48,1.39,8,0.35,1.01,10,0.43,1.26,31,1.35,3.91,0.34,0,0.02,0.75,0.34,0.34,0.41,0.12,0.05,0.36,0.12,0.23,0.05,0.02,0.02,0.14,0.2,0.99,0.54,0.77,0,0.71,0.41,0.58,0.22,0.55,0.52,0.09,0.75,0.17,0.11,0.19,0.33,0.68,0.17,0.34,0.43,0.38,0.42,0.47,0.63,0.52,0.5,0.54,0.37,0.48,0.57,0.58
2026,4703609,Charlisse Leger-Walker,UCLA,G,Guard,https://a.espncdn.com/i/headshots/womens-college-basketball/players/full/4703609.png,38,38,1065,28.03,318,8.37,11.94,151,3.97,5.67,30,0.79,1.13,121,3.18,4.54,213,5.61,8,60,1.58,2.25,13,0.34,0.49,84,2.21,3.15,0.46,0.36,0.52,0.64,0.15,0.55,0.56,0.17,0.29,0.23,0.04,0.13,0.26,0.68,0.77,0.95,0.77,0.9,0.57,0.63,0.61,0.08,0.71,0.24,0.21,0.53,0.5,0.17,1.18,0.17,0.04,0.13,0.34,0.78,0.41,0.24,0.56,0.48,0.49,0.6,0.53,0.6,0.65,0.58,0.44,0.49,0.5,0.53
2026,4704252,Tate Lash,Northwestern,G,Guard,https://a.espncdn.com/i/headshots/womens-college-basketball/players/full/4704252.png,27,14,497,18.41,119,4.41,9.58,58,2.15,4.67,23,0.85,1.85,35,1.3,2.82,57,2.11,4.59,17,0.63,1.37,6,0.22,0.48,44,1.63,3.54,0.34,0.16,0.35,0.74,0.3,0.36,0.42,0.19,0.22,0.24,0.06,0.09,0.4,0.05,0.03,0.82,0.2,0.92,0.78,0.2,0.02,0.29,0.37,0.77,0.21,0.53,0.5,0.17,1.18,0.17,0.04,0.13,0.34,0.78,0.41,0.24,0.56,0.48,0.49,0.6,0.53,0.6,0.65,0.58,0.44,0.49,0.5,0.53
2026,4705316,Destiny Howell,Wisconsin,G,Guard,https://a.espncdn.com/i/headshots/womens-college-basketball/players/full/4705316.png,33,32,979,29.67,463,14.03,18.92,95,2.88,3.88,29,0.88,1.18,66,2,2.7,44,1.33,1.8,23,0.7,0.94,10,0.3,0.41,83,2.52,3.39,0.43,0.39,0.46,0.8,0.15,0.52,0.54,0.26,0.1,0.16,0.04,0.09,0.82,0.54,0.63,0.14,0.25,0.56,0.5,0.21,0.77,0.51,0.59,0.26,0.21,0.53,0.5,0.17,1.18,0.17,0.04,0.13,0.34,0.78,0.41,0.24,0.56,0.48,0.49,0.6,0.53,0.6,0.65,0.58,0.44,0.49,0.5,0.53
2026,4711798,Ally VanTimmeren,Michigan,F,Forward,https://a.espncdn.com/i/headshots/womens-college-basketball/players/full/4711798.png,21,0,91,4.33,36,1.71,15.82,23,1.1,10.11,8,0.38,3.52,15,0.71,6.59,5,0.24,2.2,3,0.14,1.32,2,0.1,0.88,3,0.14,1.32,0.55,0,0.03,0.5,0.28,0.55,0.55,0.18,0.09,0.08,0.11,0.21,0.19,0.39,0.75,0.46,0.03,0.03,0.45,0.68,0,0.05,0.46,0.36,0.22,0.55,0.52,0.09,0.75,0.17,0.11,0.19,0.33,0.68,0.17,0.34,0.43,0.38,0.42,0.47,0.63,0.52,0.5,0.54,0.37,0.48,0.57,0.58
2026,4858656,Gabriela Jaquez,UCLA,G,Guard,https://a.espncdn.com/i/headshots/womens-college-basketball/players/full/4858656.png,38,38,1156,30.42,512,13.47,17.72,208,5.47,7.2,67,1.76,2.32,141,3.71,4.88,78,2.05,2.7,43,1.13,1.49,4,0.11,0.14,70,1.84,2.42,0.54,0.39,0.36,0.86,0.31,0.61,0.65,0.19,0.1,0.15,0.08,0.14,0.47,0.98,0.95,0.19,0.49,0.44,0.91,0.67,0.79,0.83,0.39,0.82,0.21,0.53,0.5,0.17,1.18,0.17,0.04,0.13,0.34,0.78,0.41,0.24,0.56,0.48,0.49,0.6,0.53,0.6,0.65,0.58,0.44,0.49,0.5,0.53
2026,4858658,Jada Gyamfi,Iowa,F,Forward,https://a.espncdn.com/i/headshots/womens-college-basketball/players/full/4858658.png,4,0,17,4.25,3,0.75,7.06,4,1,9.41,0,0,0,4,1,9.41,2,0.5,4.71,2,0.5,4.71,1,0.25,2.35,0,0,0,0.25,0.5,0.5,NA,0,0.38,0.38,0.12,0.18,0,0,0.28,0.03,0.01,0.03,1,0.39,0,0,0.97,0.99,NA,0.9,0,0.22,0.55,0.52,0.09,0.75,0.17,0.11,0.19,0.33,0.68,0.17,0.34,0.43,0.38,0.42,0.47,0.63,0.52,0.5,0.54,0.37,0.48,0.57,0.58
2026,4858662,Abbey Kimball,Michigan St,G,Guard,https://a.espncdn.com/i/headshots/womens-college-basketball/players/full/4858662.png,16,0,133,8.31,50,3.12,15.04,17,1.06,5.11,4,0.25,1.2,13,0.81,3.91,13,0.81,3.91,6,0.38,1.8,3,0.19,0.9,0,0,0,0.4,0.41,0.76,0.38,0.19,0.56,0.55,0.16,0.16,0,0.04,0.13,0.18,0.6,0.84,0.53,0.05,0,0.48,0.6,0.84,0.01,0.95,0.4,0.21,0.53,0.5,0.17,1.18,0.17,0.04,0.13,0.34,0.78,0.41,0.24,0.56,0.48,0.49,0.6,0.53,0.6,0.65,0.58,0.44,0.49,0.5,0.53
2026,4858666,Mara Braun,Minnesota,G,Guard,https://a.espncdn.com/i/headshots/womens-college-basketball/players/full/4858666.png,33,33,1115,33.79,386,11.7,13.85,140,4.24,5.02,6,0.18,0.22,134,4.06,4.81,84,2.55,3.01,44,1.33,1.58,21,0.64,0.75,57,1.73,2.04,0.4,0.35,0.49,0.9,0.17,0.48,0.52,0.19,0.13,0.13,0.01,0.16,0.45,0.39,0.39,0.33,0.66,0.23,0.05,0.79,0.5,0.91,0.62,0.32,0.21,0.53,0.5,0.17,1.18,0.17,0.04,0.13,0.34,0.78,0.41,0.24,0.56,0.48,0.49,0.6,0.53,0.6,0.65,0.58,0.44,0.49,0.5,0.53
2026,4858671,Jalyn Brown,Michigan St,G,Guard,https://a.espncdn.com/i/headshots/womens-college-basketball/players/full/4858671.png,32,19,818,25.56,354,11.06,17.31,82,2.56,4.01,23,0.72,1.12,59,1.84,2.89,50,1.56,2.44,30,0.94,1.47,10,0.31,0.49,61,1.91,2.98,0.52,0.41,0.31,0.72,0.26,0.58,0.61,0.2,0.1,0.17,0.04,0.1,0.49,0.88,0.88,0.17,0.37,0.63,0.46,0.32,0.85,0.22,0.31,0.6,0.21,0.53,0.5,0.17,1.18,0.17,0.04,0.13,0.34,0.78,0.41,0.24,0.56,0.48,0.49,0.6,0.53,0.6,0.65,0.58,0.44,0.49,0.5,0.53
2026,4858675,Lily Krahn,Wisconsin,G,Guard,https://a.espncdn.com/i/headshots/womens-college-basketball/players/full/4858675.png,34,0,526,15.47,164,4.82,12.47,33,0.97,2.51,7,0.21,0.53,26,0.76,1.98,19,0.56,1.44,20,0.59,1.52,3,0.09,0.23,19,0.56,1.44,0.48,0.45,0.84,0.92,0.11,0.67,0.69,0.13,0.07,0.14,0.02,0.06,0.06,1,1,0.05,0.17,0.26,0.2,0.06,0.99,0.99,0.98,0.11,0.21,0.53,0.5,0.17,1.18,0.17,0.04,0.13,0.34,0.78,0.41,0.24,0.56,0.48,0.49,0.6,0.53,0.6,0.65,0.58,0.44,0.49,0.5,0.53
2026,4858677,Taylor McCabe,Iowa,G,Guard,https://a.espncdn.com/i/headshots/womens-college-basketball/players/full/4858677.png,20,20,542,27.1,161,8.05,11.88,70,3.5,5.17,6,0.3,0.44,64,3.2,4.72,45,2.25,3.32,10,0.5,0.74,6,0.3,0.44,14,0.7,1.03,0.38,0.37,0.92,0.67,0.04,0.55,0.55,0.14,0.13,0.09,0.01,0.14,0.12,0.63,0.78,0.35,0.11,0.02,0.16,0.65,0.7,0.1,0.99,0.02,0.21,0.53,0.5,0.17,1.18,0.17,0.04,0.13,0.34,0.78,0.41,0.24,0.56,0.48,0.49,0.6,0.53,0.6,0.65,0.58,0.44,0.49,0.5,0.53
2026,4894350,Teagan Brown,Washington,G,Guard,https://a.espncdn.com/i/headshots/womens-college-basketball/players/full/4894350.png,27,8,345,12.78,44,1.63,5.1,40,1.48,4.64,16,0.59,1.86,24,0.89,2.78,9,0.33,1.04,21,0.78,2.43,2,0.07,0.23,14,0.52,1.62,0.4,0.12,0.17,0.56,0.19,0.41,0.43,0.1,0.04,0.22,0.06,0.09,0.01,0.06,0.09,0.01,0.28,0.85,0.8,0.18,0.01,0.02,0.11,0.41,0.21,0.53,0.5,0.17,1.18,0.17,0.04,0.13,0.34,0.78,0.41,0.24,0.56,0.48,0.49,0.6,0.53,0.6,0.65,0.58,0.44,0.49,0.5,0.53
2026,4898385,Sophie Hart,Minnesota,C,Center,https://a.espncdn.com/i/headshots/womens-college-basketball/players/full/4898385.png,33,33,779,23.61,367,11.12,18.84,209,6.33,10.73,113,3.42,5.8,96,2.91,4.93,35,1.06,1.8,19,0.58,0.98,17,0.52,0.87,46,1.39,2.36,0.55,NA,0,0.64,0.28,0.55,0.57,0.24,0.09,0.12,0.19,0.16,0.46,0.29,0.29,0.25,0.41,0.12,0.93,0.2,NA,0.52,0.12,0.69,0.25,0.6,0.58,0.13,0.73,0.17,0.13,0.21,0.19,0.66,0.03,0.29,0.54,0.71,0.72,0.53,0.53,0.65,0.53,0.49,0.33,0.56,0.79,0.71
2026,4898424,DaiJa Turner,Northwestern,F,Forward,https://a.espncdn.com/i/headshots/womens-college-basketball/players/full/4898424.png,28,1,279,9.96,37,1.32,5.3,51,1.82,7.31,27,0.96,3.87,24,0.86,3.44,4,0.14,0.57,10,0.36,1.43,19,0.68,2.72,11,0.39,1.58,0.58,NA,0,0.38,1,0.58,0.54,0.08,0.03,0.24,0.13,0.11,0,0.32,0.93,0.05,0.21,0.88,0.7,0.04,NA,0.03,0.02,1,0.22,0.55,0.52,0.09,0.75,0.17,0.11,0.19,0.33,0.68,0.17,0.34,0.43,0.38,0.42,0.47,0.63,0.52,0.5,0.54,0.37,0.48,0.57,0.58
2026,4898426,Tracey Bershers,Minnesota,F,Forward,https://a.espncdn.com/i/headshots/womens-college-basketball/players/full/4898426.png,2,0,15,7.5,4,2,10.67,1,0.5,2.67,0,0,0,1,0.5,2.67,2,1,5.33,0,0,0,0,0,0,0,0,0,0.33,0,0.5,NA,0,0.33,0.33,0.2,0.23,0,0,0.09,0.25,0.01,0.02,1,0,0,0,0,0,NA,0.9,0,0.22,0.55,0.52,0.09,0.75,0.17,0.11,0.19,0.33,0.68,0.17,0.34,0.43,0.38,0.42,0.47,0.63,0.52,0.5,0.54,0.37,0.48,0.57,0.58
2026,4898898,Gianna Kneepkens,UCLA,G,Guard,https://a.espncdn.com/i/headshots/womens-college-basketball/players/full/4898898.png,38,37,1072,28.21,487,12.82,18.17,118,3.11,4.4,27,0.71,1.01,91,2.39,3.4,110,2.89,4.1,41,1.08,1.53,8,0.21,0.3,45,1.18,1.68,0.49,0.43,0.56,0.93,0.12,0.61,0.64,0.19,0.16,0.11,0.04,0.1,0.44,0.92,0.96,0.56,0.47,0.09,0.47,0.33,0.91,1,0.84,0.16,0.21,0.53,0.5,0.17,1.18,0.17,0.04,0.13,0.34,0.78,0.41,0.24,0.56,0.48,0.49,0.6,0.53,0.6,0.65,0.58,0.44,0.49,0.5,0.53
2026,4898995,Brylee Glenn,Minnesota,G,Guard,https://a.espncdn.com/i/headshots/womens-college-basketball/players/full/4898995.png,33,4,736,22.3,213,6.45,11.58,89,2.7,4.84,25,0.76,1.36,64,1.94,3.48,62,1.88,3.37,40,1.21,2.17,5,0.15,0.27,33,1,1.79,0.41,0.28,0.2,0.64,0.18,0.44,0.46,0.18,0.14,0.12,0.04,0.11,0.37,0.13,0.18,0.44,0.58,0.15,0.64,0.44,0.16,0.08,0.15,0.38,0.21,0.53,0.5,0.17,1.18,0.17,0.04,0.13,0.34,0.78,0.41,0.24,0.56,0.48,0.49,0.6,0.53,0.6,0.65,0.58,0.44,0.49,0.5,0.53
2026,4899051,Isaline Alexander,Michigan St,F,Forward,https://a.espncdn.com/i/headshots/womens-college-basketball/players/full/4899051.png,17,4,223,13.12,130,7.65,23.32,58,3.41,10.4,28,1.65,5.02,30,1.76,5.38,5,0.29,0.9,13,0.76,2.33,14,0.82,2.51,16,0.94,2.87,0.61,NA,0,0.49,0.51,0.61,0.6,0.26,0.04,0.13,0.16,0.18,0.83,0.86,0.97,0.08,0.63,0.24,0.87,0.47,NA,0.05,0.03,0.92,0.22,0.55,0.52,0.09,0.75,0.17,0.11,0.19,0.33,0.68,0.17,0.34,0.43,0.38,0.42,0.47,0.63,0.52,0.5,0.54,0.37,0.48,0.57,0.58
2026,4900706,Maggie Mendelson,Penn State,F,Forward,https://a.espncdn.com/i/headshots/womens-college-basketball/players/full/4900706.png,15,5,213,14.2,30,2,5.63,49,3.27,9.2,20,1.33,3.76,29,1.93,5.45,12,0.8,2.25,5,0.33,0.94,10,0.67,1.88,19,1.27,3.57,0.28,0.2,0.25,0.4,0.38,0.3,0.32,0.14,0.08,0.29,0.12,0.16,0.09,0.01,0.02,0.4,0.17,0.97,0.57,0.31,0.06,0.04,0.68,0.64,0.22,0.55,0.52,0.09,0.75,0.17,0.11,0.19,0.33,0.68,0.17,0.34,0.43,0.38,0.42,0.47,0.63,0.52,0.5,0.54,0.37,0.48,0.57,0.58
2026,5105435,Kennedy Cambridge,Ohio State,G,Guard,https://a.espncdn.com/i/headshots/womens-college-basketball/players/full/5105435.png,35,35,1016,29.03,314,8.97,12.36,165,4.71,6.5,67,1.91,2.64,98,2.8,3.86,117,3.34,4.61,130,3.71,5.12,23,0.66,0.91,51,1.46,2.01,0.42,0.3,0.36,0.62,0.37,0.47,0.5,0.17,0.18,0.14,0.08,0.12,0.23,0.31,0.35,0.73,1,0.31,0.89,0.46,0.24,0.07,0.4,0.86,0.21,0.53,0.5,0.17,1.18,0.17,0.04,0.13,0.34,0.78,0.41,0.24,0.56,0.48,0.49,0.6,0.53,0.6,0.65,0.58,0.44,0.49,0.5,0.53
2026,5105729,Chance Gray,Ohio State,G,Guard,https://a.espncdn.com/i/headshots/womens-college-basketball/players/full/5105729.png,35,35,1124,32.11,513,14.66,18.26,87,2.49,3.1,12,0.34,0.43,75,2.14,2.67,94,2.69,3.35,30,0.86,1.07,0,0,0,64,1.83,2.28,0.45,0.4,0.52,0.89,0.17,0.56,0.59,0.21,0.14,0.13,0.01,0.08,0.53,0.79,0.83,0.43,0.32,0.18,0.13,0.15,0.84,0.88,0.74,0.34,0.21,0.53,0.5,0.17,1.18,0.17,0.04,0.13,0.34,0.78,0.41,0.24,0.56,0.48,0.49,0.6,0.53,0.6,0.65,0.58,0.44,0.49,0.5,0.53
2026,5105731,Grace VanSlooten,Michigan St,F,Forward,https://a.espncdn.com/i/headshots/womens-college-basketball/players/full/5105731.png,32,32,922,28.81,482,15.06,20.91,216,6.75,9.37,92,2.88,3.99,124,3.88,5.38,72,2.25,3.12,60,1.88,2.6,33,1.03,1.43,63,1.97,2.73,0.5,0.5,0.01,0.66,0.33,0.5,0.53,0.26,0.14,0.12,0.12,0.18,0.82,0.31,0.32,0.96,1,0.23,0.69,0.46,0.99,0.44,0.33,0.57,0.22,0.55,0.52,0.09,0.75,0.17,0.11,0.19,0.33,0.68,0.17,0.34,0.43,0.38,0.42,0.47,0.63,0.52,0.5,0.54,0.37,0.48,0.57,0.58
2026,5105737,Lauren Betts,UCLA,C,Center,https://a.espncdn.com/i/headshots/womens-college-basketball/players/full/5105737.png,37,37,1026,27.73,633,17.11,24.68,324,8.76,12.63,128,3.46,4.99,196,5.3,7.64,117,3.16,4.56,38,1.03,1.48,76,2.05,2.96,82,2.22,3.2,0.58,0,0,0.69,0.25,0.58,0.6,0.29,0.21,0.13,0.18,0.22,0.83,0.69,0.69,1,0.78,0.31,0.81,0.72,0.03,0.74,0.6,0.38,0.25,0.6,0.58,0.13,0.73,0.17,0.13,0.21,0.19,0.66,0.03,0.29,0.54,0.71,0.72,0.53,0.53,0.65,0.53,0.49,0.33,0.56,0.79,0.71
2026,5105753,Hannah Stines,Washington,G,Guard,https://a.espncdn.com/i/headshots/womens-college-basketball/players/full/5105753.png,33,32,932,28.24,223,6.76,9.57,143,4.33,6.14,31,0.94,1.33,112,3.39,4.81,80,2.42,3.43,38,1.15,1.63,14,0.42,0.6,45,1.36,1.93,0.37,0.27,0.31,0.64,0.11,0.41,0.43,0.17,0.15,0.15,0.04,0.15,0.24,0.06,0.1,0.5,0.5,0.38,0.66,0.71,0.12,0.09,0.33,0.12,0.21,0.53,0.5,0.17,1.18,0.17,0.04,0.13,0.34,0.78,0.41,0.24,0.56,0.48,0.49,0.6,0.53,0.6,0.65,0.58,0.44,0.49,0.5,0.53
2026,5105755,Shayla Gillmer,Washington,F,Forward,https://a.espncdn.com/i/headshots/womens-college-basketball/players/full/5105755.png,11,0,59,5.36,8,0.73,5.42,14,1.27,9.49,5,0.45,3.39,9,0.82,6.1,1,0.09,0.68,4,0.36,2.71,3,0.27,2.03,3,0.27,2.03,0.33,0,0.11,0.5,0.44,0.33,0.37,0.12,0.03,0.22,0.11,0.19,0.03,0.01,0.02,0.05,0.21,0.8,0.51,0.54,0,0.06,0.51,0.8,0.22,0.55,0.52,0.09,0.75,0.17,0.11,0.19,0.33,0.68,0.17,0.34,0.43,0.38,0.42,0.47,0.63,0.52,0.5,0.54,0.37,0.48,0.57,0.58
2026,5105756,Elle Ladine,Washington,G,Guard,https://a.espncdn.com/i/headshots/womens-college-basketball/players/full/5105756.png,27,26,754,27.93,267,9.89,14.16,134,4.96,7.11,31,1.15,1.64,103,3.81,5.46,56,2.07,2.97,12,0.44,0.64,10,0.37,0.53,49,1.81,2.6,0.4,0.32,0.43,0.79,0.13,0.46,0.49,0.22,0.14,0.15,0.05,0.17,0.61,0.22,0.27,0.4,0.09,0.43,0.73,0.89,0.31,0.5,0.51,0.17,0.21,0.53,0.5,0.17,1.18,0.17,0.04,0.13,0.34,0.78,0.41,0.24,0.56,0.48,0.49,0.6,0.53,0.6,0.65,0.58,0.44,0.49,0.5,0.53
2026,5105766,Astera Tuhina,Oregon,G,Guard,https://a.espncdn.com/i/headshots/womens-college-basketball/players/full/5105766.png,34,1,495,14.56,144,4.24,11.64,37,1.09,2.99,1,0.03,0.08,36,1.06,2.91,51,1.5,4.12,22,0.65,1.78,4,0.12,0.32,22,0.65,1.78,0.42,0.34,0.45,0.89,0.14,0.5,0.53,0.16,0.18,0.14,0,0.09,0.16,0.46,0.52,0.74,0.21,0.27,0.02,0.25,0.46,0.89,0.57,0.21,0.21,0.53,0.5,0.17,1.18,0.17,0.04,0.13,0.34,0.78,0.41,0.24,0.56,0.48,0.49,0.6,0.53,0.6,0.65,0.58,0.44,0.49,0.5,0.53
2026,5106158,Eliza Maupin,Nebraska,F,Forward,https://a.espncdn.com/i/headshots/womens-college-basketball/players/full/5106158.png,26,10,460,17.69,191,7.35,16.61,110,4.23,9.57,41,1.58,3.57,69,2.65,6,27,1.04,2.35,17,0.65,1.48,18,0.69,1.57,46,1.77,4,0.51,0.28,0.18,0.77,0.42,0.54,0.59,0.22,0.1,0.22,0.12,0.2,0.36,0.84,0.74,0.59,0.51,0.84,0.56,0.6,0.17,0.76,0.58,0.79,0.22,0.55,0.52,0.09,0.75,0.17,0.11,0.19,0.33,0.68,0.17,0.34,0.43,0.38,0.42,0.47,0.63,0.52,0.5,0.54,0.37,0.48,0.57,0.58
2026,5106169,Amina Muhammad,Oregon,F,Forward,https://a.espncdn.com/i/headshots/womens-college-basketball/players/full/5106169.png,36,1,411,11.42,129,3.58,12.55,80,2.22,7.79,33,0.92,3.21,47,1.31,4.57,19,0.53,1.85,23,0.64,2.24,5,0.14,0.49,28,0.78,2.73,0.6,NA,0,0.72,0.48,0.6,0.64,0.15,0.08,0.22,0.1,0.14,0.15,0.99,0.96,0.39,0.49,0.8,0.45,0.22,NA,0.64,0.04,0.83,0.22,0.55,0.52,0.09,0.75,0.17,0.11,0.19,0.33,0.68,0.17,0.34,0.43,0.38,0.42,0.47,0.63,0.52,0.5,0.54,0.37,0.48,0.57,0.58
2026,5106182,Tara Daye,Purdue,G,Guard,https://a.espncdn.com/i/headshots/womens-college-basketball/players/full/5106182.png,30,30,857,28.57,371,12.37,17.32,196,6.53,9.15,61,2.03,2.85,135,4.5,6.3,73,2.43,3.41,37,1.23,1.73,9,0.3,0.42,72,2.4,3.36,0.47,0.34,0.15,0.76,0.37,0.5,0.55,0.24,0.18,0.18,0.09,0.21,0.73,0.61,0.5,0.69,0.59,0.65,0.92,0.94,0.43,0.41,0.1,0.87,0.21,0.53,0.5,0.17,1.18,0.17,0.04,0.13,0.34,0.78,0.41,0.24,0.56,0.48,0.49,0.6,0.53,0.6,0.65,0.58,0.44,0.49,0.5,0.53
2026,5106223,T'yana Todd,Ohio State,G,Guard,https://a.espncdn.com/i/headshots/womens-college-basketball/players/full/5106223.png,35,9,406,11.6,131,3.74,12.91,37,1.06,3.65,14,0.4,1.38,23,0.66,2.27,16,0.46,1.58,16,0.46,1.58,2,0.06,0.2,16,0.46,1.58,0.35,0.27,0.49,0.79,0.18,0.41,0.45,0.19,0.06,0.1,0.04,0.07,0.39,0.07,0.09,0.04,0.1,0.04,0.57,0.09,0.1,0.5,0.63,0.36,0.21,0.53,0.5,0.17,1.18,0.17,0.04,0.13,0.34,0.78,0.41,0.24,0.56,0.48,0.49,0.6,0.53,0.6,0.65,0.58,0.44,0.49,0.5,0.53
2026,5106234,Shay Bollin,Wisconsin,G,Guard,https://a.espncdn.com/i/headshots/womens-college-basketball/players/full/5106234.png,34,4,519,15.26,123,3.62,9.48,73,2.15,5.63,16,0.47,1.23,57,1.68,4.39,50,1.47,3.85,14,0.41,1.08,9,0.26,0.69,37,1.09,2.85,0.38,0.28,0.58,0.84,0.23,0.46,0.51,0.15,0.18,0.23,0.04,0.14,0.15,0.32,0.28,0.71,0.07,0.91,0.53,0.67,0.17,0.73,0.85,0.51,0.21,0.53,0.5,0.17,1.18,0.17,0.04,0.13,0.34,0.78,0.41,0.24,0.56,0.48,0.49,0.6,0.53,0.6,0.65,0.58,0.44,0.49,0.5,0.53
2026,5107391,Gracie Merkle,Penn State,C,Center,https://a.espncdn.com/i/headshots/womens-college-basketball/players/full/5107391.png,26,24,696,26.77,500,19.23,28.74,213,8.19,12.24,90,3.46,5.17,123,4.73,7.07,35,1.35,2.01,6,0.23,0.34,28,1.08,1.61,71,2.73,4.08,0.72,NA,0,0.61,0.38,0.72,0.72,0.28,0.12,0.17,0.17,0.21,0.64,1,1,0.43,0.18,0.62,0.67,0.56,NA,0.29,0.25,0.96,0.25,0.6,0.58,0.13,0.73,0.17,0.13,0.21,0.19,0.66,0.03,0.29,0.54,0.71,0.72,0.53,0.53,0.65,0.53,0.49,0.33,0.56,0.79,0.71
2026,5107484,Mia Jacobs,Oregon,F,Forward,https://a.espncdn.com/i/headshots/womens-college-basketball/players/full/5107484.png,34,34,913,26.85,422,12.41,18.49,177,5.21,7.75,40,1.18,1.75,137,4.03,6,55,1.62,2.41,42,1.24,1.84,14,0.41,0.61,83,2.44,3.64,0.41,0.36,0.56,0.83,0.39,0.51,0.57,0.24,0.11,0.18,0.06,0.19,0.57,0.6,0.36,0.74,0.83,0.64,0.12,0.52,0.59,0.93,0.95,0.73,0.22,0.55,0.52,0.09,0.75,0.17,0.11,0.19,0.33,0.68,0.17,0.34,0.43,0.38,0.42,0.47,0.63,0.52,0.5,0.54,0.37,0.48,0.57,0.58
2026,5107533,Breauna Ware,Wisconsin,G,Guard,https://a.espncdn.com/i/headshots/womens-college-basketball/players/full/5107533.png,25,13,420,16.8,135,5.4,12.86,43,1.72,4.1,8,0.32,0.76,35,1.4,3.33,27,1.08,2.57,18,0.72,1.71,2,0.08,0.19,31,1.24,2.95,0.4,0.39,0.33,0.69,0.47,0.46,0.52,0.19,0.12,0.19,0.02,0.11,0.47,0.37,0.26,0.3,0.27,0.76,0.35,0.42,0.75,0.14,0.34,0.96,0.21,0.53,0.5,0.17,1.18,0.17,0.04,0.13,0.34,0.78,0.41,0.24,0.56,0.48,0.49,0.6,0.53,0.6,0.65,0.58,0.44,0.49,0.5,0.53
2026,5107687,Marah Dykstra,Michigan St,F,Forward,https://a.espncdn.com/i/headshots/womens-college-basketball/players/full/5107687.png,30,10,342,11.4,97,3.23,11.35,50,1.67,5.85,22,0.73,2.57,28,0.93,3.27,20,0.67,2.34,13,0.43,1.52,7,0.23,0.82,9,0.3,1.05,0.44,0.39,0.58,0.75,0.15,0.56,0.58,0.13,0.09,0.1,0.08,0.11,0.07,0.64,0.79,0.42,0.33,0.04,0.29,0.06,0.82,0.71,0.96,0.03,0.22,0.55,0.52,0.09,0.75,0.17,0.11,0.19,0.33,0.68,0.17,0.34,0.43,0.38,0.42,0.47,0.63,0.52,0.5,0.54,0.37,0.48,0.57,0.58
2026,5107710,Taylor Feldman,Purdue,G,Guard,https://a.espncdn.com/i/headshots/womens-college-basketball/players/full/5107710.png,7,0,117,16.71,44,6.29,15.04,17,2.43,5.81,5,0.71,1.71,12,1.71,4.1,14,2,4.79,2,0.29,0.68,2,0.29,0.68,10,1.43,3.42,0.34,0.42,0.46,0.8,0.24,0.44,0.48,0.24,0.23,0.18,0.05,0.14,0.71,0.2,0.18,0.83,0.03,0.68,0.72,0.64,0.87,0.51,0.59,0.56,0.21,0.53,0.5,0.17,1.18,0.17,0.04,0.13,0.34,0.78,0.41,0.24,0.56,0.48,0.49,0.6,0.53,0.6,0.65,0.58,0.44,0.49,0.5,0.53
2026,5107834,Yarden Garzon,Maryland,G,Guard,https://a.espncdn.com/i/headshots/womens-college-basketball/players/full/5107834.png,33,33,1063,32.21,412,12.48,15.5,131,3.97,4.93,27,0.82,1.02,104,3.15,3.91,99,3,3.73,35,1.06,1.32,12,0.36,0.45,66,2,2.48,0.41,0.37,0.66,0.88,0.09,0.53,0.54,0.19,0.16,0.15,0.03,0.12,0.43,0.58,0.67,0.55,0.44,0.39,0.41,0.54,0.67,0.86,0.91,0.08,0.21,0.53,0.5,0.17,1.18,0.17,0.04,0.13,0.34,0.78,0.41,0.24,0.56,0.48,0.49,0.6,0.53,0.6,0.65,0.58,0.44,0.49,0.5,0.53
2026,5107854,Theryn Hallock,Michigan St,G,Guard,https://a.espncdn.com/i/headshots/womens-college-basketball/players/full/5107854.png,8,7,170,21.25,85,10.62,20,13,1.62,3.06,2,0.25,0.47,11,1.38,2.59,22,2.75,5.18,18,2.25,4.24,2,0.25,0.47,11,1.38,2.59,0.44,0.28,0.55,0.83,0.16,0.51,0.54,0.25,0.23,0.12,0.01,0.09,0.76,0.55,0.6,0.83,0.97,0.14,0.15,0.19,0.15,0.73,0.8,0.27,0.21,0.53,0.5,0.17,1.18,0.17,0.04,0.13,0.34,0.78,0.41,0.24,0.56,0.48,0.49,0.6,0.53,0.6,0.65,0.58,0.44,0.49,0.5,0.53
2026,5108516,Niamya Holloway,Minnesota,F,Forward,https://a.espncdn.com/i/headshots/womens-college-basketball/players/full/5108516.png,24,0,158,6.58,43,1.79,10.89,48,2,12.15,12,0.5,3.04,36,1.5,9.11,6,0.25,1.52,15,0.62,3.8,2,0.08,0.51,8,0.33,2.03,0.4,0.12,0.19,0.62,0.31,0.42,0.45,0.18,0.06,0.14,0.1,0.3,0.19,0.06,0.04,0.26,0.48,0.33,0.36,1,0.04,0.31,0.61,0.49,0.22,0.55,0.52,0.09,0.75,0.17,0.11,0.19,0.33,0.68,0.17,0.34,0.43,0.38,0.42,0.47,0.63,0.52,0.5,0.54,0.37,0.48,0.57,0.58
2026,5108518,Callin Hake,Nebraska,G,Guard,https://a.espncdn.com/i/headshots/womens-college-basketball/players/full/5108518.png,32,32,885,27.66,231,7.22,10.44,81,2.53,3.66,6,0.19,0.27,75,2.34,3.39,116,3.62,5.24,42,1.31,1.9,5,0.16,0.23,51,1.59,2.31,0.37,0.35,0.68,0.88,0.26,0.49,0.54,0.15,0.2,0.19,0.01,0.11,0.14,0.55,0.47,0.76,0.65,0.76,0.08,0.43,0.52,0.87,0.92,0.62,0.21,0.53,0.5,0.17,1.18,0.17,0.04,0.13,0.34,0.78,0.41,0.24,0.56,0.48,0.49,0.6,0.53,0.6,0.65,0.58,0.44,0.49,0.5,0.53
2026,5108531,Emma Shumate,Michigan St,G,Guard,https://a.espncdn.com/i/headshots/womens-college-basketball/players/full/5108531.png,32,4,721,22.53,204,6.38,11.32,66,2.06,3.66,24,0.75,1.33,42,1.31,2.33,25,0.78,1.39,27,0.84,1.5,22,0.69,1.22,4,0.12,0.22,0.43,0.41,0.93,0.5,0.09,0.62,0.62,0.11,0.05,0.02,0.04,0.08,0.02,0.9,0.97,0.02,0.3,0.01,0.58,0.13,0.87,0.02,1,0.08,0.21,0.53,0.5,0.17,1.18,0.17,0.04,0.13,0.34,0.78,0.41,0.24,0.56,0.48,0.49,0.6,0.53,0.6,0.65,0.58,0.44,0.49,0.5,0.53
2026,5108547,Ronnie Porter,Wisconsin,G,Guard,https://a.espncdn.com/i/headshots/womens-college-basketball/players/full/5108547.png,34,33,1046,30.76,205,6.03,7.84,144,4.24,5.51,41,1.21,1.57,103,3.03,3.94,165,4.85,6.31,56,1.65,2.14,4,0.12,0.15,72,2.12,2.75,0.37,0.32,0.45,0.8,0.21,0.44,0.48,0.14,0.29,0.25,0.05,0.13,0.08,0.19,0.17,0.93,0.83,0.94,0.68,0.59,0.33,0.53,0.55,0.44,0.21,0.53,0.5,0.17,1.18,0.17,0.04,0.13,0.34,0.78,0.41,0.24,0.56,0.48,0.49,0.6,0.53,0.6,0.65,0.58,0.44,0.49,0.5,0.53
2026,5109201,Grace Sullivan,Northwestern,F,Forward,https://a.espncdn.com/i/headshots/womens-college-basketball/players/full/5109201.png,28,28,946,33.79,599,21.39,25.33,172,6.14,7.27,40,1.43,1.69,132,4.71,5.58,30,1.07,1.27,30,1.07,1.27,23,0.82,0.97,59,2.11,2.49,0.53,0,0,0.78,0.22,0.53,0.56,0.31,0.09,0.1,0.05,0.17,1,0.53,0.59,0.49,0.74,0.09,0.07,0.42,0,0.79,0.22,0.2,0.22,0.55,0.52,0.09,0.75,0.17,0.11,0.19,0.33,0.68,0.17,0.34,0.43,0.38,0.42,0.47,0.63,0.52,0.5,0.54,0.37,0.48,0.57,0.58
2026,5109410,Elisa Mevius,Oregon,G,Guard,https://a.espncdn.com/i/headshots/womens-college-basketball/players/full/5109410.png,2,2,44,22,25,12.5,22.73,3,1.5,2.73,1,0.5,0.91,2,1,1.82,6,3,5.45,5,2.5,4.55,1,0.5,0.91,2,1,1.82,0.58,0.33,0.16,1,0.11,0.61,0.63,0.24,0.32,0.09,0.03,0.06,0.75,0.9,0.91,0.98,0.99,0.02,0.38,0.03,0.37,1,0.11,0.11,0.21,0.53,0.5,0.17,1.18,0.17,0.04,0.13,0.34,0.78,0.41,0.24,0.56,0.48,0.49,0.6,0.53,0.6,0.65,0.58,0.44,0.49,0.5,0.53
2026,5109749,Jerni Kiaku,Indiana,G,Guard,https://a.espncdn.com/i/headshots/womens-college-basketball/players/full/5109749.png,28,1,409,14.61,92,3.29,9,57,2.04,5.57,4,0.14,0.39,53,1.89,5.18,41,1.46,4.01,8,0.29,0.78,0,0,0,33,1.18,3.23,0.49,0.33,0.17,0.69,0.42,0.52,0.56,0.15,0.18,0.29,0.01,0.15,0.14,0.68,0.66,0.73,0.04,0.97,0.16,0.73,0.37,0.15,0.11,0.93,0.21,0.53,0.5,0.17,1.18,0.17,0.04,0.13,0.34,0.78,0.41,0.24,0.56,0.48,0.49,0.6,0.53,0.6,0.65,0.58,0.44,0.49,0.5,0.53
2026,5109820,Brooke Quarles Daniels,Michigan,G,Guard,https://a.espncdn.com/i/headshots/womens-college-basketball/players/full/5109820.png,35,31,891,25.46,206,5.89,9.25,188,5.37,8.44,106,3.03,4.76,82,2.34,3.68,99,2.83,4.44,86,2.46,3.86,8,0.23,0.36,53,1.51,2.38,0.48,0,0.02,0.61,0.4,0.48,0.51,0.13,0.17,0.21,0.14,0.12,0.05,0.35,0.38,0.6,0.99,0.83,0.98,0.5,0,0.04,0.01,0.9,0.21,0.53,0.5,0.17,1.18,0.17,0.04,0.13,0.34,0.78,0.41,0.24,0.56,0.48,0.49,0.6,0.53,0.6,0.65,0.58,0.44,0.49,0.5,0.53
2026,5124668,Sammie Wagner,Oregon,G,Guard,https://a.espncdn.com/i/headshots/womens-college-basketball/players/full/5124668.png,6,0,17,2.83,1,0.17,2.35,2,0.33,4.71,0,0,0,2,0.33,4.71,1,0.17,2.35,1,0.17,2.35,1,0.17,2.35,1,0.17,2.35,0,0,0.33,0.5,0.67,0,0.13,0.14,0.09,0.2,0,0.15,0.1,0,0,0.12,0.02,0.81,0,0.7,0,0.02,0.34,1,0.21,0.53,0.5,0.17,1.18,0.17,0.04,0.13,0.34,0.78,0.41,0.24,0.56,0.48,0.49,0.6,0.53,0.6,0.65,0.58,0.44,0.49,0.5,0.53
2026,5127965,Megan Grant,UCLA,G,Guard,https://a.espncdn.com/i/headshots/womens-college-basketball/players/full/5127965.png,14,0,31,2.21,6,0.43,7.74,4,0.29,5.16,3,0.21,3.87,1,0.07,1.29,1,0.07,1.29,0,0,0,0,0,0,4,0.29,5.16,0.33,NA,0,0,0.11,0.33,0.32,0.21,0.05,0.3,0.14,0.04,0.56,0,0.01,0.01,0,0.97,0.96,0,NA,0,0,0.11,0.21,0.53,0.5,0.17,1.18,0.17,0.04,0.13,0.34,0.78,0.41,0.24,0.56,0.48,0.49,0.6,0.53,0.6,0.65,0.58,0.44,0.49,0.5,0.53
2026,5132644,Moriah Murray,Penn State,G,Guard,https://a.espncdn.com/i/headshots/womens-college-basketball/players/full/5132644.png,29,29,919,31.69,273,9.41,11.88,90,3.1,3.92,16,0.55,0.7,74,2.55,3.22,61,2.1,2.66,27,0.93,1.18,3,0.1,0.13,42,1.45,1.83,0.41,0.4,0.84,0.92,0.05,0.58,0.59,0.14,0.11,0.15,0.02,0.1,0.09,0.77,0.87,0.21,0.36,0.46,0.31,0.29,0.82,0.99,0.97,0.03,0.21,0.53,0.5,0.17,1.18,0.17,0.04,0.13,0.34,0.78,0.41,0.24,0.56,0.48,0.49,0.6,0.53,0.6,0.65,0.58,0.44,0.49,0.5,0.53
2026,5174256,Yakiya Milton,USC,F,Forward,https://a.espncdn.com/i/headshots/womens-college-basketball/players/full/5174256.png,16,0,113,7.06,36,2.25,12.74,46,2.88,16.28,15,0.94,5.31,31,1.94,10.97,3,0.19,1.06,4,0.25,1.42,9,0.56,3.19,10,0.62,3.54,0.29,NA,0,0.72,0.81,0.29,0.43,0.22,0.05,0.19,0.16,0.34,0.4,0.03,0.01,0.09,0.1,0.72,0.87,1,NA,0.6,0.04,0.99,0.22,0.55,0.52,0.09,0.75,0.17,0.11,0.19,0.33,0.68,0.17,0.34,0.43,0.38,0.42,0.47,0.63,0.52,0.5,0.54,0.37,0.48,0.57,0.58
2026,5174265,Janae Walker,Rutgers,F,Forward,https://a.espncdn.com/i/headshots/womens-college-basketball/players/full/5174265.png,28,15,477,17.04,73,2.61,6.12,98,3.5,8.22,33,1.18,2.77,65,2.32,5.45,14,0.5,1.17,5,0.18,0.42,11,0.39,0.92,41,1.46,3.44,0.44,NA,0,0.37,0.43,0.44,0.44,0.13,0.07,0.33,0.09,0.17,0.08,0.04,0.07,0.28,0.06,0.98,0.32,0.37,NA,0.02,0.05,0.8,0.22,0.55,0.52,0.09,0.75,0.17,0.11,0.19,0.33,0.68,0.17,0.34,0.43,0.38,0.42,0.47,0.63,0.52,0.5,0.54,0.37,0.48,0.57,0.58
2026,5174271,Jasmine Brown-Hagger,Illinois,G,Guard,https://a.espncdn.com/i/headshots/womens-college-basketball/players/full/5174271.png,34,34,837,24.62,229,6.74,10.94,75,2.21,3.58,37,1.09,1.77,38,1.12,1.82,59,1.74,2.82,36,1.06,1.72,3,0.09,0.14,48,1.41,2.29,0.44,0.32,0.29,0.71,0.24,0.48,0.51,0.16,0.12,0.18,0.06,0.06,0.17,0.36,0.41,0.27,0.42,0.67,0.75,0.04,0.33,0.17,0.29,0.52,0.21,0.53,0.5,0.17,1.18,0.17,0.04,0.13,0.34,0.78,0.41,0.24,0.56,0.48,0.49,0.6,0.53,0.6,0.65,0.58,0.44,0.49,0.5,0.53
2026,5174337,Nene Ndiaye,Rutgers,F,Forward,https://a.espncdn.com/i/headshots/womens-college-basketball/players/full/5174337.png,26,25,818,31.46,384,14.77,18.78,137,5.27,6.7,53,2.04,2.59,84,3.23,4.11,40,1.54,1.96,37,1.42,1.81,6,0.23,0.29,76,2.92,3.72,0.46,0.42,0.28,0.74,0.5,0.51,0.57,0.25,0.14,0.19,0.08,0.13,0.73,0.63,0.41,0.88,0.93,0.68,0.28,0.15,0.98,0.7,0.76,0.9,0.22,0.55,0.52,0.09,0.75,0.17,0.11,0.19,0.33,0.68,0.17,0.34,0.43,0.38,0.42,0.47,0.63,0.52,0.5,0.54,0.37,0.48,0.57,0.58
2026,5174355,Laci Steele,Wisconsin,G,Guard,https://a.espncdn.com/i/headshots/womens-college-basketball/players/full/5174355.png,34,23,785,23.09,204,6,10.39,114,3.35,5.81,24,0.71,1.22,90,2.65,4.59,36,1.06,1.83,33,0.97,1.68,9,0.26,0.46,42,1.24,2.14,0.36,0.31,0.55,0.7,0.2,0.45,0.48,0.16,0.09,0.16,0.04,0.15,0.21,0.16,0.22,0.12,0.39,0.58,0.51,0.72,0.3,0.17,0.82,0.43,0.21,0.53,0.5,0.17,1.18,0.17,0.04,0.13,0.34,0.78,0.41,0.24,0.56,0.48,0.49,0.6,0.53,0.6,0.65,0.58,0.44,0.49,0.5,0.53
2026,5174408,Oluchi Okananwa,Maryland,G,Guard,https://a.espncdn.com/i/headshots/womens-college-basketball/players/full/5174408.png,33,33,888,26.91,586,17.76,26.4,178,5.39,8.02,106,3.21,4.77,72,2.18,3.24,67,2.03,3.02,74,2.24,3.33,8,0.24,0.36,86,2.61,3.87,0.52,0.3,0.19,0.74,0.39,0.55,0.59,0.3,0.15,0.15,0.15,0.1,0.91,0.81,0.76,0.53,0.96,0.37,0.99,0.37,0.18,0.35,0.14,0.89,0.21,0.53,0.5,0.17,1.18,0.17,0.04,0.13,0.34,0.78,0.41,0.24,0.56,0.48,0.49,0.6,0.53,0.6,0.65,0.58,0.44,0.49,0.5,0.53
2026,5174435,Edessa Noyan,Indiana,F,Forward,https://a.espncdn.com/i/headshots/womens-college-basketball/players/full/5174435.png,32,21,727,22.72,184,5.75,10.12,187,5.84,10.29,52,1.62,2.86,135,4.22,7.43,29,0.91,1.6,14,0.44,0.77,17,0.53,0.94,52,1.62,2.86,0.55,0.27,0.19,0.68,0.27,0.58,0.6,0.15,0.07,0.25,0.11,0.22,0.13,0.85,0.92,0.34,0.36,0.91,0.48,0.72,0.15,0.47,0.6,0.34,0.22,0.55,0.52,0.09,0.75,0.17,0.11,0.19,0.33,0.68,0.17,0.34,0.43,0.38,0.42,0.47,0.63,0.52,0.5,0.54,0.37,0.48,0.57,0.58
2026,5174765,Maddie Webber,Illinois,G,Guard,https://a.espncdn.com/i/headshots/womens-college-basketball/players/full/5174765.png,34,1,868,25.53,366,10.76,16.87,86,2.53,3.96,20,0.59,0.92,66,1.94,3.04,48,1.41,2.21,20,0.59,0.92,9,0.26,0.41,39,1.15,1.8,0.45,0.4,0.4,0.77,0.12,0.53,0.55,0.21,0.1,0.11,0.03,0.1,0.56,0.62,0.7,0.16,0.18,0.08,0.4,0.36,0.8,0.44,0.49,0.14,0.21,0.53,0.5,0.17,1.18,0.17,0.04,0.13,0.34,0.78,0.41,0.24,0.56,0.48,0.49,0.6,0.53,0.6,0.65,0.58,0.44,0.49,0.5,0.53
2026,5175473,Lety Vasconcelos,Illinois,C,Center,https://a.espncdn.com/i/headshots/womens-college-basketball/players/full/5175473.png,34,1,408,12,118,3.47,11.57,106,3.12,10.39,42,1.24,4.12,64,1.88,6.27,14,0.41,1.37,7,0.21,0.69,18,0.53,1.76,30,0.88,2.94,0.56,NA,0,0.71,0.32,0.56,0.59,0.16,0.06,0.23,0.13,0.21,0.05,0.43,0.33,0.08,0.08,0.88,0.56,0.45,NA,0.78,0.29,0.83,0.25,0.6,0.58,0.13,0.73,0.17,0.13,0.21,0.19,0.66,0.03,0.29,0.54,0.71,0.72,0.53,0.53,0.65,0.53,0.49,0.33,0.56,0.79,0.71
2026,5175679,Gretchen Dolan,Illinois,G,Guard,https://a.espncdn.com/i/headshots/womens-college-basketball/players/full/5175679.png,18,17,526,29.22,232,12.89,17.64,62,3.44,4.71,12,0.67,0.91,50,2.78,3.8,50,2.78,3.8,21,1.17,1.6,7,0.39,0.53,28,1.56,2.13,0.39,0.25,0.28,0.89,0.25,0.43,0.48,0.25,0.18,0.1,0.03,0.13,0.76,0.21,0.14,0.68,0.52,0.07,0.39,0.57,0.07,0.89,0.28,0.57,0.21,0.53,0.5,0.17,1.18,0.17,0.04,0.13,0.34,0.78,0.41,0.24,0.56,0.48,0.49,0.6,0.53,0.6,0.65,0.58,0.44,0.49,0.5,0.53
2026,5175680,Lenée Beaumont,Indiana,G,Guard,https://a.espncdn.com/i/headshots/womens-college-basketball/players/full/5175680.png,32,32,1111,34.72,427,13.34,15.37,153,4.78,5.51,15,0.47,0.54,138,4.31,4.97,95,2.97,3.42,22,0.69,0.79,1,0.03,0.04,87,2.72,3.13,0.43,0.38,0.37,0.86,0.3,0.5,0.56,0.22,0.17,0.18,0.02,0.15,0.66,0.67,0.54,0.61,0.23,0.71,0.26,0.7,0.71,0.85,0.47,0.74,0.21,0.53,0.5,0.17,1.18,0.17,0.04,0.13,0.34,0.78,0.41,0.24,0.56,0.48,0.49,0.6,0.53,0.6,0.65,0.58,0.44,0.49,0.5,0.53
2026,5175682,Kennise Johnson,Iowa,G,Guard,https://a.espncdn.com/i/headshots/womens-college-basketball/players/full/5175682.png,6,0,22,3.67,2,0.33,3.64,3,0.5,5.45,0,0,0,3,0.5,5.45,3,0.5,5.45,0,0,0,0,0,0,2,0.33,3.64,0.25,0,0.25,NA,0,0.25,0.25,0.13,0.2,0.33,0,0.16,0.07,0,0,0.75,0,0.99,0,0.81,0,NA,0.26,0,0.21,0.53,0.5,0.17,1.18,0.17,0.04,0.13,0.34,0.78,0.41,0.24,0.56,0.48,0.49,0.6,0.53,0.6,0.65,0.58,0.44,0.49,0.5,0.53
2026,5175687,Emily Fisher,Nebraska,G,Guard,https://a.espncdn.com/i/headshots/womens-college-basketball/players/full/5175687.png,24,0,178,7.42,40,1.67,8.99,34,1.42,7.64,12,0.5,2.7,22,0.92,4.94,13,0.54,2.92,11,0.46,2.47,3,0.12,0.67,14,0.58,3.15,0.48,0.25,0.16,0.68,0.88,0.5,0.58,0.13,0.11,0.29,0.09,0.17,0.07,0.72,0.54,0.22,0.1,0.97,0.91,0.84,0.07,0.13,0.11,1,0.21,0.53,0.5,0.17,1.18,0.17,0.04,0.13,0.34,0.78,0.41,0.24,0.56,0.48,0.49,0.6,0.53,0.6,0.65,0.58,0.44,0.49,0.5,0.53
2026,5175688,Macy Brown,Michigan,G,Guard,https://a.espncdn.com/i/headshots/womens-college-basketball/players/full/5175688.png,30,0,370,12.33,74,2.47,8,38,1.27,4.11,2,0.07,0.22,36,1.2,3.89,36,1.2,3.89,15,0.5,1.62,6,0.2,0.65,25,0.83,2.7,0.38,0.36,0.62,0.65,0.45,0.49,0.53,0.12,0.14,0.26,0.01,0.13,0.03,0.47,0.47,0.37,0.11,0.95,0.04,0.57,0.64,0.09,0.86,0.96,0.21,0.53,0.5,0.17,1.18,0.17,0.04,0.13,0.34,0.78,0.41,0.24,0.56,0.48,0.49,0.6,0.53,0.6,0.65,0.58,0.44,0.49,0.5,0.53
2026,5175689,Taylor Woodson,Minnesota,F,Forward,https://a.espncdn.com/i/headshots/womens-college-basketball/players/full/5175689.png,2,0,22,11,2,1,3.64,4,2,7.27,1,0.5,1.82,3,1.5,5.45,0,0,0,1,0.5,1.82,0,0,0,1,0.5,1.82,0.2,0,0.2,0,0.4,0.2,0.17,0.16,0,0.15,0.06,0.18,0.15,0,0,0,0.39,0.37,0.12,0.43,0.01,0,0.61,0.73,0.22,0.55,0.52,0.09,0.75,0.17,0.11,0.19,0.33,0.68,0.17,0.34,0.43,0.38,0.42,0.47,0.63,0.52,0.5,0.54,0.37,0.48,0.57,0.58
2026,5175696,Kennedy Blair,Michigan St,G,Guard,https://a.espncdn.com/i/headshots/womens-college-basketball/players/full/5175696.png,32,32,966,30.19,464,14.5,19.21,227,7.09,9.4,31,0.97,1.28,196,6.12,8.12,167,5.22,6.92,76,2.38,3.15,14,0.44,0.58,116,3.62,4.8,0.5,0.24,0.15,0.74,0.44,0.52,0.57,0.25,0.3,0.22,0.04,0.27,0.8,0.72,0.65,0.97,0.98,0.88,0.54,1,0.05,0.37,0.08,0.95,0.21,0.53,0.5,0.17,1.18,0.17,0.04,0.13,0.34,0.78,0.41,0.24,0.56,0.48,0.49,0.6,0.53,0.6,0.65,0.58,0.44,0.49,0.5,0.53
2026,5175699,Brynn Senden,Minnesota,G,Guard,https://a.espncdn.com/i/headshots/womens-college-basketball/players/full/5175699.png,14,0,48,3.43,8,0.57,6.67,7,0.5,5.83,0,0,0,7,0.5,5.83,5,0.36,4.17,1,0.07,0.83,0,0,0,1,0.07,0.83,0.4,0.33,0.6,0.5,1.2,0.5,0.52,0.09,0.16,0.12,0,0.19,0,0.44,0.54,0.55,0,0.1,0,0.92,0.37,0.02,0.85,1,0.21,0.53,0.5,0.17,1.18,0.17,0.04,0.13,0.34,0.78,0.41,0.24,0.56,0.48,0.49,0.6,0.53,0.6,0.65,0.58,0.44,0.49,0.5,0.53
2026,5175700,Kennedy Klick,Minnesota,G,Guard,https://a.espncdn.com/i/headshots/womens-college-basketball/players/full/5175700.png,16,0,105,6.56,27,1.69,10.29,13,0.81,4.95,4,0.25,1.52,9,0.56,3.43,16,1,6.1,5,0.31,1.9,0,0,0,11,0.69,4.19,0.53,0.67,0.16,0.62,0.42,0.58,0.6,0.16,0.25,0.33,0.05,0.11,0.17,0.87,0.87,0.85,0.04,0.99,0.66,0.42,1,0.07,0.11,0.93,0.21,0.53,0.5,0.17,1.18,0.17,0.04,0.13,0.34,0.78,0.41,0.24,0.56,0.48,0.49,0.6,0.53,0.6,0.65,0.58,0.44,0.49,0.5,0.53
2026,5175701,Grace Grocholski,Minnesota,G,Guard,https://a.espncdn.com/i/headshots/womens-college-basketball/players/full/5175701.png,33,33,1106,33.52,400,12.12,14.47,168,5.09,6.08,66,2,2.39,102,3.09,3.69,95,2.88,3.44,34,1.03,1.23,5,0.15,0.18,48,1.45,1.74,0.47,0.42,0.52,0.72,0.12,0.58,0.6,0.17,0.15,0.13,0.08,0.12,0.29,0.86,0.9,0.48,0.41,0.16,0.88,0.52,0.89,0.21,0.72,0.13,0.21,0.53,0.5,0.17,1.18,0.17,0.04,0.13,0.34,0.78,0.41,0.24,0.56,0.48,0.49,0.6,0.53,0.6,0.65,0.58,0.44,0.49,0.5,0.53
2026,5175708,Logan Nissley,Nebraska,G,Guard,https://a.espncdn.com/i/headshots/womens-college-basketball/players/full/5175708.png,30,19,674,22.47,267,8.9,15.85,76,2.53,4.51,21,0.7,1.25,55,1.83,3.26,70,2.33,4.15,15,0.5,0.89,4,0.13,0.24,40,1.33,2.37,0.46,0.43,0.77,0.86,0.14,0.62,0.64,0.18,0.17,0.16,0.04,0.11,0.36,0.94,0.97,0.66,0.12,0.52,0.6,0.42,0.94,0.79,0.95,0.22,0.21,0.53,0.5,0.17,1.18,0.17,0.04,0.13,0.34,0.78,0.41,0.24,0.56,0.48,0.49,0.6,0.53,0.6,0.65,0.58,0.44,0.49,0.5,0.53
2026,5175709,Jessica Petrie,Nebraska,F,Forward,https://a.espncdn.com/i/headshots/womens-college-basketball/players/full/5175709.png,30,23,696,23.2,340,11.33,19.54,143,4.77,8.22,35,1.17,2.01,108,3.6,6.21,41,1.37,2.36,31,1.03,1.78,32,1.07,1.84,53,1.77,3.05,0.45,0.29,0.33,0.77,0.2,0.5,0.53,0.26,0.11,0.14,0.07,0.21,0.86,0.26,0.26,0.69,0.7,0.32,0.17,0.66,0.24,0.74,0.86,0.11,0.22,0.55,0.52,0.09,0.75,0.17,0.11,0.19,0.33,0.68,0.17,0.34,0.43,0.38,0.42,0.47,0.63,0.52,0.5,0.54,0.37,0.48,0.57,0.58
2026,5175714,Rachel Mutombo,Northwestern,F,Forward,https://a.espncdn.com/i/headshots/womens-college-basketball/players/full/5175714.png,9,0,23,2.56,3,0.33,5.22,5,0.56,8.7,0,0,0,5,0.56,8.7,0,0,0,1,0.11,1.74,0,0,0,0,0,0,0.5,NA,0,0.5,1,0.5,0.52,0.06,0,0,0,0.27,0,0.23,0.27,0,0.02,0,0,0.96,NA,0.06,0.05,1,0.22,0.55,0.52,0.09,0.75,0.17,0.11,0.19,0.33,0.68,0.17,0.34,0.43,0.38,0.42,0.47,0.63,0.52,0.5,0.54,0.37,0.48,0.57,0.58
2026,5175715,Casey Harter,Northwestern,G,Guard,https://a.espncdn.com/i/headshots/womens-college-basketball/players/full/5175715.png,26,25,915,35.19,261,10.04,11.41,86,3.31,3.76,13,0.5,0.57,73,2.81,3.19,56,2.15,2.45,14,0.54,0.61,14,0.54,0.61,44,1.69,1.92,0.4,0.35,0.48,0.84,0.3,0.49,0.54,0.16,0.12,0.15,0.02,0.1,0.15,0.52,0.46,0.26,0.14,0.48,0.23,0.35,0.57,0.74,0.6,0.72,0.21,0.53,0.5,0.17,1.18,0.17,0.04,0.13,0.34,0.78,0.41,0.24,0.56,0.48,0.49,0.6,0.53,0.6,0.65,0.58,0.44,0.49,0.5,0.53
2026,5175716,Crystal Fuqu Wang,Northwestern,F,Forward,https://a.espncdn.com/i/headshots/womens-college-basketball/players/full/5175716.png,14,1,71,5.07,15,1.07,8.45,12,0.86,6.76,2,0.14,1.13,10,0.71,5.63,5,0.36,2.82,1,0.07,0.56,0,0,0,4,0.29,2.25,0.36,0,0.18,0.7,0.91,0.36,0.49,0.14,0.13,0.21,0.04,0.18,0.08,0.07,0.02,0.85,0.02,0.76,0.03,0.43,0.01,0.51,0.57,0.99,0.22,0.55,0.52,0.09,0.75,0.17,0.11,0.19,0.33,0.68,0.17,0.34,0.43,0.38,0.42,0.47,0.63,0.52,0.5,0.54,0.37,0.48,0.57,0.58
2026,5175721,Rashunda Jones,Michigan St,G,Guard,https://a.espncdn.com/i/headshots/womens-college-basketball/players/full/5175721.png,31,28,856,27.61,363,11.71,16.96,105,3.39,4.91,39,1.26,1.82,66,2.13,3.08,100,3.23,4.67,67,2.16,3.13,2,0.06,0.09,56,1.81,2.62,0.45,0.32,0.28,0.82,0.44,0.5,0.57,0.21,0.19,0.15,0.06,0.1,0.54,0.7,0.55,0.75,0.95,0.41,0.74,0.38,0.34,0.66,0.27,0.96,0.21,0.53,0.5,0.17,1.18,0.17,0.04,0.13,0.34,0.78,0.41,0.24,0.56,0.48,0.49,0.6,0.53,0.6,0.65,0.58,0.44,0.49,0.5,0.53
2026,5175722,McKenna Layden,Purdue,G,Guard,https://a.espncdn.com/i/headshots/womens-college-basketball/players/full/5175722.png,28,13,486,17.36,75,2.68,6.17,59,2.11,4.86,7,0.25,0.58,52,1.86,4.28,33,1.18,2.72,15,0.54,1.23,2,0.07,0.16,33,1.18,2.72,0.45,0.44,0.94,0.71,0.13,0.66,0.67,0.09,0.12,0.37,0.02,0.15,0.01,0.99,0.99,0.22,0.13,1,0.24,0.69,0.94,0.17,1,0.17,0.21,0.53,0.5,0.17,1.18,0.17,0.04,0.13,0.34,0.78,0.41,0.24,0.56,0.48,0.49,0.6,0.53,0.6,0.65,0.58,0.44,0.49,0.5,0.53
2026,5175731,Kennedy Brandt,Rutgers,G,Guard,https://a.espncdn.com/i/headshots/womens-college-basketball/players/full/5175731.png,21,0,91,4.33,12,0.57,5.27,10,0.48,4.4,1,0.05,0.44,9,0.43,3.96,0,0,0,4,0.19,1.76,0,0,0,3,0.14,1.32,0.18,0.2,0.91,NA,0,0.27,0.27,0.14,0,0.12,0.01,0.12,0.09,0,0,0,0.03,0.1,0.13,0.54,0.03,NA,0.98,0,0.21,0.53,0.5,0.17,1.18,0.17,0.04,0.13,0.34,0.78,0.41,0.24,0.56,0.48,0.49,0.6,0.53,0.6,0.65,0.58,0.44,0.49,0.5,0.53
2026,5175732,Leena Patibandla,Wisconsin,G,Guard,https://a.espncdn.com/i/headshots/womens-college-basketball/players/full/5175732.png,12,0,38,3.17,6,0.5,6.32,6,0.5,6.32,2,0.17,2.11,4,0.33,4.21,4,0.33,4.21,2,0.17,2.11,1,0.08,1.05,1,0.08,1.05,0.2,0,0.3,0.67,0.3,0.2,0.27,0.16,0.19,0.08,0.07,0.14,0.19,0,0,0.74,0.02,0.02,0.85,0.64,0,0.1,0.3,0.73,0.21,0.53,0.5,0.17,1.18,0.17,0.04,0.13,0.34,0.78,0.41,0.24,0.56,0.48,0.49,0.6,0.53,0.6,0.65,0.58,0.44,0.49,0.5,0.53
2026,5175891,Sofia Bell,Oregon,G,Guard,https://a.espncdn.com/i/headshots/womens-college-basketball/players/full/5175891.png,36,36,1102,30.61,241,6.69,8.75,95,2.64,3.45,15,0.42,0.54,80,2.22,2.9,68,1.89,2.47,58,1.61,2.11,22,0.61,0.8,32,0.89,1.16,0.39,0.35,0.8,0.76,0.08,0.53,0.54,0.11,0.1,0.13,0.02,0.09,0.03,0.51,0.68,0.15,0.81,0.17,0.21,0.25,0.54,0.43,0.97,0.05,0.21,0.53,0.5,0.17,1.18,0.17,0.04,0.13,0.34,0.78,0.41,0.24,0.56,0.48,0.49,0.6,0.53,0.6,0.65,0.58,0.44,0.49,0.5,0.53
2026,5175892,Filippa Tilliander,Oregon,F,Forward,https://a.espncdn.com/i/headshots/womens-college-basketball/players/full/5175892.png,24,0,127,5.29,23,0.96,7.24,32,1.33,10.08,11,0.46,3.46,21,0.88,6.61,5,0.21,1.57,3,0.12,0.94,1,0.04,0.31,7,0.29,2.2,0.41,NA,0,0.9,0.59,0.41,0.54,0.11,0.06,0.25,0.11,0.21,0.03,0.32,0.03,0.25,0.03,0.89,0.51,0.63,NA,0.99,0.05,0.97,0.22,0.55,0.52,0.09,0.75,0.17,0.11,0.19,0.33,0.68,0.17,0.34,0.43,0.38,0.42,0.47,0.63,0.52,0.5,0.54,0.37,0.48,0.57,0.58
2026,5175894,Sarah Rambus,Oregon,F,Forward,https://a.espncdn.com/i/headshots/womens-college-basketball/players/full/5175894.png,36,17,506,14.06,228,6.33,18.02,88,2.44,6.96,22,0.61,1.74,66,1.83,5.22,27,0.75,2.13,15,0.42,1.19,16,0.44,1.26,64,1.78,5.06,0.54,NA,0,0.67,0.32,0.54,0.56,0.26,0.11,0.24,0.06,0.16,0.75,0.55,0.64,0.66,0.29,0.87,0.09,0.33,NA,0.46,0.07,0.52,0.22,0.55,0.52,0.09,0.75,0.17,0.11,0.19,0.33,0.68,0.17,0.34,0.43,0.38,0.42,0.47,0.63,0.52,0.5,0.54,0.37,0.48,0.57,0.58
2026,5175937,Amanda Muse,UCLA,F,Forward,https://a.espncdn.com/i/headshots/womens-college-basketball/players/full/5175937.png,33,0,309,9.36,43,1.3,5.57,54,1.64,6.99,24,0.73,3.11,30,0.91,3.88,18,0.55,2.33,8,0.24,1.04,9,0.27,1.17,15,0.45,1.94,0.55,NA,0,0.5,0.58,0.55,0.55,0.08,0.08,0.28,0.11,0.11,0.01,0.38,0.74,0.35,0.1,0.96,0.5,0.07,NA,0.06,0.08,0.97,0.22,0.55,0.52,0.09,0.75,0.17,0.11,0.19,0.33,0.68,0.17,0.34,0.43,0.38,0.42,0.47,0.63,0.52,0.5,0.54,0.37,0.48,0.57,0.58
2026,5175945,Malia Samuels,USC,G,Guard,https://a.espncdn.com/i/headshots/womens-college-basketball/players/full/5175945.png,30,19,707,23.57,102,3.4,5.77,79,2.63,4.47,24,0.8,1.36,55,1.83,3.11,72,2.4,4.07,44,1.47,2.49,6,0.2,0.34,47,1.57,2.66,0.31,0.23,0.39,0.61,0.32,0.36,0.4,0.12,0.17,0.27,0.04,0.1,0.03,0.04,0.03,0.65,0.69,0.96,0.55,0.31,0.04,0.05,0.48,0.83,0.21,0.53,0.5,0.17,1.18,0.17,0.04,0.13,0.34,0.78,0.41,0.24,0.56,0.48,0.49,0.6,0.53,0.6,0.65,0.58,0.44,0.49,0.5,0.53
2026,5175965,Sayvia Sellers,Washington,G,Guard,https://a.espncdn.com/i/headshots/womens-college-basketball/players/full/5175965.png,33,33,1054,31.94,594,18,22.54,96,2.91,3.64,17,0.52,0.65,79,2.39,3,130,3.94,4.93,52,1.58,1.97,25,0.76,0.95,109,3.3,4.14,0.47,0.35,0.45,0.82,0.22,0.55,0.59,0.3,0.27,0.18,0.02,0.09,0.89,0.77,0.81,0.87,0.76,0.66,0.29,0.28,0.6,0.61,0.57,0.49,0.21,0.53,0.5,0.17,1.18,0.17,0.04,0.13,0.34,0.78,0.41,0.24,0.56,0.48,0.49,0.6,0.53,0.6,0.65,0.58,0.44,0.49,0.5,0.53
2026,5175966,Chloe Briggs,Washington,G,Guard,https://a.espncdn.com/i/headshots/womens-college-basketball/players/full/5175966.png,25,0,316,12.64,53,2.12,6.71,48,1.92,6.08,12,0.48,1.52,36,1.44,4.56,23,0.92,2.91,4,0.16,0.51,0,0,0,17,0.68,2.15,0.3,0.24,0.45,0.71,0.6,0.35,0.45,0.12,0.12,0.22,0.05,0.14,0.04,0.06,0.02,0.24,0.02,0.89,0.67,0.65,0.05,0.18,0.53,0.99,0.21,0.53,0.5,0.17,1.18,0.17,0.04,0.13,0.34,0.78,0.41,0.24,0.56,0.48,0.49,0.6,0.53,0.6,0.65,0.58,0.44,0.49,0.5,0.53
2026,5175967,Ari Long,Oregon,G,Guard,https://a.espncdn.com/i/headshots/womens-college-basketball/players/full/5175967.png,36,33,910,25.28,236,6.56,10.37,136,3.78,5.98,17,0.47,0.75,119,3.31,5.23,63,1.75,2.77,67,1.86,2.95,16,0.44,0.7,43,1.19,1.89,0.37,0.31,0.44,0.82,0.09,0.44,0.46,0.16,0.12,0.14,0.02,0.16,0.19,0.12,0.19,0.3,0.88,0.34,0.34,0.82,0.29,0.59,0.53,0.09,0.21,0.53,0.5,0.17,1.18,0.17,0.04,0.13,0.34,0.78,0.41,0.24,0.56,0.48,0.49,0.6,0.53,0.6,0.65,0.58,0.44,0.49,0.5,0.53
2026,5175968,Olivia Anderson,Washington,F,Forward,https://a.espncdn.com/i/headshots/womens-college-basketball/players/full/5175968.png,10,0,45,4.5,17,1.7,15.11,11,1.1,9.78,6,0.6,5.33,5,0.5,4.44,2,0.2,1.78,2,0.2,1.78,10,1,8.89,6,0.6,5.33,0.35,0.2,0.29,0.5,0.47,0.38,0.41,0.3,0.08,0.23,0.18,0.14,0.95,0.02,0.03,0.38,0.06,0.84,0.92,0.17,0.07,0.07,0.76,0.82,0.22,0.55,0.52,0.09,0.75,0.17,0.11,0.19,0.33,0.68,0.17,0.34,0.43,0.38,0.42,0.47,0.63,0.52,0.5,0.54,0.37,0.48,0.57,0.58
2026,5176903,Ashley Sofilkanich,Michigan,F,Forward,https://a.espncdn.com/i/headshots/womens-college-basketball/players/full/5176903.png,35,35,639,18.26,271,7.74,16.96,147,4.2,9.2,65,1.86,4.07,82,2.34,5.13,23,0.66,1.44,25,0.71,1.56,39,1.11,2.44,47,1.34,2.94,0.54,0,0,0.57,0.36,0.54,0.55,0.21,0.06,0.16,0.12,0.17,0.28,0.41,0.72,0.21,0.6,0.47,0.63,0.36,0.01,0.22,0.28,0.6,0.22,0.55,0.52,0.09,0.75,0.17,0.11,0.19,0.33,0.68,0.17,0.34,0.43,0.38,0.42,0.47,0.63,0.52,0.5,0.54,0.37,0.48,0.57,0.58
2026,5177944,Yacine Ndiaye,Rutgers,F,Forward,https://a.espncdn.com/i/headshots/womens-college-basketball/players/full/5177944.png,11,0,102,9.27,12,1.09,4.71,20,1.82,7.84,11,1,4.31,9,0.82,3.53,3,0.27,1.18,4,0.36,1.57,2,0.18,0.78,9,0.82,3.53,0.23,0,0.09,0.2,0.45,0.23,0.23,0.18,0.06,0.25,0.13,0.11,0.19,0,0.01,0.25,0.21,0.91,0.77,0.05,0.01,0.01,0.48,0.82,0.22,0.55,0.52,0.09,0.75,0.17,0.11,0.19,0.33,0.68,0.17,0.34,0.43,0.38,0.42,0.47,0.63,0.52,0.5,0.54,0.37,0.48,0.57,0.58
2026,5178283,Saige Stahl,Purdue,F,Forward,https://a.espncdn.com/i/headshots/womens-college-basketball/players/full/5178283.png,24,1,248,10.33,29,1.21,4.68,69,2.88,11.13,26,1.08,4.19,43,1.79,6.94,9,0.38,1.45,12,0.5,1.94,1,0.04,0.16,15,0.62,2.42,0.42,0,0.08,0.82,0.46,0.42,0.5,0.09,0.06,0.34,0.13,0.24,0.01,0.17,0.04,0.18,0.4,0.99,0.78,0.78,0.01,0.89,0.48,0.82,0.22,0.55,0.52,0.09,0.75,0.17,0.11,0.19,0.33,0.68,0.17,0.34,0.43,0.38,0.42,0.47,0.63,0.52,0.5,0.54,0.37,0.48,0.57,0.58
2026,5178528,Kyrah Daniels,Wisconsin,G,Guard,https://a.espncdn.com/i/headshots/womens-college-basketball/players/full/5178528.png,34,34,1033,30.38,420,12.35,16.26,173,5.09,6.7,49,1.44,1.9,124,3.65,4.8,87,2.56,3.37,41,1.21,1.59,9,0.26,0.35,72,2.12,2.79,0.38,0.35,0.49,0.87,0.13,0.47,0.5,0.24,0.18,0.15,0.06,0.16,0.75,0.29,0.34,0.7,0.56,0.36,0.79,0.76,0.47,0.86,0.66,0.19,0.21,0.53,0.5,0.17,1.18,0.17,0.04,0.13,0.34,0.78,0.41,0.24,0.56,0.48,0.49,0.6,0.53,0.6,0.65,0.58,0.44,0.49,0.5,0.53
2026,5238283,Chazadi Wright,Iowa,G,Guard,https://a.espncdn.com/i/headshots/womens-college-basketball/players/full/5238283.png,31,31,1063,34.29,387,12.48,14.56,93,3,3.5,18,0.58,0.68,75,2.42,2.82,138,4.45,5.19,39,1.26,1.47,2,0.06,0.08,63,2.03,2.37,0.43,0.44,0.55,0.84,0.28,0.55,0.6,0.18,0.22,0.16,0.02,0.08,0.35,0.84,0.79,0.8,0.63,0.53,0.32,0.17,0.96,0.76,0.82,0.69,0.21,0.53,0.5,0.17,1.18,0.17,0.04,0.13,0.34,0.78,0.41,0.24,0.56,0.48,0.49,0.6,0.53,0.6,0.65,0.58,0.44,0.49,0.5,0.53
2026,5239057,Chloe Spreen,Indiana,G,Guard,https://a.espncdn.com/i/headshots/womens-college-basketball/players/full/5239057.png,11,0,47,4.27,8,0.73,6.81,7,0.64,5.96,0,0,0,7,0.64,5.96,3,0.27,2.55,0,0,0,0,0,0,1,0.09,0.85,0.17,0,0.17,0.43,2.33,0.17,0.33,0.15,0.1,0.08,0,0.18,0.14,0.01,0,0.15,0,0.02,0,0.9,0,0.01,0.11,1,0.21,0.53,0.5,0.17,1.18,0.17,0.04,0.13,0.34,0.78,0.41,0.24,0.56,0.48,0.49,0.6,0.53,0.6,0.65,0.58,0.44,0.49,0.5,0.53
2026,5239064,Kiki Smith,Purdue,G,Guard,https://a.espncdn.com/i/headshots/womens-college-basketball/players/full/5239064.png,30,21,793,26.43,322,10.73,16.24,68,2.27,3.43,12,0.4,0.61,56,1.87,2.82,65,2.17,3.28,36,1.2,1.82,5,0.17,0.25,51,1.7,2.57,0.4,0.34,0.51,0.83,0.21,0.49,0.52,0.22,0.16,0.14,0.02,0.1,0.67,0.45,0.43,0.58,0.55,0.33,0.25,0.3,0.43,0.71,0.7,0.45,0.21,0.53,0.5,0.17,1.18,0.17,0.04,0.13,0.34,0.78,0.41,0.24,0.56,0.48,0.49,0.6,0.53,0.6,0.65,0.58,0.44,0.49,0.5,0.53
2026,5239065,Phoenix Stotijn,Indiana,G,Guard,https://a.espncdn.com/i/headshots/womens-college-basketball/players/full/5239065.png,24,0,344,14.33,51,2.12,5.93,17,0.71,1.98,0,0,0,17,0.71,1.98,24,1,2.79,2,0.08,0.23,4,0.17,0.47,31,1.29,3.6,0.26,0.13,0.53,0.62,0.18,0.29,0.32,0.17,0.12,0.28,0,0.06,0.26,0.01,0.01,0.29,0.01,0.97,0,0.03,0.01,0.05,0.75,0.36,0.21,0.53,0.5,0.17,1.18,0.17,0.04,0.13,0.34,0.78,0.41,0.24,0.56,0.48,0.49,0.6,0.53,0.6,0.65,0.58,0.44,0.49,0.5,0.53
2026,5239069,Kylee Kitts,Ohio State,G,Guard,https://a.espncdn.com/i/headshots/womens-college-basketball/players/full/5239069.png,30,19,591,19.7,221,7.37,14.96,169,5.63,11.44,72,2.4,4.87,97,3.23,6.57,28,0.93,1.9,19,0.63,1.29,21,0.7,1.42,50,1.67,3.38,0.43,0.33,0.21,0.8,0.32,0.47,0.52,0.2,0.08,0.19,0.14,0.2,0.5,0.42,0.31,0.07,0.21,0.75,0.98,0.93,0.38,0.52,0.18,0.84,0.21,0.53,0.5,0.17,1.18,0.17,0.04,0.13,0.34,0.78,0.41,0.24,0.56,0.48,0.49,0.6,0.53,0.6,0.65,0.58,0.44,0.49,0.5,0.53
2026,5239441,Lauryn Swann,Rutgers,G,Guard,https://a.espncdn.com/i/headshots/womens-college-basketball/players/full/5239441.png,16,4,327,20.44,123,7.69,15.05,38,2.38,4.65,0,0,0,38,2.38,4.65,21,1.31,2.57,19,1.19,2.32,2,0.12,0.24,27,1.69,3.3,0.28,0.25,0.45,0.71,0.13,0.34,0.36,0.31,0.17,0.14,0,0.14,0.93,0.02,0.02,0.62,0.54,0.25,0.01,0.68,0.07,0.18,0.54,0.17,0.21,0.53,0.5,0.17,1.18,0.17,0.04,0.13,0.34,0.78,0.41,0.24,0.56,0.48,0.49,0.6,0.53,0.6,0.65,0.58,0.44,0.49,0.5,0.53
2026,5239475,Emely Rodriguez,Iowa,G,Guard,https://a.espncdn.com/i/headshots/womens-college-basketball/players/full/5239475.png,6,0,85,14.17,43,7.17,20.24,12,2,5.65,3,0.5,1.41,9,1.5,4.24,10,1.67,4.71,4,0.67,1.88,1,0.17,0.47,13,2.17,6.12,0.42,0.14,0.17,0.8,0.25,0.44,0.48,0.33,0.23,0.23,0.05,0.13,0.98,0.2,0.17,0.83,0.21,0.89,0.66,0.58,0.02,0.52,0.12,0.57,0.21,0.53,0.5,0.17,1.18,0.17,0.04,0.13,0.34,0.78,0.41,0.24,0.56,0.48,0.49,0.6,0.53,0.6,0.65,0.58,0.44,0.49,0.5,0.53
2026,5239661,Vivian Iwuchukwu,USC,F,Forward,https://a.espncdn.com/i/headshots/womens-college-basketball/players/full/5239661.png,31,11,316,10.19,82,2.65,10.38,67,2.16,8.48,27,0.87,3.42,40,1.29,5.06,10,0.32,1.27,13,0.42,1.65,1,0.03,0.13,21,0.68,2.66,0.49,NA,0,0.56,0.57,0.49,0.52,0.15,0.06,0.21,0.1,0.16,0.14,0.22,0.22,0.17,0.32,0.79,0.41,0.25,NA,0.2,0.08,0.96,0.22,0.55,0.52,0.09,0.75,0.17,0.11,0.19,0.33,0.68,0.17,0.34,0.43,0.38,0.42,0.47,0.63,0.52,0.5,0.54,0.37,0.48,0.57,0.58
2026,5239662,Rian Forestier,USC,G,Guard,https://a.espncdn.com/i/headshots/womens-college-basketball/players/full/5239662.png,13,0,72,5.54,23,1.77,12.78,8,0.62,4.44,2,0.15,1.11,6,0.46,3.33,6,0.46,3.33,1,0.08,0.56,0,0,0,5,0.38,2.78,0.31,0.26,0.88,0.5,0.08,0.42,0.43,0.21,0.16,0.16,0.03,0.1,0.56,0.05,0.12,0.55,0,0.49,0.44,0.37,0.08,0.02,0.98,0.04,0.21,0.53,0.5,0.17,1.18,0.17,0.04,0.13,0.34,0.78,0.41,0.24,0.56,0.48,0.49,0.6,0.53,0.6,0.65,0.58,0.44,0.49,0.5,0.53
2026,5239663,Laura Williams,USC,F,Forward,https://a.espncdn.com/i/headshots/womens-college-basketball/players/full/5239663.png,31,11,457,14.74,91,2.94,7.96,148,4.77,12.95,65,2.1,5.69,83,2.68,7.26,16,0.52,1.4,10,0.32,0.88,38,1.23,3.33,19,0.61,1.66,0.42,0,0.01,0.5,0.45,0.42,0.45,0.13,0.06,0.16,0.17,0.22,0.06,0.05,0.05,0.23,0.16,0.41,0.91,0.76,0.01,0.08,0.34,0.81,0.22,0.55,0.52,0.09,0.75,0.17,0.11,0.19,0.33,0.68,0.17,0.34,0.43,0.38,0.42,0.47,0.63,0.52,0.5,0.54,0.37,0.48,0.57,0.58
2026,5239665,Kennedy Smith,USC,G,Guard,https://a.espncdn.com/i/headshots/womens-college-basketball/players/full/5239665.png,29,29,944,32.55,333,11.48,14.11,125,4.31,5.3,26,0.9,1.1,99,3.41,4.19,104,3.59,4.41,54,1.86,2.29,31,1.07,1.31,66,2.28,2.8,0.4,0.23,0.35,0.68,0.19,0.44,0.47,0.22,0.22,0.16,0.03,0.13,0.59,0.15,0.21,0.83,0.89,0.49,0.43,0.6,0.04,0.14,0.37,0.42,0.21,0.53,0.5,0.17,1.18,0.17,0.04,0.13,0.34,0.78,0.41,0.24,0.56,0.48,0.49,0.6,0.53,0.6,0.65,0.58,0.44,0.49,0.5,0.53
2026,5239666,Avery Howell,Washington,G,Guard,https://a.espncdn.com/i/headshots/womens-college-basketball/players/full/5239666.png,33,33,1132,34.3,468,14.18,16.54,273,8.27,9.65,46,1.39,1.63,227,6.88,8.02,47,1.42,1.66,45,1.36,1.59,13,0.39,0.46,43,1.3,1.52,0.51,0.43,0.62,0.76,0.25,0.64,0.66,0.18,0.08,0.11,0.05,0.25,0.32,0.99,0.99,0.09,0.69,0.1,0.72,0.98,0.93,0.43,0.88,0.59,0.21,0.53,0.5,0.17,1.18,0.17,0.04,0.13,0.34,0.78,0.41,0.24,0.56,0.48,0.49,0.6,0.53,0.6,0.65,0.58,0.44,0.49,0.5,0.53
2026,5239667,Brooklyn Shamblin,USC,G,Guard,https://a.espncdn.com/i/headshots/womens-college-basketball/players/full/5239667.png,13,0,41,3.15,3,0.23,2.93,7,0.54,6.83,0,0,0,7,0.54,6.83,5,0.38,4.88,1,0.08,0.98,0,0,0,3,0.23,2.93,0.33,0.5,0.67,NA,0,0.5,0.5,0.07,0.2,0.5,0,0.21,0,0.29,0.55,0.75,0,1,0.01,0.94,1,NA,0.91,0,0.21,0.53,0.5,0.17,1.18,0.17,0.04,0.13,0.34,0.78,0.41,0.24,0.56,0.48,0.49,0.6,0.53,0.6,0.65,0.58,0.44,0.49,0.5,0.53
2026,5239679,Ava Watson,Ohio State,G,Guard,https://a.espncdn.com/i/headshots/womens-college-basketball/players/full/5239679.png,35,16,921,26.31,252,7.2,10.94,78,2.23,3.39,26,0.74,1.13,52,1.49,2.26,82,2.34,3.56,69,1.97,3,5,0.14,0.22,56,1.6,2.43,0.4,0.36,0.55,0.9,0.19,0.5,0.54,0.15,0.14,0.19,0.03,0.07,0.13,0.5,0.56,0.36,0.93,0.77,0.45,0.08,0.62,0.91,0.78,0.39,0.21,0.53,0.5,0.17,1.18,0.17,0.04,0.13,0.34,0.78,0.41,0.24,0.56,0.48,0.49,0.6,0.53,0.6,0.65,0.58,0.44,0.49,0.5,0.53
2026,5239680,Elsa Lemmilä,Ohio State,C,Center,https://a.espncdn.com/i/headshots/womens-college-basketball/players/full/5239680.png,34,26,897,26.38,309,9.09,13.78,255,7.5,11.37,78,2.29,3.48,177,5.21,7.89,74,2.18,3.3,33,0.97,1.47,77,2.26,3.43,69,2.03,3.08,0.56,0.15,0.06,0.62,0.31,0.56,0.58,0.17,0.14,0.2,0.1,0.24,0.22,0.39,0.43,0.66,0.63,0.72,0.45,0.86,0.27,0.4,0.93,0.79,0.25,0.6,0.58,0.13,0.73,0.17,0.13,0.21,0.19,0.66,0.03,0.29,0.54,0.71,0.72,0.53,0.53,0.65,0.53,0.49,0.33,0.56,0.79,0.71
2026,5239681,Ella Hobbs,Ohio State,F,Forward,https://a.espncdn.com/i/headshots/womens-college-basketball/players/full/5239681.png,28,0,198,7.07,58,2.07,11.72,59,2.11,11.92,17,0.61,3.43,42,1.5,8.48,12,0.43,2.42,4,0.14,0.81,3,0.11,0.61,8,0.29,1.62,0.45,0.44,0.31,0.83,0.12,0.52,0.54,0.14,0.1,0.13,0.1,0.26,0.09,0.35,0.41,0.51,0.04,0.24,0.39,0.91,0.99,0.93,0.82,0.01,0.22,0.55,0.52,0.09,0.75,0.17,0.11,0.19,0.33,0.68,0.17,0.34,0.43,0.38,0.42,0.47,0.63,0.52,0.5,0.54,0.37,0.48,0.57,0.58
2026,5239682,Seini Henry,Ohio State,F,Forward,https://a.espncdn.com/i/headshots/womens-college-basketball/players/full/5239682.png,17,0,109,6.41,35,2.06,12.84,38,2.24,13.94,13,0.76,4.77,25,1.47,9.17,4,0.24,1.47,4,0.24,1.47,3,0.18,1.1,10,0.59,3.67,0.38,0.09,0.34,0.62,0.5,0.39,0.45,0.21,0.06,0.2,0.14,0.28,0.28,0.05,0.03,0.14,0.08,0.76,0.81,0.97,0.03,0.34,0.9,0.91,0.22,0.55,0.52,0.09,0.75,0.17,0.11,0.19,0.33,0.68,0.17,0.34,0.43,0.38,0.42,0.47,0.63,0.52,0.5,0.54,0.37,0.48,0.57,0.58
2026,5239683,Jaloni Cambridge,Ohio State,G,Guard,https://a.espncdn.com/i/headshots/womens-college-basketball/players/full/5239683.png,35,35,1135,32.43,813,23.23,28.65,196,5.6,6.91,40,1.14,1.41,156,4.46,5.5,155,4.43,5.46,66,1.89,2.33,15,0.43,0.53,106,3.03,3.74,0.49,0.36,0.22,0.82,0.3,0.53,0.58,0.33,0.28,0.13,0.04,0.17,0.97,0.75,0.72,0.92,0.9,0.21,0.6,0.88,0.63,0.69,0.2,0.77,0.21,0.53,0.5,0.17,1.18,0.17,0.04,0.13,0.34,0.78,0.41,0.24,0.56,0.48,0.49,0.6,0.53,0.6,0.65,0.58,0.44,0.49,0.5,0.53
2026,5239701,Avary Cain,Oregon,G,Guard,https://a.espncdn.com/i/headshots/womens-college-basketball/players/full/5239701.png,36,0,517,14.36,135,3.75,10.44,38,1.06,2.94,5,0.14,0.39,33,0.92,2.55,22,0.61,1.7,15,0.42,1.16,10,0.28,0.77,27,0.75,2.09,0.35,0.35,0.69,0.75,0.09,0.47,0.49,0.16,0.07,0.16,0.01,0.08,0.16,0.25,0.37,0.06,0.08,0.57,0.13,0.13,0.5,0.37,0.93,0.1,0.21,0.53,0.5,0.17,1.18,0.17,0.04,0.13,0.34,0.78,0.41,0.24,0.56,0.48,0.49,0.6,0.53,0.6,0.65,0.58,0.44,0.49,0.5,0.53
2026,5239703,Zania Socka-Nguemen,Indiana,F,Forward,https://a.espncdn.com/i/headshots/womens-college-basketball/players/full/5239703.png,12,11,311,25.92,141,11.75,18.14,104,8.67,13.38,33,2.75,4.24,71,5.92,9.13,14,1.17,1.8,5,0.42,0.64,3,0.25,0.39,36,3,4.63,0.61,NA,0,0.7,0.31,0.61,0.63,0.25,0.1,0.24,0.16,0.27,0.66,0.98,0.99,0.56,0.3,0.89,0.88,0.96,NA,0.52,0.09,0.48,0.22,0.55,0.52,0.09,0.75,0.17,0.11,0.19,0.33,0.68,0.17,0.34,0.43,0.38,0.42,0.47,0.63,0.52,0.5,0.54,0.37,0.48,0.57,0.58
2026,5239705,Kendall Dudley,Michigan,G,Guard,https://a.espncdn.com/i/headshots/womens-college-basketball/players/full/5239705.png,34,2,641,18.85,197,5.79,12.29,132,3.88,8.24,56,1.65,3.49,76,2.24,4.74,34,1,2.12,41,1.21,2.56,10,0.29,0.62,43,1.26,2.68,0.54,0.25,0.02,0.37,0.3,0.55,0.53,0.16,0.08,0.19,0.1,0.15,0.18,0.47,0.74,0.11,0.57,0.74,0.94,0.74,0.07,0.01,0.02,0.73,0.21,0.53,0.5,0.17,1.18,0.17,0.04,0.13,0.34,0.78,0.41,0.24,0.56,0.48,0.49,0.6,0.53,0.6,0.65,0.58,0.44,0.49,0.5,0.53
2026,5240010,Devin Coppinger,Washington,G,Guard,https://a.espncdn.com/i/headshots/womens-college-basketball/players/full/5240010.png,33,0,595,18.03,126,3.82,8.47,71,2.15,4.77,44,1.33,2.96,27,0.82,1.82,20,0.61,1.34,19,0.58,1.28,4,0.12,0.27,29,0.88,1.95,0.42,0.27,0.44,0.66,0.26,0.48,0.51,0.13,0.06,0.19,0.1,0.06,0.06,0.34,0.39,0.03,0.16,0.74,0.93,0.03,0.09,0.1,0.52,0.61,0.21,0.53,0.5,0.17,1.18,0.17,0.04,0.13,0.34,0.78,0.41,0.24,0.56,0.48,0.49,0.6,0.53,0.6,0.65,0.58,0.44,0.49,0.5,0.53
2026,5240011,Alie Bisballe,Wisconsin,F,Forward,https://a.espncdn.com/i/headshots/womens-college-basketball/players/full/5240011.png,17,0,59,3.47,18,1.06,12.2,14,0.82,9.49,2,0.12,1.36,12,0.71,8.14,3,0.18,2.03,1,0.06,0.68,3,0.18,2.03,5,0.29,3.39,0.44,0.2,0.31,0.5,0.38,0.47,0.48,0.2,0.1,0.21,0.04,0.27,0.25,0.07,0.14,0.56,0.01,0.79,0.03,0.95,0.07,0.08,0.82,0.64,0.22,0.55,0.52,0.09,0.75,0.17,0.11,0.19,0.33,0.68,0.17,0.34,0.43,0.38,0.42,0.47,0.63,0.52,0.5,0.54,0.37,0.48,0.57,0.58
2026,5240012,Alba Martin Mesa,Wisconsin,G,Guard,https://a.espncdn.com/i/headshots/womens-college-basketball/players/full/5240012.png,10,0,18,1.8,0,0,0,1,0.1,2.22,0,0,0,1,0.1,2.22,0,0,0,0,0,0,1,0.1,2.22,1,0.1,2.22,NA,NA,NA,NA,NA,NA,NA,0.03,0,1,0,0.07,0,NA,NA,0,0,1,0.01,0.09,NA,NA,NA,NA,0.21,0.53,0.5,0.17,1.18,0.17,0.04,0.13,0.34,0.78,0.41,0.24,0.56,0.48,0.49,0.6,0.53,0.6,0.65,0.58,0.44,0.49,0.5,0.53
2026,5240013,Jovana Spasovski,Wisconsin,G,Guard,https://a.espncdn.com/i/headshots/womens-college-basketball/players/full/5240013.png,30,0,236,7.87,63,2.1,10.68,32,1.07,5.42,19,0.63,3.22,13,0.43,2.2,8,0.27,1.36,4,0.13,0.68,1,0.03,0.17,17,0.57,2.88,0.41,0.05,0.34,0.78,0.31,0.42,0.48,0.18,0.07,0.21,0.1,0.07,0.32,0.17,0.12,0.04,0.01,0.81,0.93,0.09,0,0.47,0.36,0.82,0.21,0.53,0.5,0.17,1.18,0.17,0.04,0.13,0.34,0.78,0.41,0.24,0.56,0.48,0.49,0.6,0.53,0.6,0.65,0.58,0.44,0.49,0.5,0.53
2026,5240014,Reese Jaramillo,Wisconsin,G,Guard,https://a.espncdn.com/i/headshots/womens-college-basketball/players/full/5240014.png,6,0,7,1.17,2,0.33,11.43,0,0,0,0,0,0,0,0,0,0,0,0,0,0,0,0,0,0,0,0,0,0.5,0,0.5,NA,0,0.5,0.5,0.14,0,0,0,0,0.11,0.29,0.56,0,0,0,0.01,0,0,NA,0.66,0,0.21,0.53,0.5,0.17,1.18,0.17,0.04,0.13,0.34,0.78,0.41,0.24,0.56,0.48,0.49,0.6,0.53,0.6,0.65,0.58,0.44,0.49,0.5,0.53
2026,5240036,Zachara Perkins,Rutgers,F,Forward,https://a.espncdn.com/i/headshots/womens-college-basketball/players/full/5240036.png,25,25,809,32.36,284,11.36,14.04,120,4.8,5.93,45,1.8,2.22,75,3,3.71,38,1.52,1.88,30,1.2,1.48,18,0.72,0.89,63,2.52,3.11,0.41,0.37,0.23,0.68,0.36,0.45,0.49,0.22,0.12,0.18,0.07,0.12,0.34,0.1,0.1,0.82,0.8,0.57,0.2,0.1,0.63,0.5,0.68,0.63,0.22,0.55,0.52,0.09,0.75,0.17,0.11,0.19,0.33,0.68,0.17,0.34,0.43,0.38,0.42,0.47,0.63,0.52,0.5,0.54,0.37,0.48,0.57,0.58
2026,5240037,Kiyomi McMiller,Penn State,G,Guard,https://a.espncdn.com/i/headshots/womens-college-basketball/players/full/5240037.png,29,26,960,33.1,627,21.62,26.12,144,4.97,6,16,0.55,0.67,128,4.41,5.33,130,4.48,5.42,53,1.83,2.21,8,0.28,0.33,127,4.38,5.29,0.45,0.35,0.2,0.72,0.17,0.49,0.51,0.36,0.3,0.17,0.02,0.16,1,0.34,0.45,0.98,0.86,0.62,0.27,0.8,0.58,0.2,0.17,0.3,0.21,0.53,0.5,0.17,1.18,0.17,0.04,0.13,0.34,0.78,0.41,0.24,0.56,0.48,0.49,0.6,0.53,0.6,0.65,0.58,0.44,0.49,0.5,0.53
2026,5240040,Kendall Puryear,Purdue,F,Forward,https://a.espncdn.com/i/headshots/womens-college-basketball/players/full/5240040.png,30,14,480,16,198,6.6,16.5,97,3.23,8.08,53,1.77,4.42,44,1.47,3.67,13,0.43,1.08,12,0.4,1,9,0.3,0.75,39,1.3,3.25,0.54,NA,0,0.58,0.41,0.54,0.56,0.22,0.06,0.18,0.14,0.12,0.42,0.47,0.7,0.16,0.27,0.6,0.84,0.12,NA,0.25,0.11,0.75,0.22,0.55,0.52,0.09,0.75,0.17,0.11,0.19,0.33,0.68,0.17,0.34,0.43,0.38,0.42,0.47,0.63,0.52,0.5,0.54,0.37,0.48,0.57,0.58
2026,5240041,Lana McCarthy,Purdue,F,Forward,https://a.espncdn.com/i/headshots/womens-college-basketball/players/full/5240041.png,27,14,464,17.19,210,7.78,18.1,127,4.7,10.95,51,1.89,4.4,76,2.81,6.55,27,1,2.33,20,0.74,1.72,15,0.56,1.29,64,2.37,5.52,0.58,0,0.02,0.6,0.27,0.58,0.59,0.26,0.13,0.26,0.14,0.22,0.77,0.81,0.91,0.86,0.62,0.95,0.83,0.74,0.01,0.29,0.36,0.36,0.22,0.55,0.52,0.09,0.75,0.17,0.11,0.19,0.33,0.68,0.17,0.34,0.43,0.38,0.42,0.47,0.63,0.52,0.5,0.54,0.37,0.48,0.57,0.58
2026,5240167,Irene Noya Catoira,Illinois,F,Forward,https://a.espncdn.com/i/headshots/womens-college-basketball/players/full/5240167.png,17,0,95,5.59,21,1.24,8.84,20,1.18,8.42,10,0.59,4.21,10,0.59,4.21,5,0.29,2.11,5,0.29,2.11,3,0.18,1.26,6,0.35,2.53,0.56,0,0.19,0.5,0.38,0.56,0.56,0.13,0.09,0.24,0.14,0.14,0.05,0.53,0.83,0.41,0.13,0.88,0.78,0.17,0.02,0.08,0.58,0.64,0.22,0.55,0.52,0.09,0.75,0.17,0.11,0.19,0.33,0.68,0.17,0.34,0.43,0.38,0.42,0.47,0.63,0.52,0.5,0.54,0.37,0.48,0.57,0.58
2026,5240168,Mia Zenere,Illinois,G,Guard,https://a.espncdn.com/i/headshots/womens-college-basketball/players/full/5240168.png,7,0,22,3.14,4,0.57,7.27,2,0.29,3.64,0,0,0,2,0.29,3.64,1,0.14,1.82,0,0,0,0,0,0,2,0.29,3.64,0.29,0,0.29,NA,0,0.29,0.29,0.2,0.07,0.22,0,0.12,0.47,0,0.01,0.07,0,0.87,0.01,0.51,0,NA,0.28,0,0.21,0.53,0.5,0.17,1.18,0.17,0.04,0.13,0.34,0.78,0.41,0.24,0.56,0.48,0.49,0.6,0.53,0.6,0.65,0.58,0.44,0.49,0.5,0.53
2026,5240169,Berry Wallace,Illinois,F,Forward,https://a.espncdn.com/i/headshots/womens-college-basketball/players/full/5240169.png,34,34,1213,35.68,626,18.41,20.64,212,6.24,6.99,67,1.97,2.21,145,4.26,4.78,60,1.76,1.98,24,0.71,0.79,12,0.35,0.4,68,2,2.24,0.47,0.35,0.3,0.87,0.29,0.52,0.58,0.25,0.1,0.11,0.07,0.16,0.62,0.7,0.51,0.55,0.58,0.16,0.24,0.3,0.47,0.98,0.82,0.46,0.22,0.55,0.52,0.09,0.75,0.17,0.11,0.19,0.33,0.68,0.17,0.34,0.43,0.38,0.42,0.47,0.63,0.52,0.5,0.54,0.37,0.48,0.57,0.58
2026,5240170,Hayven Smith,Illinois,C,Center,https://a.espncdn.com/i/headshots/womens-college-basketball/players/full/5240170.png,18,0,67,3.72,2,0.11,1.19,9,0.5,5.37,2,0.11,1.19,7,0.39,4.18,0,0,0,0,0,0,1,0.06,0.6,1,0.06,0.6,0,NA,0,1,0.4,0,0.17,0.05,0,0.15,0.04,0.14,0,0,0,0.01,0.01,0.48,0.01,0.09,NA,1,0.29,0.96,0.25,0.6,0.58,0.13,0.73,0.17,0.13,0.21,0.19,0.66,0.03,0.29,0.54,0.71,0.72,0.53,0.53,0.65,0.53,0.49,0.33,0.56,0.79,0.71
2026,5240171,Valentyna Kadlecova,Indiana,G,Guard,https://a.espncdn.com/i/headshots/womens-college-basketball/players/full/5240171.png,11,10,240,21.82,59,5.36,9.83,21,1.91,3.5,6,0.55,1,15,1.36,2.5,5,0.45,0.83,6,0.55,1,3,0.27,0.5,6,0.55,1,0.36,0.33,0.64,0.88,0.14,0.46,0.5,0.14,0.04,0.09,0.04,0.07,0.11,0.26,0.28,0.01,0.15,0.03,0.48,0.09,0.38,0.86,0.88,0.21,0.21,0.53,0.5,0.17,1.18,0.17,0.04,0.13,0.34,0.78,0.41,0.24,0.56,0.48,0.49,0.6,0.53,0.6,0.65,0.58,0.44,0.49,0.5,0.53
2026,5240173,Faith Wiseman,Indiana,F,Forward,https://a.espncdn.com/i/headshots/womens-college-basketball/players/full/5240173.png,15,0,90,6,6,0.4,2.67,16,1.07,7.11,5,0.33,2.22,11,0.73,4.89,3,0.2,1.33,1,0.07,0.44,3,0.2,1.33,5,0.33,2.22,0.22,NA,0,0.5,0.44,0.22,0.28,0.09,0.05,0.32,0.08,0.14,0.01,0.01,0,0.14,0.01,0.97,0.3,0.22,NA,0.08,0.11,0.8,0.22,0.55,0.52,0.09,0.75,0.17,0.11,0.19,0.33,0.68,0.17,0.34,0.43,0.38,0.42,0.47,0.63,0.52,0.5,0.54,0.37,0.48,0.57,0.58
2026,5240174,Taylor Stremlow,Iowa,G,Guard,https://a.espncdn.com/i/headshots/womens-college-basketball/players/full/5240174.png,34,18,835,24.56,270,7.94,12.93,97,2.85,4.65,36,1.06,1.72,61,1.79,2.92,146,4.29,6.99,42,1.24,2.01,11,0.32,0.53,81,2.38,3.88,0.48,0.37,0.54,0.68,0.14,0.58,0.59,0.18,0.29,0.26,0.06,0.09,0.38,0.81,0.87,0.96,0.6,0.95,0.76,0.2,0.68,0.12,0.76,0.23,0.21,0.53,0.5,0.17,1.18,0.17,0.04,0.13,0.34,0.78,0.41,0.24,0.56,0.48,0.49,0.6,0.53,0.6,0.65,0.58,0.44,0.49,0.5,0.53
2026,5240175,Ava Heiden,Iowa,C,Center,https://a.espncdn.com/i/headshots/womens-college-basketball/players/full/5240175.png,34,34,876,25.76,612,18,27.95,246,7.24,11.23,48,1.41,2.19,198,5.82,9.04,51,1.5,2.33,40,1.18,1.83,43,1.26,1.96,78,2.29,3.56,0.64,0,0,0.74,0.28,0.64,0.66,0.3,0.14,0.14,0.07,0.27,1,0.87,0.87,0.76,1,0.48,0.14,1,0.06,0.95,0.78,0.56,0.25,0.6,0.58,0.13,0.73,0.17,0.13,0.21,0.19,0.66,0.03,0.29,0.54,0.71,0.72,0.53,0.53,0.65,0.53,0.49,0.33,0.56,0.79,0.71
2026,5240176,Aaliyah Guyton,Illinois,G,Guard,https://a.espncdn.com/i/headshots/womens-college-basketball/players/full/5240176.png,30,15,620,20.67,189,6.3,12.19,59,1.97,3.81,11,0.37,0.71,48,1.6,3.1,60,2,3.87,21,0.7,1.35,0,0,0,34,1.13,2.19,0.39,0.38,0.41,0.85,0.19,0.47,0.5,0.17,0.16,0.15,0.02,0.1,0.3,0.31,0.3,0.58,0.25,0.47,0.33,0.37,0.73,0.78,0.5,0.41,0.21,0.53,0.5,0.17,1.18,0.17,0.04,0.13,0.34,0.78,0.41,0.24,0.56,0.48,0.49,0.6,0.53,0.6,0.65,0.58,0.44,0.49,0.5,0.53
2026,5240177,Callie Levin,Iowa,G,Guard,https://a.espncdn.com/i/headshots/womens-college-basketball/players/full/5240177.png,19,0,115,6.05,23,1.21,8,11,0.58,3.83,2,0.11,0.7,9,0.47,3.13,10,0.53,3.48,7,0.37,2.43,0,0,0,6,0.32,2.09,0.33,0.11,0.38,0.75,0.33,0.35,0.42,0.14,0.13,0.18,0.02,0.09,0.11,0.04,0.02,0.34,0.05,0.68,0.33,0.28,0.01,0.37,0.47,0.85,0.21,0.53,0.5,0.17,1.18,0.17,0.04,0.13,0.34,0.78,0.41,0.24,0.56,0.48,0.49,0.6,0.53,0.6,0.65,0.58,0.44,0.49,0.5,0.53
2026,5240178,Teagan Mallegni,Iowa,G,Guard,https://a.espncdn.com/i/headshots/womens-college-basketball/players/full/5240178.png,15,0,84,5.6,22,1.47,10.48,19,1.27,9.05,7,0.47,3.33,12,0.8,5.71,10,0.67,4.76,3,0.2,1.43,0,0,0,7,0.47,3.33,0.24,0.15,0.61,0.5,0.18,0.29,0.31,0.25,0.19,0.16,0.11,0.17,0.77,0,0.01,0.75,0.03,0.57,0.94,0.89,0.02,0.02,0.85,0.37,0.21,0.53,0.5,0.17,1.18,0.17,0.04,0.13,0.34,0.78,0.41,0.24,0.56,0.48,0.49,0.6,0.53,0.6,0.65,0.58,0.44,0.49,0.5,0.53
2026,5240179,Ava McKennie,Maryland,G,Guard,https://a.espncdn.com/i/headshots/womens-college-basketball/players/full/5240179.png,7,0,71,10.14,26,3.71,14.65,9,1.29,5.07,5,0.71,2.82,4,0.57,2.25,1,0.14,0.56,2,0.29,1.13,1,0.14,0.56,5,0.71,2.82,0.67,0.67,0.25,0.73,0.92,0.75,0.77,0.14,0.02,0.23,0.09,0.07,0.09,1,1,0,0.04,0.9,0.91,0.09,1,0.23,0.26,1,0.21,0.53,0.5,0.17,1.18,0.17,0.04,0.13,0.34,0.78,0.41,0.24,0.56,0.48,0.49,0.6,0.53,0.6,0.65,0.58,0.44,0.49,0.5,0.53
2026,5240180,Kyndal Walker,Maryland,G,Guard,https://a.espncdn.com/i/headshots/womens-college-basketball/players/full/5240180.png,32,4,718,22.44,218,6.81,12.14,84,2.62,4.68,31,0.97,1.73,53,1.66,2.95,70,2.19,3.9,35,1.09,1.95,2,0.06,0.11,41,1.28,2.28,0.37,0.12,0.14,0.81,0.53,0.38,0.48,0.17,0.15,0.15,0.05,0.09,0.27,0.17,0.06,0.52,0.47,0.45,0.7,0.27,0.01,0.55,0.06,0.99,0.21,0.53,0.5,0.17,1.18,0.17,0.04,0.13,0.34,0.78,0.41,0.24,0.56,0.48,0.49,0.6,0.53,0.6,0.65,0.58,0.44,0.49,0.5,0.53
2026,5240181,Isimenme Ozzy-Momodu,Maryland,F,Forward,https://a.espncdn.com/i/headshots/womens-college-basketball/players/full/5240181.png,31,21,568,18.32,247,7.97,17.39,197,6.35,13.87,85,2.74,5.99,112,3.61,7.89,23,0.74,1.62,24,0.77,1.69,32,1.03,2.25,56,1.81,3.94,0.57,NA,0,0.54,0.28,0.57,0.58,0.22,0.07,0.21,0.19,0.25,0.31,0.72,0.89,0.31,0.65,0.78,0.96,0.87,NA,0.13,0.14,0.4,0.22,0.55,0.52,0.09,0.75,0.17,0.11,0.19,0.33,0.68,0.17,0.34,0.43,0.38,0.42,0.47,0.63,0.52,0.5,0.54,0.37,0.48,0.57,0.58
2026,5240182,Breanna Williams,Maryland,F,Forward,https://a.espncdn.com/i/headshots/womens-college-basketball/players/full/5240182.png,24,0,246,10.25,113,4.71,18.37,68,2.83,11.06,26,1.08,4.23,42,1.75,6.83,10,0.42,1.63,8,0.33,1.3,5,0.21,0.81,21,0.88,3.41,0.49,0.27,0.21,0.72,0.75,0.51,0.59,0.22,0.07,0.18,0.13,0.21,0.29,0.82,0.37,0.29,0.18,0.58,0.76,0.69,0.13,0.62,0.65,0.99,0.22,0.55,0.52,0.09,0.75,0.17,0.11,0.19,0.33,0.68,0.17,0.34,0.43,0.38,0.42,0.47,0.63,0.52,0.5,0.54,0.37,0.48,0.57,0.58
2026,5240183,Olivia Olson,Michigan,G,Guard,https://a.espncdn.com/i/headshots/womens-college-basketball/players/full/5240183.png,35,35,1090,31.14,663,18.94,24.33,212,6.06,7.78,57,1.63,2.09,155,4.43,5.69,86,2.46,3.16,63,1.8,2.31,16,0.46,0.59,69,1.97,2.53,0.47,0.3,0.24,0.81,0.31,0.5,0.55,0.28,0.15,0.1,0.06,0.18,0.86,0.65,0.6,0.46,0.85,0.06,0.82,0.92,0.26,0.57,0.26,0.81,0.21,0.53,0.5,0.17,1.18,0.17,0.04,0.13,0.34,0.78,0.41,0.24,0.56,0.48,0.49,0.6,0.53,0.6,0.65,0.58,0.44,0.49,0.5,0.53
2026,5240184,Mila Holloway,Michigan,G,Guard,https://a.espncdn.com/i/headshots/womens-college-basketball/players/full/5240184.png,35,35,1007,28.77,432,12.34,17.16,142,4.06,5.64,13,0.37,0.52,129,3.69,5.12,167,4.77,6.63,54,1.54,2.14,7,0.2,0.28,98,2.8,3.89,0.43,0.34,0.36,0.78,0.28,0.49,0.54,0.22,0.27,0.2,0.02,0.17,0.69,0.49,0.49,0.88,0.73,0.79,0.18,0.86,0.44,0.49,0.43,0.67,0.21,0.53,0.5,0.17,1.18,0.17,0.04,0.13,0.34,0.78,0.41,0.24,0.56,0.48,0.49,0.6,0.53,0.6,0.65,0.58,0.44,0.49,0.5,0.53
2026,5240185,Syla Swords,Michigan,G,Guard,https://a.espncdn.com/i/headshots/womens-college-basketball/players/full/5240185.png,34,34,1152,33.88,497,14.62,17.26,144,4.24,5,38,1.12,1.32,106,3.12,3.68,82,2.41,2.85,54,1.59,1.88,7,0.21,0.24,67,1.97,2.33,0.41,0.34,0.55,0.77,0.14,0.5,0.52,0.21,0.12,0.12,0.04,0.12,0.58,0.41,0.52,0.25,0.78,0.14,0.53,0.49,0.41,0.45,0.8,0.21,0.21,0.53,0.5,0.17,1.18,0.17,0.04,0.13,0.34,0.78,0.41,0.24,0.56,0.48,0.49,0.6,0.53,0.6,0.65,0.58,0.44,0.49,0.5,0.53
2026,5240186,Te'Yala Delfosse,Michigan,G,Guard,https://a.espncdn.com/i/headshots/womens-college-basketball/players/full/5240186.png,35,1,674,19.26,306,8.74,18.16,163,4.66,9.67,72,2.06,4.27,91,2.6,5.4,33,0.94,1.96,21,0.6,1.25,17,0.49,1.01,42,1.2,2.49,0.5,0.33,0.31,0.73,0.4,0.56,0.6,0.2,0.08,0.14,0.13,0.17,0.48,0.85,0.82,0.09,0.19,0.3,0.96,0.9,0.37,0.24,0.32,0.91,0.21,0.53,0.5,0.17,1.18,0.17,0.04,0.13,0.34,0.78,0.41,0.24,0.56,0.48,0.49,0.6,0.53,0.6,0.65,0.58,0.44,0.49,0.5,0.53
2026,5240187,Aaiyanna Dunbar,Michigan,F,Forward,https://a.espncdn.com/i/headshots/womens-college-basketball/players/full/5240187.png,6,0,10,1.67,0,0,0,1,0.17,4,0,0,0,1,0.17,4,0,0,0,1,0.17,4,0,0,0,0,0,0,0,NA,0,NA,0,0,0,0.09,0,0,0,0.13,0.01,0,0,0,0.04,0,0,0.15,NA,NA,0.14,0,0.22,0.55,0.52,0.09,0.75,0.17,0.11,0.19,0.33,0.68,0.17,0.34,0.43,0.38,0.42,0.47,0.63,0.52,0.5,0.54,0.37,0.48,0.57,0.58
2026,5240188,Yulia Grabovskaia,Washington,C,Center,https://a.espncdn.com/i/headshots/womens-college-basketball/players/full/5240188.png,33,23,480,14.55,143,4.33,11.92,152,4.61,12.67,73,2.21,6.08,79,2.39,6.58,46,1.39,3.83,19,0.58,1.58,13,0.39,1.08,46,1.39,3.83,0.47,NA,0,0.68,0.21,0.47,0.49,0.2,0.18,0.24,0.2,0.2,0.28,0.06,0.06,0.84,0.49,0.94,1,0.39,NA,0.56,0.35,0.06,0.25,0.6,0.58,0.13,0.73,0.17,0.13,0.21,0.19,0.66,0.03,0.29,0.54,0.71,0.72,0.53,0.53,0.65,0.53,0.49,0.33,0.56,0.79,0.71
2026,5240191,Inés Sotelo,Michigan St,C,Center,https://a.espncdn.com/i/headshots/womens-college-basketball/players/full/5240191.png,23,20,552,24,156,6.78,11.3,92,4,6.67,38,1.65,2.75,54,2.35,3.91,35,1.52,2.54,27,1.17,1.96,13,0.57,0.94,44,1.91,3.19,0.45,0.21,0.24,0.59,0.22,0.48,0.49,0.17,0.1,0.22,0.09,0.13,0.11,0.12,0.12,0.35,0.87,0.83,0.23,0.08,0.82,0.12,1,0.12,0.25,0.6,0.58,0.13,0.73,0.17,0.13,0.21,0.19,0.66,0.03,0.29,0.54,0.71,0.72,0.53,0.53,0.65,0.53,0.49,0.33,0.56,0.79,0.71
2026,5240192,Juliann Woodard,Michigan St,F,Forward,https://a.espncdn.com/i/headshots/womens-college-basketball/players/full/5240192.png,26,0,232,8.92,95,3.65,16.38,59,2.27,10.17,18,0.69,3.1,41,1.58,7.07,14,0.54,2.41,10,0.38,1.72,7,0.27,1.21,13,0.5,2.24,0.37,0.38,0.75,0.9,0.27,0.51,0.57,0.2,0.1,0.13,0.1,0.24,0.25,0.56,0.37,0.5,0.26,0.25,0.35,0.79,0.67,1,0.97,0.32,0.22,0.55,0.52,0.09,0.75,0.17,0.11,0.19,0.33,0.68,0.17,0.34,0.43,0.38,0.42,0.47,0.63,0.52,0.5,0.54,0.37,0.48,0.57,0.58
2026,5240193,Tori McKinney,Minnesota,G,Guard,https://a.espncdn.com/i/headshots/womens-college-basketball/players/full/5240193.png,29,29,793,27.34,369,12.72,18.61,86,2.97,4.34,17,0.59,0.86,69,2.38,3.48,75,2.59,3.78,57,1.97,2.88,16,0.55,0.81,34,1.17,1.72,0.46,0.34,0.34,0.83,0.3,0.52,0.57,0.23,0.18,0.09,0.03,0.11,0.7,0.69,0.64,0.66,0.92,0.04,0.36,0.45,0.41,0.7,0.35,0.79,0.21,0.53,0.5,0.17,1.18,0.17,0.04,0.13,0.34,0.78,0.41,0.24,0.56,0.48,0.49,0.6,0.53,0.6,0.65,0.58,0.44,0.49,0.5,0.53
2026,5240194,Kennadi Williams,Nebraska,G,Guard,https://a.espncdn.com/i/headshots/womens-college-basketball/players/full/5240194.png,32,0,491,15.34,78,2.44,6.35,27,0.84,2.2,12,0.38,0.98,15,0.47,1.22,80,2.5,6.52,29,0.91,2.36,1,0.03,0.08,27,0.84,2.2,0.37,0.25,0.59,0.65,0.23,0.45,0.47,0.11,0.24,0.25,0.03,0.04,0.01,0.15,0.21,0.85,0.35,0.93,0.44,0.01,0.08,0.09,0.85,0.51,0.21,0.53,0.5,0.17,1.18,0.17,0.04,0.13,0.34,0.78,0.41,0.24,0.56,0.48,0.49,0.6,0.53,0.6,0.65,0.58,0.44,0.49,0.5,0.53
2026,5240195,Britt Prince,Nebraska,G,Guard,https://a.espncdn.com/i/headshots/womens-college-basketball/players/full/5240195.png,32,32,1040,32.5,572,17.88,22,131,4.09,5.04,34,1.06,1.31,97,3.03,3.73,142,4.44,5.46,47,1.47,1.81,16,0.5,0.62,90,2.81,3.46,0.54,0.46,0.23,0.91,0.29,0.59,0.64,0.25,0.26,0.17,0.04,0.12,0.78,0.93,0.91,0.86,0.71,0.59,0.65,0.56,1,0.98,0.22,0.7,0.21,0.53,0.5,0.17,1.18,0.17,0.04,0.13,0.34,0.78,0.41,0.24,0.56,0.48,0.49,0.6,0.53,0.6,0.65,0.58,0.44,0.49,0.5,0.53
2026,5240196,Amiah Hargrove,Nebraska,F,Forward,https://a.espncdn.com/i/headshots/womens-college-basketball/players/full/5240196.png,31,12,755,24.35,393,12.68,20.82,171,5.52,9.06,57,1.84,3.02,114,3.68,6.04,20,0.65,1.06,21,0.68,1.11,10,0.32,0.53,23,0.74,1.22,0.53,0.41,0.2,0.8,0.24,0.57,0.61,0.23,0.05,0.07,0.1,0.2,0.45,0.9,0.86,0.12,0.54,0.03,0.43,0.63,0.87,0.88,0.64,0.29,0.22,0.55,0.52,0.09,0.75,0.17,0.11,0.19,0.33,0.68,0.17,0.34,0.43,0.38,0.42,0.47,0.63,0.52,0.5,0.54,0.37,0.48,0.57,0.58
2026,5240197,Petra Bozan,Nebraska,F,Forward,https://a.espncdn.com/i/headshots/womens-college-basketball/players/full/5240197.png,32,19,473,14.78,212,6.62,17.93,108,3.38,9.13,41,1.28,3.47,67,2.09,5.67,16,0.5,1.35,19,0.59,1.61,14,0.44,1.18,37,1.16,3.13,0.51,0.2,0.17,0.59,0.23,0.53,0.54,0.24,0.06,0.16,0.12,0.19,0.53,0.37,0.53,0.24,0.47,0.43,0.53,0.53,0.09,0.26,0.56,0.25,0.22,0.55,0.52,0.09,0.75,0.17,0.11,0.19,0.33,0.68,0.17,0.34,0.43,0.38,0.42,0.47,0.63,0.52,0.5,0.54,0.37,0.48,0.57,0.58
2026,5240198,Xamiya Walton,Northwestern,G,Guard,https://a.espncdn.com/i/headshots/womens-college-basketball/players/full/5240198.png,29,18,841,29,205,7.07,9.75,47,1.62,2.24,6,0.21,0.29,41,1.41,1.95,53,1.83,2.52,23,0.79,1.09,2,0.07,0.1,48,1.66,2.28,0.39,0.39,0.62,0.74,0.15,0.51,0.53,0.14,0.12,0.2,0.01,0.06,0.11,0.48,0.61,0.28,0.29,0.81,0.08,0.05,0.75,0.32,0.86,0.27,0.21,0.53,0.5,0.17,1.18,0.17,0.04,0.13,0.34,0.78,0.41,0.24,0.56,0.48,0.49,0.6,0.53,0.6,0.65,0.58,0.44,0.49,0.5,0.53
2026,5240199,Claire Keswick,Northwestern,G,Guard,https://a.espncdn.com/i/headshots/womens-college-basketball/players/full/5240199.png,16,0,130,8.12,29,1.81,8.92,2,0.12,0.62,1,0.06,0.31,1,0.06,0.31,9,0.56,2.77,2,0.12,0.62,1,0.06,0.31,9,0.56,2.77,0.24,0.26,0.92,1,0.05,0.36,0.37,0.18,0.13,0.19,0.01,0.01,0.38,0.02,0.03,0.31,0.01,0.72,0.09,0,0.08,1,0.99,0.02,0.21,0.53,0.5,0.17,1.18,0.17,0.04,0.13,0.34,0.78,0.41,0.24,0.56,0.48,0.49,0.6,0.53,0.6,0.65,0.58,0.44,0.49,0.5,0.53
2026,5240200,Kat Righeimer,Northwestern,G,Guard,https://a.espncdn.com/i/headshots/womens-college-basketball/players/full/5240200.png,16,0,169,10.56,46,2.88,10.89,22,1.38,5.21,5,0.31,1.18,17,1.06,4.02,6,0.38,1.42,7,0.44,1.66,7,0.44,1.66,6,0.38,1.42,0.45,0.33,0.64,0.75,0.36,0.56,0.6,0.13,0.07,0.14,0.04,0.13,0.06,0.87,0.84,0.04,0.08,0.25,0.5,0.57,0.38,0.37,0.88,0.85,0.21,0.53,0.5,0.17,1.18,0.17,0.04,0.13,0.34,0.78,0.41,0.24,0.56,0.48,0.49,0.6,0.53,0.6,0.65,0.58,0.44,0.49,0.5,0.53
2026,5240201,Tayla Thomas,Northwestern,F,Forward,https://a.espncdn.com/i/headshots/womens-college-basketball/players/full/5240201.png,29,28,703,24.24,280,9.66,15.93,210,7.24,11.95,76,2.62,4.32,134,4.62,7.62,27,0.93,1.54,17,0.59,0.97,34,1.17,1.93,69,2.38,3.93,0.44,0.2,0.15,0.66,0.42,0.45,0.5,0.25,0.08,0.2,0.14,0.24,0.65,0.16,0.13,0.38,0.45,0.75,0.8,0.81,0.12,0.39,0.54,0.78,0.22,0.55,0.52,0.09,0.75,0.17,0.11,0.19,0.33,0.68,0.17,0.34,0.43,0.38,0.42,0.47,0.63,0.52,0.5,0.54,0.37,0.48,0.57,0.58
2026,5240202,Katie Fiso,Oregon,G,Guard,https://a.espncdn.com/i/headshots/womens-college-basketball/players/full/5240202.png,36,36,1157,32.14,558,15.5,19.29,126,3.5,4.36,11,0.31,0.38,115,3.19,3.98,222,6.17,7.68,48,1.33,1.66,10,0.28,0.35,136,3.78,4.7,0.49,0.28,0.09,0.77,0.27,0.5,0.54,0.28,0.4,0.21,0.01,0.12,0.84,0.57,0.58,0.99,0.67,0.85,0.11,0.55,0.16,0.47,0.04,0.65,0.21,0.53,0.5,0.17,1.18,0.17,0.04,0.13,0.34,0.78,0.41,0.24,0.56,0.48,0.49,0.6,0.53,0.6,0.65,0.58,0.44,0.49,0.5,0.53
2026,5240203,Ehis Etute,Oregon,F,Forward,https://a.espncdn.com/i/headshots/womens-college-basketball/players/full/5240203.png,35,20,835,23.86,437,12.49,20.93,315,9,15.09,144,4.11,6.9,171,4.89,8.19,51,1.46,2.44,47,1.34,2.25,29,0.83,1.39,77,2.2,3.69,0.52,1,0,0.71,0.54,0.52,0.58,0.27,0.13,0.17,0.22,0.26,0.9,0.76,0.45,0.85,0.9,0.51,1,0.9,1,0.6,0.26,0.96,0.22,0.55,0.52,0.09,0.75,0.17,0.11,0.19,0.33,0.68,0.17,0.34,0.43,0.38,0.42,0.47,0.63,0.52,0.5,0.54,0.37,0.48,0.57,0.58
2026,5240205,Shaelyn Steele,Penn State,G,Guard,https://a.espncdn.com/i/headshots/womens-college-basketball/players/full/5240205.png,27,8,326,12.07,49,1.81,6.01,72,2.67,8.83,27,1,3.31,45,1.67,5.52,31,1.15,3.8,30,1.11,3.68,1,0.04,0.12,31,1.15,3.8,0.26,0.1,0.34,0.75,0.32,0.27,0.35,0.14,0.14,0.3,0.11,0.16,0.12,0.01,0.01,0.41,0.48,0.97,0.94,0.83,0.01,0.38,0.34,0.83,0.21,0.53,0.5,0.17,1.18,0.17,0.04,0.13,0.34,0.78,0.41,0.24,0.56,0.48,0.49,0.6,0.53,0.6,0.65,0.58,0.44,0.49,0.5,0.53
2026,5240206,Vitoria Santana,Penn State,G,Guard,https://a.espncdn.com/i/headshots/womens-college-basketball/players/full/5240206.png,28,1,364,13,66,2.36,7.25,39,1.39,4.29,11,0.39,1.21,28,1,3.08,25,0.89,2.75,14,0.5,1.54,1,0.04,0.11,36,1.29,3.96,0.32,0.36,0.71,0.71,0.23,0.45,0.48,0.13,0.1,0.35,0.04,0.09,0.07,0.2,0.22,0.14,0.12,0.99,0.5,0.26,0.64,0.18,0.94,0.51,0.21,0.53,0.5,0.17,1.18,0.17,0.04,0.13,0.34,0.78,0.41,0.24,0.56,0.48,0.49,0.6,0.53,0.6,0.65,0.58,0.44,0.49,0.5,0.53
2026,5241566,Dayana Mendes,USC,F,Forward,https://a.espncdn.com/i/headshots/womens-college-basketball/players/full/5241566.png,32,0,443,13.84,95,2.97,8.58,91,2.84,8.22,25,0.78,2.26,66,2.06,5.96,29,0.91,2.62,10,0.31,0.9,9,0.28,0.81,34,1.06,3.07,0.37,0.33,0.54,0.61,0.2,0.46,0.48,0.14,0.12,0.26,0.07,0.18,0.1,0.07,0.14,0.78,0.14,0.93,0.14,0.48,0.37,0.3,0.91,0.04,0.22,0.55,0.52,0.09,0.75,0.17,0.11,0.19,0.33,0.68,0.17,0.34,0.43,0.38,0.42,0.47,0.63,0.52,0.5,0.54,0.37,0.48,0.57,0.58
2026,5242209,Gift Uchenna Okeke,Wisconsin,F,Forward,https://a.espncdn.com/i/headshots/womens-college-basketball/players/full/5242209.png,34,27,646,19,308,9.06,19.07,236,6.94,14.61,93,2.74,5.76,143,4.21,8.85,28,0.82,1.73,30,0.88,1.86,49,1.44,3.03,66,1.94,4.09,0.47,0.5,0.02,0.62,0.21,0.48,0.5,0.29,0.11,0.18,0.19,0.29,0.95,0.13,0.18,0.63,0.67,0.54,0.94,0.99,1,0.33,0.4,0.14,0.22,0.55,0.52,0.09,0.75,0.17,0.11,0.19,0.33,0.68,0.17,0.34,0.43,0.38,0.42,0.47,0.63,0.52,0.5,0.54,0.37,0.48,0.57,0.58
2026,5243328,Gisela Segura,Illinois,F,Forward,https://a.espncdn.com/i/headshots/womens-college-basketball/players/full/5243328.png,8,0,23,2.88,3,0.38,5.22,5,0.62,8.7,1,0.12,1.74,4,0.5,6.96,0,0,0,1,0.12,1.74,0,0,0,0,0,0,0.2,NA,0,1,0.2,0.2,0.28,0.12,0,0,0.06,0.23,0.03,0.01,0,0,0.03,0,0.09,0.77,NA,1,0.14,0.07,0.22,0.55,0.52,0.09,0.75,0.17,0.11,0.19,0.33,0.68,0.17,0.34,0.43,0.38,0.42,0.47,0.63,0.52,0.5,0.54,0.37,0.48,0.57,0.58
2026,5243531,Nya Smith,Purdue,G,Guard,https://a.espncdn.com/i/headshots/womens-college-basketball/players/full/5243531.png,30,14,718,23.93,241,8.03,13.43,98,3.27,5.46,35,1.17,1.95,63,2.1,3.51,64,2.13,3.57,27,0.9,1.5,5,0.17,0.28,50,1.67,2.79,0.35,0.27,0.49,0.86,0.17,0.42,0.46,0.22,0.17,0.16,0.06,0.12,0.6,0.11,0.11,0.63,0.34,0.51,0.81,0.51,0.13,0.8,0.65,0.33,0.21,0.53,0.5,0.17,1.18,0.17,0.04,0.13,0.34,0.78,0.41,0.24,0.56,0.48,0.49,0.6,0.53,0.6,0.65,0.58,0.44,0.49,0.5,0.53
2026,5243562,Claire Johnson,Nebraska,G,Guard,https://a.espncdn.com/i/headshots/womens-college-basketball/players/full/5243562.png,31,0,329,10.61,108,3.48,13.13,26,0.84,3.16,5,0.16,0.61,21,0.68,2.55,26,0.84,3.16,14,0.45,1.7,1,0.03,0.12,18,0.58,2.19,0.43,0.23,0.5,0.75,0.37,0.49,0.54,0.18,0.13,0.15,0.02,0.09,0.3,0.51,0.46,0.31,0.09,0.45,0.26,0.18,0.05,0.38,0.66,0.86,0.21,0.53,0.5,0.17,1.18,0.17,0.04,0.13,0.34,0.78,0.41,0.24,0.56,0.48,0.49,0.6,0.53,0.6,0.65,0.58,0.44,0.49,0.5,0.53
2026,5245515,Deja Young,Rutgers,G,Guard,https://a.espncdn.com/i/headshots/womens-college-basketball/players/full/5245515.png,23,0,128,5.57,13,0.57,4.06,8,0.35,2.5,0,0,0,8,0.35,2.5,4,0.17,1.25,6,0.26,1.88,0,0,0,7,0.3,2.19,0.45,0.33,0.55,0.33,0.27,0.55,0.53,0.08,0.07,0.36,0,0.08,0,0.46,0.74,0.04,0.03,0.99,0.01,0.12,0.38,0,0.78,0.65,0.21,0.53,0.5,0.17,1.18,0.17,0.04,0.13,0.34,0.78,0.41,0.24,0.56,0.48,0.49,0.6,0.53,0.6,0.65,0.58,0.44,0.49,0.5,0.53
2026,5311535,Destiny Jackson,Illinois,G,Guard,https://a.espncdn.com/i/headshots/womens-college-basketball/players/full/5311535.png,34,34,1065,31.32,335,9.85,12.58,145,4.26,5.45,18,0.53,0.68,127,3.74,4.77,176,5.18,6.61,54,1.59,2.03,6,0.18,0.23,88,2.59,3.31,0.41,0.28,0.15,0.82,0.52,0.43,0.53,0.19,0.28,0.22,0.02,0.16,0.4,0.46,0.16,0.91,0.79,0.86,0.3,0.77,0.17,0.63,0.09,0.98,0.21,0.53,0.5,0.17,1.18,0.17,0.04,0.13,0.34,0.78,0.41,0.24,0.56,0.48,0.49,0.6,0.53,0.6,0.65,0.58,0.44,0.49,0.5,0.53
2026,5311538,Naomi Benson,Illinois,F,Forward,https://a.espncdn.com/i/headshots/womens-college-basketball/players/full/5311538.png,21,0,78,3.71,14,0.67,7.18,22,1.05,11.28,7,0.33,3.59,15,0.71,7.69,2,0.1,1.03,0,0,0,3,0.14,1.54,7,0.33,3.59,0.7,NA,0,NA,0,0.7,0.7,0.11,0.04,0.41,0.12,0.25,0.02,1,1,0.08,0,1,0.54,0.87,NA,NA,0.14,0,0.22,0.55,0.52,0.09,0.75,0.17,0.11,0.19,0.33,0.68,0.17,0.34,0.43,0.38,0.42,0.47,0.63,0.52,0.5,0.54,0.37,0.48,0.57,0.58
2026,5311539,Cearah Parchment,Illinois,F,Forward,https://a.espncdn.com/i/headshots/womens-college-basketball/players/full/5311539.png,34,34,978,28.76,463,13.62,18.94,285,8.38,11.66,91,2.68,3.72,194,5.71,7.93,48,1.41,1.96,57,1.68,2.33,16,0.47,0.65,64,1.88,2.62,0.51,0.41,0.27,0.8,0.39,0.56,0.61,0.22,0.09,0.14,0.12,0.26,0.4,0.94,0.83,0.46,0.97,0.37,0.61,0.95,0.93,0.84,0.72,0.69,0.22,0.55,0.52,0.09,0.75,0.17,0.11,0.19,0.33,0.68,0.17,0.34,0.43,0.38,0.42,0.47,0.63,0.52,0.5,0.54,0.37,0.48,0.57,0.58
2026,5311540,Nevaeh Caffey,Indiana,G,Guard,https://a.espncdn.com/i/headshots/womens-college-basketball/players/full/5311540.png,32,32,1011,31.59,272,8.5,10.76,112,3.5,4.43,19,0.59,0.75,93,2.91,3.68,79,2.47,3.13,28,0.88,1.11,4,0.12,0.16,65,2.03,2.57,0.42,0.42,0.18,0.81,0.53,0.46,0.55,0.16,0.14,0.21,0.03,0.11,0.2,0.59,0.25,0.41,0.33,0.82,0.37,0.41,0.87,0.59,0.12,0.98,0.21,0.53,0.5,0.17,1.18,0.17,0.04,0.13,0.34,0.78,0.41,0.24,0.56,0.48,0.49,0.6,0.53,0.6,0.65,0.58,0.44,0.49,0.5,0.53
2026,5311541,Maya Makalusky,Indiana,F,Forward,https://a.espncdn.com/i/headshots/womens-college-basketball/players/full/5311541.png,32,22,859,26.84,310,9.69,14.44,94,2.94,4.38,17,0.53,0.79,77,2.41,3.59,10,0.31,0.47,14,0.44,0.65,1,0.03,0.05,32,1,1.49,0.45,0.38,0.75,0.8,0.24,0.59,0.62,0.17,0.02,0.11,0.03,0.11,0.18,0.96,0.95,0.04,0.39,0.18,0.03,0.03,0.79,0.86,1,0.31,0.22,0.55,0.52,0.09,0.75,0.17,0.11,0.19,0.33,0.68,0.17,0.34,0.43,0.38,0.42,0.47,0.63,0.52,0.5,0.54,0.37,0.48,0.57,0.58
2026,5311542,Jade Ondineme,Indiana,F,Forward,https://a.espncdn.com/i/headshots/womens-college-basketball/players/full/5311542.png,18,0,149,8.28,26,1.44,6.98,40,2.22,10.74,19,1.06,5.1,21,1.17,5.64,4,0.22,1.07,4,0.22,1.07,5,0.28,1.34,11,0.61,2.95,0.52,NA,0,0.57,0.33,0.52,0.54,0.12,0.05,0.31,0.19,0.17,0.04,0.34,0.45,0.09,0.08,0.97,0.97,0.33,NA,0.22,0.14,0.57,0.22,0.55,0.52,0.09,0.75,0.17,0.11,0.19,0.33,0.68,0.17,0.34,0.43,0.38,0.42,0.47,0.63,0.52,0.5,0.54,0.37,0.48,0.57,0.58
2026,5311543,Addie Deal,Iowa,G,Guard,https://a.espncdn.com/i/headshots/womens-college-basketball/players/full/5311543.png,34,3,528,15.53,173,5.09,13.11,42,1.24,3.18,3,0.09,0.23,39,1.15,2.95,56,1.65,4.24,12,0.35,0.91,6,0.18,0.45,59,1.74,4.47,0.39,0.3,0.44,0.68,0.15,0.46,0.48,0.22,0.18,0.25,0.01,0.09,0.65,0.18,0.26,0.71,0.05,0.92,0.07,0.22,0.21,0.12,0.52,0.25,0.21,0.53,0.5,0.17,1.18,0.17,0.04,0.13,0.34,0.78,0.41,0.24,0.56,0.48,0.49,0.6,0.53,0.6,0.65,0.58,0.44,0.49,0.5,0.53
2026,5311544,Journey Houston,Iowa,G,Guard,https://a.espncdn.com/i/headshots/womens-college-basketball/players/full/5311544.png,34,2,534,15.71,185,5.44,13.86,172,5.06,12.88,53,1.56,3.97,119,3.5,8.91,39,1.15,2.92,20,0.59,1.5,3,0.09,0.22,27,0.79,2.02,0.5,0.36,0.07,0.72,0.29,0.51,0.55,0.18,0.13,0.14,0.13,0.27,0.36,0.59,0.6,0.31,0.18,0.26,0.96,0.99,0.64,0.22,0.02,0.71,0.21,0.53,0.5,0.17,1.18,0.17,0.04,0.13,0.34,0.78,0.41,0.24,0.56,0.48,0.49,0.6,0.53,0.6,0.65,0.58,0.44,0.49,0.5,0.53
2026,5311545,Layla Hays,Iowa,C,Center,https://a.espncdn.com/i/headshots/womens-college-basketball/players/full/5311545.png,31,0,307,9.9,123,3.97,16.03,78,2.52,10.16,27,0.87,3.52,51,1.65,6.64,14,0.45,1.82,8,0.26,1.04,10,0.32,1.3,31,1,4.04,0.51,NA,0,0.48,0.48,0.51,0.51,0.24,0.08,0.21,0.12,0.2,0.5,0.17,0.17,0.13,0.23,0.77,0.5,0.31,NA,0.07,0.39,1,0.25,0.6,0.58,0.13,0.73,0.17,0.13,0.21,0.19,0.66,0.03,0.29,0.54,0.71,0.72,0.53,0.53,0.65,0.53,0.49,0.33,0.56,0.79,0.71
2026,5311549,Rainey Welson,Maryland,G,Guard,https://a.espncdn.com/i/headshots/womens-college-basketball/players/full/5311549.png,25,0,312,12.48,97,3.88,12.44,19,0.76,2.44,8,0.32,1.03,11,0.44,1.41,16,0.64,2.05,10,0.4,1.28,0,0,0,16,0.64,2.05,0.36,0.32,0.62,0.89,0.09,0.46,0.49,0.17,0.08,0.14,0.03,0.04,0.26,0.21,0.28,0.1,0.06,0.27,0.42,0.01,0.31,0.9,0.88,0.1,0.21,0.53,0.5,0.17,1.18,0.17,0.04,0.13,0.34,0.78,0.41,0.24,0.56,0.48,0.49,0.6,0.53,0.6,0.65,0.58,0.44,0.49,0.5,0.53
2026,5311550,Lea Bartelme,Maryland,G,Guard,https://a.espncdn.com/i/headshots/womens-college-basketball/players/full/5311550.png,4,4,79,19.75,27,6.75,13.67,12,3,6.08,7,1.75,3.54,5,1.25,2.53,15,3.75,7.59,3,0.75,1.52,0,0,0,9,2.25,4.56,0.52,0.43,0.33,0.67,0.14,0.6,0.6,0.18,0.32,0.29,0.11,0.08,0.35,0.87,0.91,0.98,0.28,0.97,0.94,0.13,0.91,0.11,0.34,0.22,0.21,0.53,0.5,0.17,1.18,0.17,0.04,0.13,0.34,0.78,0.41,0.24,0.56,0.48,0.49,0.6,0.53,0.6,0.65,0.58,0.44,0.49,0.5,0.53
2026,5311551,Addi Mack,Maryland,G,Guard,https://a.espncdn.com/i/headshots/womens-college-basketball/players/full/5311551.png,31,26,839,27.06,340,10.97,16.21,91,2.94,4.34,20,0.65,0.95,71,2.29,3.38,68,2.19,3.24,33,1.06,1.57,4,0.13,0.19,51,1.65,2.43,0.42,0.3,0.29,0.86,0.26,0.46,0.52,0.21,0.14,0.13,0.03,0.11,0.51,0.37,0.3,0.39,0.45,0.25,0.39,0.4,0.22,0.81,0.3,0.61,0.21,0.53,0.5,0.17,1.18,0.17,0.04,0.13,0.34,0.78,0.41,0.24,0.56,0.48,0.49,0.6,0.53,0.6,0.65,0.58,0.44,0.49,0.5,0.53
2026,5311552,Marya Boiko,Maryland,F,Forward,https://a.espncdn.com/i/headshots/womens-college-basketball/players/full/5311552.png,28,0,374,13.36,93,3.32,9.95,71,2.54,7.59,26,0.93,2.78,45,1.61,4.81,27,0.96,2.89,14,0.5,1.5,20,0.71,2.14,29,1.04,3.1,0.43,0,0.02,0.88,0.32,0.43,0.5,0.15,0.11,0.24,0.09,0.15,0.11,0.18,0.06,0.7,0.41,0.85,0.34,0.23,0.02,0.99,0.42,0.5,0.22,0.55,0.52,0.09,0.75,0.17,0.11,0.19,0.33,0.68,0.17,0.34,0.43,0.38,0.42,0.47,0.63,0.52,0.5,0.54,0.37,0.48,0.57,0.58
2026,5311553,Nicole Fritea,Maryland,F,Forward,https://a.espncdn.com/i/headshots/womens-college-basketball/players/full/5311553.png,12,0,54,4.5,12,1,8.89,11,0.92,8.15,4,0.33,2.96,7,0.58,5.19,1,0.08,0.74,1,0.08,0.74,4,0.33,2.96,3,0.25,2.22,0.5,1,0.12,0.5,0.75,0.56,0.56,0.11,0.03,0.22,0.09,0.16,0.03,0.53,0.83,0.05,0.02,0.81,0.34,0.31,1,0.09,0.51,0.99,0.22,0.55,0.52,0.09,0.75,0.17,0.11,0.19,0.33,0.68,0.17,0.34,0.43,0.38,0.42,0.47,0.63,0.52,0.5,0.54,0.37,0.48,0.57,0.58
2026,5311555,Jessica Fields,Michigan,F,Forward,https://a.espncdn.com/i/headshots/womens-college-basketball/players/full/5311555.png,17,0,50,2.94,17,1,13.6,13,0.76,10.4,5,0.29,4,8,0.47,6.4,3,0.18,2.4,5,0.29,4,3,0.18,2.4,4,0.24,3.2,0.5,NA,0,0.33,0.64,0.5,0.47,0.2,0.1,0.18,0.12,0.21,0.25,0.06,0.27,0.51,0.13,0.6,0.56,0.63,NA,0.01,0.14,0.98,0.22,0.55,0.52,0.09,0.75,0.17,0.11,0.19,0.33,0.68,0.17,0.34,0.43,0.38,0.42,0.47,0.63,0.52,0.5,0.54,0.37,0.48,0.57,0.58
2026,5311556,Ciara Byars,Michigan,F,Forward,https://a.espncdn.com/i/headshots/womens-college-basketball/players/full/5311556.png,15,0,50,3.33,27,1.8,21.6,15,1,12,9,0.6,7.2,6,0.4,4.8,2,0.13,1.6,1,0.07,0.8,1,0.07,0.8,5,0.33,4,0.5,NA,0,0.53,0.94,0.5,0.53,0.28,0.07,0.16,0.22,0.16,0.91,0.26,0.27,0.28,0.02,0.47,0.97,0.24,NA,0.11,0.15,1,0.22,0.55,0.52,0.09,0.75,0.17,0.11,0.19,0.33,0.68,0.17,0.34,0.43,0.38,0.42,0.47,0.63,0.52,0.5,0.54,0.37,0.48,0.57,0.58
2026,5311557,McKenzie Mathurin,Michigan,G,Guard,https://a.espncdn.com/i/headshots/womens-college-basketball/players/full/5311557.png,25,0,224,8.96,88,3.52,15.71,18,0.72,3.21,5,0.2,0.89,13,0.52,2.32,12,0.48,2.14,13,0.52,2.32,3,0.12,0.54,24,0.96,4.29,0.46,0.39,0.57,0.84,0.3,0.57,0.62,0.19,0.08,0.25,0.03,0.08,0.43,0.9,0.86,0.1,0.13,0.93,0.36,0.1,0.76,0.76,0.84,0.75,0.21,0.53,0.5,0.17,1.18,0.17,0.04,0.13,0.34,0.78,0.41,0.24,0.56,0.48,0.49,0.6,0.53,0.6,0.65,0.58,0.44,0.49,0.5,0.53
2026,5311564,Sara Sambolic,Michigan St,G,Guard,https://a.espncdn.com/i/headshots/womens-college-basketball/players/full/5311564.png,22,4,205,9.32,51,2.32,9.95,19,0.86,3.71,6,0.27,1.17,13,0.59,2.54,16,0.73,3.12,6,0.27,1.17,0,0,0,9,0.41,1.76,0.34,0.29,0.49,0.79,0.8,0.41,0.54,0.13,0.11,0.16,0.04,0.09,0.05,0.49,0.09,0.22,0.03,0.51,0.48,0.18,0.18,0.49,0.61,1,0.21,0.53,0.5,0.17,1.18,0.17,0.04,0.13,0.34,0.78,0.41,0.24,0.56,0.48,0.49,0.6,0.53,0.6,0.65,0.58,0.44,0.49,0.5,0.53
2026,5311565,Amy Terrian,Michigan St,G,Guard,https://a.espncdn.com/i/headshots/womens-college-basketball/players/full/5311565.png,22,0,240,10.91,87,3.95,14.5,20,0.91,3.33,5,0.23,0.83,15,0.68,2.5,21,0.95,3.5,12,0.55,2,0,0,0,5,0.23,0.83,0.44,0.44,0.9,NA,0,0.64,0.64,0.14,0.14,0.07,0.03,0.08,0.11,0.94,0.98,0.39,0.15,0.02,0.35,0.16,0.96,NA,0.98,0,0.21,0.53,0.5,0.17,1.18,0.17,0.04,0.13,0.34,0.78,0.41,0.24,0.56,0.48,0.49,0.6,0.53,0.6,0.65,0.58,0.44,0.49,0.5,0.53
2026,5311566,Anna Terrian,Michigan St,G,Guard,https://a.espncdn.com/i/headshots/womens-college-basketball/players/full/5311566.png,9,0,45,5,9,1,8,8,0.89,7.11,4,0.44,3.56,4,0.44,3.56,3,0.33,2.67,2,0.22,1.78,0,0,0,1,0.11,0.89,0.3,0.3,1,NA,0,0.45,0.45,0.12,0.1,0.09,0.11,0.12,0.03,0.07,0.22,0.13,0.03,0.02,0.94,0.51,0.22,NA,1,0,0.21,0.53,0.5,0.17,1.18,0.17,0.04,0.13,0.34,0.78,0.41,0.24,0.56,0.48,0.49,0.6,0.53,0.6,0.65,0.58,0.44,0.49,0.5,0.53
2026,5311569,Zoey Bershers,Minnesota,C,Center,https://a.espncdn.com/i/headshots/womens-college-basketball/players/full/5311569.png,12,0,25,2.08,6,0.5,9.6,4,0.33,6.4,1,0.08,1.6,3,0.25,4.8,2,0.17,3.2,0,0,0,2,0.17,3.2,0,0,0,0.29,0.29,1,NA,0,0.43,0.43,0.14,0.13,0,0.05,0.16,0,0,0.01,0.5,0.01,0,0.01,0.09,1,NA,1,0,0.25,0.6,0.58,0.13,0.73,0.17,0.13,0.21,0.19,0.66,0.03,0.29,0.54,0.71,0.72,0.53,0.53,0.65,0.53,0.49,0.33,0.56,0.79,0.71
2026,5311570,Makena Christian,Minnesota,G,Guard,https://a.espncdn.com/i/headshots/womens-college-basketball/players/full/5311570.png,29,0,311,10.72,103,3.55,13.25,30,1.03,3.86,9,0.31,1.16,21,0.72,2.7,13,0.45,1.67,12,0.41,1.54,0,0,0,6,0.21,0.77,0.38,0.35,0.79,0.73,0.26,0.52,0.55,0.16,0.07,0.06,0.04,0.09,0.18,0.61,0.61,0.05,0.07,0.01,0.48,0.22,0.51,0.24,0.96,0.62,0.21,0.53,0.5,0.17,1.18,0.17,0.04,0.13,0.34,0.78,0.41,0.24,0.56,0.48,0.49,0.6,0.53,0.6,0.65,0.58,0.44,0.49,0.5,0.53
2026,5311590,Alanna Neale,Nebraska,G,Guard,https://a.espncdn.com/i/headshots/womens-college-basketball/players/full/5311590.png,8,0,41,5.12,10,1.25,9.76,2,0.25,1.95,0,0,0,2,0.25,1.95,1,0.12,0.98,1,0.12,0.98,0,0,0,3,0.38,2.93,0.44,0.25,0.44,1,0.11,0.5,0.53,0.15,0.04,0.24,0,0.07,0.14,0.46,0.56,0.01,0.01,0.92,0.01,0.06,0.08,1,0.53,0.11,0.21,0.53,0.5,0.17,1.18,0.17,0.04,0.13,0.34,0.78,0.41,0.24,0.56,0.48,0.49,0.6,0.53,0.6,0.65,0.58,0.44,0.49,0.5,0.53
2026,5311593,Sandra Moreno,Northwestern,F,Forward,https://a.espncdn.com/i/headshots/womens-college-basketball/players/full/5311593.png,9,0,23,2.56,0,0,0,5,0.56,8.7,1,0.11,1.74,4,0.44,6.96,1,0.11,1.74,1,0.11,1.74,0,0,0,4,0.44,6.96,0,NA,0,0,2,0,0,0.13,0.07,0.68,0.06,0.22,0.06,0,0,0.29,0.02,1,0.07,0.69,NA,0,0.15,1,0.22,0.55,0.52,0.09,0.75,0.17,0.11,0.19,0.33,0.68,0.17,0.34,0.43,0.38,0.42,0.47,0.63,0.52,0.5,0.54,0.37,0.48,0.57,0.58
2026,5311594,Angelina Hodgens,Northwestern,G,Guard,https://a.espncdn.com/i/headshots/womens-college-basketball/players/full/5311594.png,16,0,105,6.56,27,1.69,10.29,15,0.94,5.71,5,0.31,1.9,10,0.62,3.81,6,0.38,2.29,6,0.38,2.29,0,0,0,10,0.62,3.81,0.22,0.17,0.5,0.8,0.28,0.26,0.33,0.24,0.11,0.2,0.06,0.12,0.75,0.01,0,0.2,0.05,0.79,0.79,0.51,0.02,0.52,0.67,0.68,0.21,0.53,0.5,0.17,1.18,0.17,0.04,0.13,0.34,0.78,0.41,0.24,0.56,0.48,0.49,0.6,0.53,0.6,0.65,0.58,0.44,0.49,0.5,0.53
2026,5311595,Sammy White,Northwestern,G,Guard,https://a.espncdn.com/i/headshots/womens-college-basketball/players/full/5311595.png,4,1,9,2.25,0,0,0,0,0,0,0,0,0,0,0,0,0,0,0,1,0.25,4.44,0,0,0,0,0,0,0,0,1,NA,0,0,0,0.11,0,0,0,0,0.02,0,0,0,0.03,0,0.01,0,0,NA,1,0,0.21,0.53,0.5,0.17,1.18,0.17,0.04,0.13,0.34,0.78,0.41,0.24,0.56,0.48,0.49,0.6,0.53,0.6,0.65,0.58,0.44,0.49,0.5,0.53
2026,5311596,Amparo López,Northwestern,G,Guard,https://a.espncdn.com/i/headshots/womens-college-basketball/players/full/5311596.png,20,0,101,5.05,19,0.95,7.52,10,0.5,3.96,2,0.1,0.79,8,0.4,3.17,8,0.4,3.17,2,0.1,0.79,0,0,0,12,0.6,4.75,0.33,0.2,0.56,0.83,0.33,0.39,0.46,0.16,0.14,0.37,0.03,0.1,0.18,0.12,0.06,0.43,0.01,0.99,0.35,0.32,0.03,0.73,0.82,0.85,0.21,0.53,0.5,0.17,1.18,0.17,0.04,0.13,0.34,0.78,0.41,0.24,0.56,0.48,0.49,0.6,0.53,0.6,0.65,0.58,0.44,0.49,0.5,0.53
2026,5311597,Dasha Biriuk,Ohio State,G,Guard,https://a.espncdn.com/i/headshots/womens-college-basketball/players/full/5311597.png,20,0,147,7.35,65,3.25,17.69,24,1.2,6.53,5,0.25,1.36,19,0.95,5.17,8,0.4,2.18,7,0.35,1.9,3,0.15,0.82,14,0.7,3.81,0.46,0.34,0.64,0.89,0.18,0.57,0.6,0.21,0.09,0.21,0.04,0.16,0.58,0.87,0.85,0.13,0.04,0.81,0.55,0.79,0.45,0.9,0.88,0.36,0.21,0.53,0.5,0.17,1.18,0.17,0.04,0.13,0.34,0.78,0.41,0.24,0.56,0.48,0.49,0.6,0.53,0.6,0.65,0.58,0.44,0.49,0.5,0.53
2026,5311598,Bryn Martin,Ohio State,G,Guard,https://a.espncdn.com/i/headshots/womens-college-basketball/players/full/5311598.png,34,0,481,14.15,133,3.91,11.06,48,1.41,3.99,7,0.21,0.58,41,1.21,3.41,33,0.97,2.74,25,0.74,2.08,10,0.29,0.83,18,0.53,1.5,0.44,0.37,0.58,1,0.03,0.55,0.56,0.13,0.11,0.13,0.02,0.1,0.07,0.65,0.76,0.2,0.28,0.18,0.19,0.39,0.67,1,0.85,0.01,0.21,0.53,0.5,0.17,1.18,0.17,0.04,0.13,0.34,0.78,0.41,0.24,0.56,0.48,0.49,0.6,0.53,0.6,0.65,0.58,0.44,0.49,0.5,0.53
2026,5311616,Janiyah Williams,Oregon,G,Guard,https://a.espncdn.com/i/headshots/womens-college-basketball/players/full/5311616.png,27,0,201,7.44,78,2.89,15.52,16,0.59,3.18,4,0.15,0.8,12,0.44,2.39,4,0.15,0.8,11,0.41,2.19,1,0.04,0.2,6,0.22,1.19,0.46,0.41,0.44,0.73,0.25,0.55,0.58,0.18,0.04,0.08,0.03,0.07,0.35,0.72,0.78,0,0.06,0.02,0.35,0.1,0.84,0.28,0.52,0.57,0.21,0.53,0.5,0.17,1.18,0.17,0.04,0.13,0.34,0.78,0.41,0.24,0.56,0.48,0.49,0.6,0.53,0.6,0.65,0.58,0.44,0.49,0.5,0.53
2026,5311617,Sara Barhoum,Oregon,G,Guard,https://a.espncdn.com/i/headshots/womens-college-basketball/players/full/5311617.png,13,0,65,5,12,0.92,7.38,4,0.31,2.46,0,0,0,4,0.31,2.46,2,0.15,1.23,2,0.15,1.23,1,0.08,0.62,0,0,0,0.25,0.27,0.94,NA,0,0.38,0.38,0.12,0.05,0,0,0.08,0.03,0.03,0.05,0.02,0.02,0,0.01,0.12,0.09,NA,1,0.01,0.21,0.53,0.5,0.17,1.18,0.17,0.04,0.13,0.34,0.78,0.41,0.24,0.56,0.48,0.49,0.6,0.53,0.6,0.65,0.58,0.44,0.49,0.5,0.53
2026,5311696,Viktoria Ranisavljevic,Penn State,G,Guard,https://a.espncdn.com/i/headshots/womens-college-basketball/players/full/5311696.png,26,9,432,16.62,120,4.62,11.11,38,1.46,3.52,11,0.42,1.02,27,1.04,2.5,42,1.62,3.89,19,0.73,1.76,1,0.04,0.09,39,1.5,3.61,0.38,0.35,0.53,0.74,0.39,0.47,0.52,0.16,0.15,0.25,0.03,0.07,0.22,0.42,0.33,0.52,0.27,0.94,0.44,0.1,0.48,0.29,0.74,0.88,0.21,0.53,0.5,0.17,1.18,0.17,0.04,0.13,0.34,0.78,0.41,0.24,0.56,0.48,0.49,0.6,0.53,0.6,0.65,0.58,0.44,0.49,0.5,0.53
2026,5311697,Nyla McFadden,Penn State,G,Guard,https://a.espncdn.com/i/headshots/womens-college-basketball/players/full/5311697.png,28,8,388,13.86,126,4.5,12.99,80,2.86,8.25,16,0.57,1.65,64,2.29,6.6,27,0.96,2.78,16,0.57,1.65,2,0.07,0.21,30,1.07,3.09,0.47,0.34,0.33,0.82,0.29,0.53,0.58,0.17,0.12,0.22,0.05,0.2,0.25,0.72,0.68,0.23,0.15,0.85,0.69,0.93,0.45,0.64,0.34,0.71,0.21,0.53,0.5,0.17,1.18,0.17,0.04,0.13,0.34,0.78,0.41,0.24,0.56,0.48,0.49,0.6,0.53,0.6,0.65,0.58,0.44,0.49,0.5,0.53
2026,5311698,Tea Cleante,Penn State,G,Guard,https://a.espncdn.com/i/headshots/womens-college-basketball/players/full/5311698.png,28,24,862,30.79,244,8.71,11.32,45,1.61,2.09,12,0.43,0.56,33,1.18,1.53,80,2.86,3.71,46,1.64,2.13,5,0.18,0.23,61,2.18,2.83,0.41,0.3,0.51,0.61,0.17,0.48,0.5,0.16,0.15,0.2,0.02,0.05,0.22,0.27,0.4,0.51,0.82,0.8,0.22,0.02,0.23,0.03,0.69,0.31,0.21,0.53,0.5,0.17,1.18,0.17,0.04,0.13,0.34,0.78,0.41,0.24,0.56,0.48,0.49,0.6,0.53,0.6,0.65,0.58,0.44,0.49,0.5,0.53
2026,5311699,Shayla Smith,Penn State,G,Guard,https://a.espncdn.com/i/headshots/womens-college-basketball/players/full/5311699.png,20,2,198,9.9,51,2.55,10.3,52,2.6,10.51,11,0.55,2.22,41,2.05,8.28,17,0.85,3.43,12,0.6,2.42,1,0.05,0.2,17,0.85,3.43,0.36,0.12,0.25,0.25,0.06,0.37,0.37,0.2,0.14,0.2,0.07,0.25,0.48,0.02,0.05,0.43,0.19,0.79,0.87,0.95,0.01,0,0.26,0.03,0.21,0.53,0.5,0.17,1.18,0.17,0.04,0.13,0.34,0.78,0.41,0.24,0.56,0.48,0.49,0.6,0.53,0.6,0.65,0.58,0.44,0.49,0.5,0.53
2026,5311700,Rachael Okokoh,Penn State,F,Forward,https://a.espncdn.com/i/headshots/womens-college-basketball/players/full/5311700.png,24,0,150,6.25,28,1.17,7.47,40,1.67,10.67,15,0.62,4,25,1.04,6.67,4,0.17,1.07,6,0.25,1.6,6,0.25,1.6,11,0.46,2.93,0.45,NA,0,0.59,0.85,0.45,0.51,0.12,0.04,0.29,0.13,0.2,0.04,0.18,0.1,0.06,0.11,0.96,0.75,0.59,NA,0.27,0.15,0.99,0.22,0.55,0.52,0.09,0.75,0.17,0.11,0.19,0.33,0.68,0.17,0.34,0.43,0.38,0.42,0.47,0.63,0.52,0.5,0.54,0.37,0.48,0.57,0.58
2026,5311736,Hila Karsh,Purdue,G,Guard,https://a.espncdn.com/i/headshots/womens-college-basketball/players/full/5311736.png,30,15,778,25.93,206,6.87,10.59,58,1.93,2.98,10,0.33,0.51,48,1.6,2.47,71,2.37,3.65,21,0.7,1.08,2,0.07,0.1,48,1.6,2.47,0.36,0.3,0.49,0.94,0.07,0.43,0.45,0.18,0.17,0.17,0.02,0.08,0.31,0.08,0.15,0.62,0.26,0.63,0.19,0.16,0.25,1,0.64,0.04,0.21,0.53,0.5,0.17,1.18,0.17,0.04,0.13,0.34,0.78,0.41,0.24,0.56,0.48,0.49,0.6,0.53,0.6,0.65,0.58,0.44,0.49,0.5,0.53
2026,5311737,Carley Barrett,Purdue,G,Guard,https://a.espncdn.com/i/headshots/womens-college-basketball/players/full/5311737.png,5,0,7,1.4,5,1,28.57,0,0,0,0,0,0,0,0,0,0,0,0,1,0.2,5.71,0,0,0,0,0,0,0.67,0.5,0.67,NA,0,0.83,0.83,0.21,0,0,0,0,0.56,1,1,0,0.03,0,0.01,0,1,NA,0.91,0.01,0.21,0.53,0.5,0.17,1.18,0.17,0.04,0.13,0.34,0.78,0.41,0.24,0.56,0.48,0.49,0.6,0.53,0.6,0.65,0.58,0.44,0.49,0.5,0.53
2026,5311739,Avery Gordon,Purdue,F,Forward,https://a.espncdn.com/i/headshots/womens-college-basketball/players/full/5311739.png,27,3,235,8.7,126,4.67,21.45,56,2.07,9.53,23,0.85,3.91,33,1.22,5.62,4,0.15,0.68,9,0.33,1.53,17,0.63,2.89,13,0.48,2.21,0.53,NA,0,0.59,0.38,0.53,0.55,0.27,0.04,0.1,0.13,0.19,0.91,0.38,0.6,0.07,0.19,0.11,0.75,0.54,NA,0.28,0.16,0.65,0.22,0.55,0.52,0.09,0.75,0.17,0.11,0.19,0.33,0.68,0.17,0.34,0.43,0.38,0.42,0.47,0.63,0.52,0.5,0.54,0.37,0.48,0.57,0.58
2026,5311741,Makylah Moore,Rutgers,G,Guard,https://a.espncdn.com/i/headshots/womens-college-basketball/players/full/5311741.png,13,0,45,3.46,12,0.92,10.67,10,0.77,8.89,3,0.23,2.67,7,0.54,6.22,0,0,0,1,0.08,0.89,0,0,0,2,0.15,1.78,0.29,0,0.29,0.44,0.64,0.29,0.33,0.22,0,0.1,0.08,0.19,0.67,0.01,0.01,0,0,0.04,0.89,0.92,0,0.01,0.28,1,0.21,0.53,0.5,0.17,1.18,0.17,0.04,0.13,0.34,0.78,0.41,0.24,0.56,0.48,0.49,0.6,0.53,0.6,0.65,0.58,0.44,0.49,0.5,0.53
2026,5311742,Precious Gem Wheeler,Rutgers,F,Forward,https://a.espncdn.com/i/headshots/womens-college-basketball/players/full/5311742.png,25,0,154,6.16,11,0.44,2.86,36,1.44,9.35,10,0.4,2.6,26,1.04,6.75,3,0.12,0.78,1,0.04,0.26,5,0.2,1.3,14,0.56,3.64,0.29,NA,0,0.11,0.53,0.29,0.26,0.11,0.04,0.4,0.08,0.21,0.03,0.01,0.01,0.06,0.01,1,0.28,0.66,NA,0,0.16,0.92,0.22,0.55,0.52,0.09,0.75,0.17,0.11,0.19,0.33,0.68,0.17,0.34,0.43,0.38,0.42,0.47,0.63,0.52,0.5,0.54,0.37,0.48,0.57,0.58
2026,5311744,Christina Karamouzi,UCLA,G,Guard,https://a.espncdn.com/i/headshots/womens-college-basketball/players/full/5311744.png,24,0,71,2.96,13,0.54,7.32,8,0.33,4.51,2,0.08,1.13,6,0.25,3.38,2,0.08,1.13,2,0.08,1.13,0,0,0,2,0.08,1.13,0.31,0.3,0.77,0.67,0.23,0.42,0.45,0.11,0.04,0.12,0.04,0.1,0.02,0.1,0.12,0.01,0.01,0.12,0.57,0.32,0.22,0.11,0.95,0.51,0.21,0.53,0.5,0.17,1.18,0.17,0.04,0.13,0.34,0.78,0.41,0.24,0.56,0.48,0.49,0.6,0.53,0.6,0.65,0.58,0.44,0.49,0.5,0.53
2026,5311745,Lena Bilic,UCLA,G,Guard,https://a.espncdn.com/i/headshots/womens-college-basketball/players/full/5311745.png,32,0,400,12.5,99,3.09,9.9,46,1.44,4.6,18,0.56,1.8,28,0.88,2.8,21,0.66,2.1,13,0.41,1.3,9,0.28,0.9,5,0.16,0.5,0.36,0.27,0.68,1,0.03,0.45,0.46,0.14,0.07,0.04,0.06,0.08,0.08,0.11,0.21,0.06,0.06,0.01,0.83,0.15,0.15,1,0.92,0.01,0.21,0.53,0.5,0.17,1.18,0.17,0.04,0.13,0.34,0.78,0.41,0.24,0.56,0.48,0.49,0.6,0.53,0.6,0.65,0.58,0.44,0.49,0.5,0.53
2026,5311746,Sienna Betts,UCLA,F,Forward,https://a.espncdn.com/i/headshots/womens-college-basketball/players/full/5311746.png,28,0,396,14.14,168,6,16.97,113,4.04,11.41,42,1.5,4.24,71,2.54,7.17,29,1.04,2.93,14,0.5,1.41,12,0.43,1.21,30,1.07,3.03,0.53,0.1,0.07,0.51,0.3,0.53,0.54,0.23,0.12,0.16,0.15,0.21,0.51,0.34,0.62,0.8,0.43,0.44,0.86,0.68,0.03,0.1,0.47,0.47,0.22,0.55,0.52,0.09,0.75,0.17,0.11,0.19,0.33,0.68,0.17,0.34,0.43,0.38,0.42,0.47,0.63,0.52,0.5,0.54,0.37,0.48,0.57,0.58
2026,5311753,Gerda Raulusaityte,USC,F,Forward,https://a.espncdn.com/i/headshots/womens-college-basketball/players/full/5311753.png,32,10,432,13.5,70,2.19,6.48,88,2.75,8.15,40,1.25,3.7,48,1.5,4.44,26,0.81,2.41,8,0.25,0.74,6,0.19,0.56,25,0.78,2.31,0.48,0,0.02,0.65,0.6,0.48,0.53,0.1,0.1,0.28,0.11,0.14,0.02,0.32,0.18,0.61,0.12,0.95,0.49,0.17,0.02,0.35,0.37,0.98,0.22,0.55,0.52,0.09,0.75,0.17,0.11,0.19,0.33,0.68,0.17,0.34,0.43,0.38,0.42,0.47,0.63,0.52,0.5,0.54,0.37,0.48,0.57,0.58
2026,5311754,Jazzy Davidson,USC,G,Guard,https://a.espncdn.com/i/headshots/womens-college-basketball/players/full/5311754.png,32,32,1106,34.56,574,17.94,20.76,179,5.59,6.47,40,1.25,1.45,139,4.34,5.03,132,4.12,4.77,64,2,2.31,63,1.97,2.28,96,3,3.47,0.4,0.3,0.37,0.73,0.21,0.45,0.49,0.3,0.27,0.14,0.04,0.16,0.93,0.24,0.24,0.89,0.94,0.29,0.63,0.75,0.2,0.27,0.45,0.47,0.21,0.53,0.5,0.17,1.18,0.17,0.04,0.13,0.34,0.78,0.41,0.24,0.56,0.48,0.49,0.6,0.53,0.6,0.65,0.58,0.44,0.49,0.5,0.53
2026,5311756,Brynn McGaughy,Washington,F,Forward,https://a.espncdn.com/i/headshots/womens-college-basketball/players/full/5311756.png,33,10,696,21.09,307,9.3,17.64,142,4.3,8.16,64,1.94,3.68,78,2.36,4.48,38,1.15,2.18,12,0.36,0.69,34,1.03,1.95,51,1.55,2.93,0.48,0.19,0.1,0.7,0.22,0.49,0.52,0.25,0.11,0.15,0.12,0.14,0.69,0.22,0.22,0.76,0.24,0.4,0.66,0.2,0.06,0.54,0.51,0.23,0.22,0.55,0.52,0.09,0.75,0.17,0.11,0.19,0.33,0.68,0.17,0.34,0.43,0.38,0.42,0.47,0.63,0.52,0.5,0.54,0.37,0.48,0.57,0.58
2026,5311757,Nina Cain,Washington,F,Forward,https://a.espncdn.com/i/headshots/womens-college-basketball/players/full/5311757.png,9,0,43,4.78,6,0.67,5.58,8,0.89,7.44,4,0.44,3.72,4,0.44,3.72,0,0,0,2,0.22,1.86,0,0,0,4,0.44,3.72,0.67,NA,0,0.5,1.33,0.67,0.63,0.1,0,0.46,0.12,0.12,0.02,0.96,1,0.01,0.08,1,0.66,0.1,NA,0.09,0.16,1,0.22,0.55,0.52,0.09,0.75,0.17,0.11,0.19,0.33,0.68,0.17,0.34,0.43,0.38,0.42,0.47,0.63,0.52,0.5,0.54,0.37,0.48,0.57,0.58
2026,5311758,Sienna Harvey,Washington,G,Guard,https://a.espncdn.com/i/headshots/womens-college-basketball/players/full/5311758.png,25,0,274,10.96,98,3.92,14.31,44,1.76,6.42,11,0.44,1.61,33,1.32,4.82,19,0.76,2.77,4,0.16,0.58,0,0,0,37,1.48,5.4,0.43,0.35,0.19,0.73,0.25,0.47,0.5,0.25,0.13,0.27,0.05,0.15,0.77,0.3,0.31,0.33,0.02,0.96,0.7,0.71,0.57,0.25,0.14,0.58,0.21,0.53,0.5,0.17,1.18,0.17,0.04,0.13,0.34,0.78,0.41,0.24,0.56,0.48,0.49,0.6,0.53,0.6,0.65,0.58,0.44,0.49,0.5,0.53
2026,5311768,Nikki Kerstein,Wisconsin,PG,Guard,https://a.espncdn.com/i/headshots/womens-college-basketball/players/full/5311768.png,23,0,181,7.87,18,0.78,3.98,12,0.52,2.65,3,0.13,0.66,9,0.39,1.99,17,0.74,3.76,4,0.17,0.88,1,0.04,0.22,17,0.74,3.76,0.24,0.15,0.45,1,0.07,0.28,0.3,0.13,0.16,0.36,0.02,0.07,0.06,0,0.01,0.56,0.03,0.99,0.28,0.06,0.02,1,0.54,0.03,0.21,0.53,0.5,0.17,1.18,0.17,0.04,0.13,0.34,0.78,0.41,0.24,0.56,0.48,0.49,0.6,0.53,0.6,0.65,0.58,0.44,0.49,0.5,0.53
2026,5311769,Dorja Iva Zaja,Wisconsin,C,Center,https://a.espncdn.com/i/headshots/womens-college-basketball/players/full/5311769.png,33,4,432,13.09,175,5.3,16.2,86,2.61,7.96,30,0.91,2.78,56,1.7,5.19,24,0.73,2.22,11,0.33,1.02,28,0.85,2.59,55,1.67,5.09,0.56,0.25,0.03,0.8,0.22,0.56,0.59,0.24,0.12,0.27,0.09,0.17,0.34,0.49,0.49,0.49,0.3,1,0.3,0.27,0.89,1,0.83,0.18,0.25,0.6,0.58,0.13,0.73,0.17,0.13,0.21,0.19,0.66,0.03,0.29,0.54,0.71,0.72,0.53,0.53,0.65,0.53,0.49,0.33,0.56,0.79,0.71
